variant,place_thresh,cancel_buffer,max_pos,max_back_levels,order_decrease_coef,cross_thresh,cross_limit_maxpos_frac,premium_ema_coef,pred_momentum_coef,curv_impulse_coef,per_order_widen_frac,avg_pnl,avg_closed_pnl,avg_comm,sharpe,num_trds,sim_score
0,0.000175,0.1,80,4,0.2,0.0015,0.1,0,0,0,0.25,784.72,802.59,17.87,1.88,770,1941.27
1,0.000225,0.1,80,4,0.2,0.0015,0.1,0,0,0,0.25,779.70,795.53,15.82,1.74,675,1815.67
2,0.00025,0.1,80,4,0.2,0.0015,0.1,0,0,0,0.25,749.17,765.13,15.96,1.65,658,1690.15
3,0.0003,0.1,80,4,0.2,0.0015,0.1,0,0,0,0.25,788.02,803.15,15.12,1.74,617,1792.34
4,0.000175,0.1,80,8,0.2,0.0015,0.1,0,0,0,0.25,840.27,857.79,17.52,1.72,751,2035.10
5,0.000225,0.1,80,8,0.2,0.0015,0.1,0,0,0,0.25,799.51,815.97,16.46,2.07,693,1948.27
6,0.00025,0.1,80,8,0.2,0.0015,0.1,0,0,0,0.25,747.46,763.20,15.74,2.04,661,1856.22
7,0.0003,0.1,80,8,0.2,0.0015,0.1,0,0,0,0.25,755.01,770.20,15.19,1.83,610,1837.02
8,0.000175,0.1,80,4,0.5,0.0015,0.1,0,0,0,0.25,774.53,792.54,18.01,1.89,797,1858.67
9,0.000225,0.1,80,4,0.5,0.0015,0.1,0,0,0,0.25,776.60,793.34,16.75,1.86,706,1888.22
10,0.00025,0.1,80,4,0.5,0.0015,0.1,0,0,0,0.25,800.05,816.47,16.42,1.90,688,1910.40
11,0.0003,0.1,80,4,0.5,0.0015,0.1,0,0,0,0.25,742.97,758.77,15.79,1.58,646,1643.19
12,0.000175,0.1,80,8,0.5,0.0015,0.1,0,0,0,0.25,778.38,796.17,17.79,2.22,784,2019.03
13,0.000225,0.1,80,8,0.5,0.0015,0.1,0,0,0,0.25,809.18,825.98,16.80,1.80,715,1963.68
14,0.00025,0.1,80,8,0.5,0.0015,0.1,0,0,0,0.25,778.43,794.80,16.36,1.56,691,1702.20
15,0.0003,0.1,80,8,0.5,0.0015,0.1,0,0,0,0.25,785.12,801.27,16.14,1.99,647,1989.78
16,0.000175,0.1,80,4,0.7,0.0015,0.1,0,0,0,0.25,777.09,794.97,17.88,2.02,790,1852.44
17,0.000225,0.1,80,4,0.7,0.0015,0.1,0,0,0,0.25,807.06,824.26,17.20,1.82,741,1928.86
18,0.00025,0.1,80,4,0.7,0.0015,0.1,0,0,0,0.25,794.32,811.07,16.75,1.82,707,1971.45
19,0.0003,0.1,80,4,0.7,0.0015,0.1,0,0,0,0.25,835.91,851.91,16.00,1.84,668,2006.45
20,0.000175,0.1,80,8,0.7,0.0015,0.1,0,0,0,0.25,849.68,867.84,18.16,2.21,802,2127.61
21,0.000225,0.1,80,8,0.7,0.0015,0.1,0,0,0,0.25,783.93,800.75,16.82,1.95,728,1903.25
22,0.00025,0.1,80,8,0.7,0.0015,0.1,0,0,0,0.25,827.23,843.73,16.50,1.87,704,2040.49
23,0.0003,0.1,80,8,0.7,0.0015,0.1,0,0,0,0.25,773.37,789.29,15.91,1.90,656,1933.86
24,0.000175,0.1,80,4,0.2,0.003,0.1,0,0,0,0.25,520.21,530.03,9.82,1.28,599,1091.43
25,0.000225,0.1,80,4,0.2,0.003,0.1,0,0,0,0.25,514.41,523.17,8.77,1.36,530,1026.58
26,0.00025,0.1,80,4,0.2,0.003,0.1,0,0,0,0.25,486.69,495.12,8.42,1.23,512,876.63
27,0.0003,0.1,80,4,0.2,0.003,0.1,0,0,0,0.25,492.67,500.24,7.57,1.47,461,957.10
28,0.000175,0.1,80,8,0.2,0.003,0.1,0,0,0,0.25,483.21,493.00,9.79,1.40,595,1051.16
29,0.000225,0.1,80,8,0.2,0.003,0.1,0,0,0,0.25,490.74,499.58,8.84,1.45,539,964.87
30,0.00025,0.1,80,8,0.2,0.003,0.1,0,0,0,0.25,509.62,517.99,8.37,1.28,509,977.54
31,0.0003,0.1,80,8,0.2,0.003,0.1,0,0,0,0.25,513.19,520.63,7.44,1.34,454,908.92
32,0.000175,0.1,80,4,0.5,0.003,0.1,0,0,0,0.25,537.03,547.29,10.27,1.45,631,1049.68
33,0.000225,0.1,80,4,0.5,0.003,0.1,0,0,0,0.25,500.80,509.95,9.15,1.32,557,999.64
34,0.00025,0.1,80,4,0.5,0.003,0.1,0,0,0,0.25,525.44,534.39,8.95,1.43,542,1029.42
35,0.0003,0.1,80,4,0.5,0.003,0.1,0,0,0,0.25,490.70,498.79,8.09,1.36,493,886.05
36,0.000175,0.1,80,8,0.5,0.003,0.1,0,0,0,0.25,537.43,547.75,10.33,1.44,628,1102.72
37,0.000225,0.1,80,8,0.5,0.003,0.1,0,0,0,0.25,554.57,563.74,9.17,1.24,561,1070.99
38,0.00025,0.1,80,8,0.5,0.003,0.1,0,0,0,0.25,532.01,540.74,8.73,1.19,532,949.95
39,0.0003,0.1,80,8,0.5,0.003,0.1,0,0,0,0.25,482.26,490.22,7.96,1.22,486,932.33
40,0.000175,0.1,80,4,0.7,0.003,0.1,0,0,0,0.25,524.08,534.63,10.55,1.34,646,1047.93
41,0.000225,0.1,80,4,0.7,0.003,0.1,0,0,0,0.25,514.52,523.98,9.46,1.24,580,937.81
42,0.00025,0.1,80,4,0.7,0.003,0.1,0,0,0,0.25,530.47,539.47,9.00,1.36,557,994.65
43,0.0003,0.1,80,4,0.7,0.003,0.1,0,0,0,0.25,518.70,526.97,8.27,1.24,507,918.69
44,0.000175,0.1,80,8,0.7,0.003,0.1,0,0,0,0.25,563.46,574.02,10.55,1.27,644,1136.36
45,0.000225,0.1,80,8,0.7,0.003,0.1,0,0,0,0.25,541.55,551.11,9.55,1.24,582,1026.13
46,0.00025,0.1,80,8,0.7,0.003,0.1,0,0,0,0.25,556.84,565.81,8.96,1.35,552,1118.16
47,0.0003,0.1,80,8,0.7,0.003,0.1,0,0,0,0.25,553.32,561.58,8.25,1.41,509,1018.16
48,0.000175,0.1,80,4,0.2,0.0045,0.1,0,0,0,0.25,508.05,517.65,9.60,1.16,598,826.67
49,0.000225,0.1,80,4,0.2,0.0045,0.1,0,0,0,0.25,488.61,497.11,8.50,1.31,532,1047.33
50,0.00025,0.1,80,4,0.2,0.0045,0.1,0,0,0,0.25,491.37,499.33,7.96,1.41,497,924.28
51,0.0003,0.1,80,4,0.2,0.0045,0.1,0,0,0,0.25,454.46,461.69,7.23,1.64,457,944.57
52,0.000175,0.1,80,8,0.2,0.0045,0.1,0,0,0,0.25,521.96,531.43,9.46,1.21,598,1020.48
53,0.000225,0.1,80,8,0.2,0.0045,0.1,0,0,0,0.25,487.26,495.83,8.58,1.32,533,952.48
54,0.00025,0.1,80,8,0.2,0.0045,0.1,0,0,0,0.25,503.63,511.62,7.99,1.13,501,866.31
55,0.0003,0.1,80,8,0.2,0.0045,0.1,0,0,0,0.25,475.43,482.45,7.03,1.37,447,870.37
56,0.000175,0.1,80,4,0.5,0.0045,0.1,0,0,0,0.25,499.68,509.67,10.00,1.48,629,1097.01
57,0.000225,0.1,80,4,0.5,0.0045,0.1,0,0,0,0.25,517.55,526.40,8.85,1.41,556,1028.41
58,0.00025,0.1,80,4,0.5,0.0045,0.1,0,0,0,0.25,512.34,520.78,8.44,1.25,531,983.93
59,0.0003,0.1,80,4,0.5,0.0045,0.1,0,0,0,0.25,471.78,479.31,7.53,1.31,480,943.57
60,0.000175,0.1,80,8,0.5,0.0045,0.1,0,0,0,0.25,511.65,521.83,10.17,1.39,635,1066.62
61,0.000225,0.1,80,8,0.5,0.0045,0.1,0,0,0,0.25,507.13,516.04,8.90,1.42,557,1003.05
62,0.00025,0.1,80,8,0.5,0.0045,0.1,0,0,0,0.25,468.47,476.98,8.51,1.05,534,771.18
63,0.0003,0.1,80,8,0.5,0.0045,0.1,0,0,0,0.25,459.58,467.12,7.53,1.24,478,924.75
64,0.000175,0.1,80,4,0.7,0.0045,0.1,0,0,0,0.25,533.16,543.46,10.30,1.22,643,1205.79
65,0.000225,0.1,80,4,0.7,0.0045,0.1,0,0,0,0.25,477.37,486.56,9.19,1.13,573,977.46
66,0.00025,0.1,80,4,0.7,0.0045,0.1,0,0,0,0.25,494.12,502.86,8.74,1.26,552,916.05
67,0.0003,0.1,80,4,0.7,0.0045,0.1,0,0,0,0.25,499.83,507.89,8.06,1.23,511,948.33
68,0.000175,0.1,80,8,0.7,0.0045,0.1,0,0,0,0.25,543.53,553.87,10.34,1.45,645,1105.50
69,0.000225,0.1,80,8,0.7,0.0045,0.1,0,0,0,0.25,498.16,507.35,9.19,1.25,575,1019.42
70,0.00025,0.1,80,8,0.7,0.0045,0.1,0,0,0,0.25,522.11,530.84,8.73,1.40,551,1014.65
71,0.0003,0.1,80,8,0.7,0.0045,0.1,0,0,0,0.25,560.84,568.79,7.95,1.41,502,1093.49
72,0.000175,0.1,80,4,0.2,0.0015,0.2,0,0,0,0.25,782.77,801.53,18.76,1.77,780,1797.23
73,0.000225,0.1,80,4,0.2,0.0015,0.2,0,0,0,0.25,769.43,786.99,17.56,1.95,710,1840.20
74,0.00025,0.1,80,4,0.2,0.0015,0.2,0,0,0,0.25,779.22,796.24,17.02,1.70,674,1685.70
75,0.0003,0.1,80,4,0.2,0.0015,0.2,0,0,0,0.25,762.11,778.49,16.37,2.06,634,1927.25
76,0.000175,0.1,80,8,0.2,0.0015,0.2,0,0,0,0.25,828.46,846.90,18.43,2.15,767,2093.42
77,0.000225,0.1,80,8,0.2,0.0015,0.2,0,0,0,0.25,815.78,833.23,17.45,1.95,706,1890.86
78,0.00025,0.1,80,8,0.2,0.0015,0.2,0,0,0,0.25,774.07,790.93,16.86,1.72,676,1728.46
79,0.0003,0.1,80,8,0.2,0.0015,0.2,0,0,0,0.25,746.94,763.31,16.37,1.76,628,1724.05
80,0.000175,0.1,80,4,0.5,0.0015,0.2,0,0,0,0.25,846.08,865.07,18.99,2.23,805,2016.89
81,0.000225,0.1,80,4,0.5,0.0015,0.2,0,0,0,0.25,781.51,799.04,17.53,1.94,725,1940.01
82,0.00025,0.1,80,4,0.5,0.0015,0.2,0,0,0,0.25,766.70,783.80,17.10,1.78,698,1820.19
83,0.0003,0.1,80,4,0.5,0.0015,0.2,0,0,0,0.25,808.29,825.04,16.75,1.89,662,1895.81
84,0.000175,0.1,80,8,0.5,0.0015,0.2,0,0,0,0.25,816.79,835.84,19.06,1.84,801,1933.11
85,0.000225,0.1,80,8,0.5,0.0015,0.2,0,0,0,0.25,823.16,840.80,17.64,2.17,730,2115.54
86,0.00025,0.1,80,8,0.5,0.0015,0.2,0,0,0,0.25,777.14,794.50,17.37,1.71,705,1860.52
87,0.0003,0.1,80,8,0.5,0.0015,0.2,0,0,0,0.25,779.96,796.69,16.73,1.97,658,1957.35
88,0.000175,0.1,80,4,0.7,0.0015,0.2,0,0,0,0.25,773.97,793.13,19.15,1.93,812,1789.53
89,0.000225,0.1,80,4,0.7,0.0015,0.2,0,0,0,0.25,806.11,824.23,18.12,1.83,755,1856.93
90,0.00025,0.1,80,4,0.7,0.0015,0.2,0,0,0,0.25,801.98,819.69,17.71,1.98,723,1932.86
91,0.0003,0.1,80,4,0.7,0.0015,0.2,0,0,0,0.25,787.65,804.88,17.23,1.77,682,1961.51
92,0.000175,0.1,80,8,0.7,0.0015,0.2,0,0,0,0.25,833.43,852.52,19.09,2.14,816,2073.43
93,0.000225,0.1,80,8,0.7,0.0015,0.2,0,0,0,0.25,834.69,852.89,18.20,1.82,742,1882.73
94,0.00025,0.1,80,8,0.7,0.0015,0.2,0,0,0,0.25,792.58,810.52,17.94,1.80,725,1862.69
95,0.0003,0.1,80,8,0.7,0.0015,0.2,0,0,0,0.25,803.21,820.43,17.22,1.83,685,1908.29
96,0.000175,0.1,80,4,0.2,0.003,0.2,0,0,0,0.25,576.52,586.45,9.92,1.49,607,1134.78
97,0.000225,0.1,80,4,0.2,0.003,0.2,0,0,0,0.25,491.23,500.19,8.97,1.27,543,1019.52
98,0.00025,0.1,80,4,0.2,0.003,0.2,0,0,0,0.25,458.60,467.12,8.53,1.29,507,864.63
99,0.0003,0.1,80,4,0.2,0.003,0.2,0,0,0,0.25,515.37,523.00,7.62,1.33,462,1082.18
100,0.000175,0.1,80,8,0.2,0.003,0.2,0,0,0,0.25,532.96,542.91,9.95,1.22,602,997.74
101,0.000225,0.1,80,8,0.2,0.003,0.2,0,0,0,0.25,540.05,549.02,8.97,1.30,535,1038.39
102,0.00025,0.1,80,8,0.2,0.003,0.2,0,0,0,0.25,538.06,546.46,8.40,1.24,506,1059.18
103,0.0003,0.1,80,8,0.2,0.003,0.2,0,0,0,0.25,464.57,472.06,7.48,1.52,455,960.11
104,0.000175,0.1,80,4,0.5,0.003,0.2,0,0,0,0.25,541.29,551.62,10.32,1.45,630,1078.55
105,0.000225,0.1,80,4,0.5,0.003,0.2,0,0,0,0.25,542.83,551.85,9.03,1.35,553,990.95
106,0.00025,0.1,80,4,0.5,0.003,0.2,0,0,0,0.25,512.18,521.08,8.90,1.28,539,969.52
107,0.0003,0.1,80,4,0.5,0.003,0.2,0,0,0,0.25,564.23,572.36,8.14,1.44,490,1126.71
108,0.000175,0.1,80,8,0.5,0.003,0.2,0,0,0,0.25,548.36,558.70,10.33,1.35,629,1031.60
109,0.000225,0.1,80,8,0.5,0.003,0.2,0,0,0,0.25,487.01,496.25,9.24,1.11,561,859.21
110,0.00025,0.1,80,8,0.5,0.003,0.2,0,0,0,0.25,523.14,531.78,8.65,1.21,531,946.10
111,0.0003,0.1,80,8,0.5,0.003,0.2,0,0,0,0.25,538.60,546.59,7.99,1.48,487,1101.18
112,0.000175,0.1,80,4,0.7,0.003,0.2,0,0,0,0.25,519.09,529.50,10.41,1.26,639,1001.91
113,0.000225,0.1,80,4,0.7,0.003,0.2,0,0,0,0.25,533.99,543.69,9.70,1.45,579,1098.46
114,0.00025,0.1,80,4,0.7,0.003,0.2,0,0,0,0.25,517.69,526.83,9.14,1.27,557,950.23
115,0.0003,0.1,80,4,0.7,0.003,0.2,0,0,0,0.25,562.72,571.16,8.43,1.42,509,1026.69
116,0.000175,0.1,80,8,0.7,0.003,0.2,0,0,0,0.25,523.87,534.51,10.64,1.45,651,1006.24
117,0.000225,0.1,80,8,0.7,0.003,0.2,0,0,0,0.25,520.70,530.29,9.58,1.19,577,1020.91
118,0.00025,0.1,80,8,0.7,0.003,0.2,0,0,0,0.25,550.07,559.29,9.22,1.23,550,1005.21
119,0.0003,0.1,80,8,0.7,0.003,0.2,0,0,0,0.25,538.01,546.35,8.34,1.25,507,915.68
120,0.000175,0.1,80,4,0.2,0.0045,0.2,0,0,0,0.25,521.22,530.86,9.63,1.41,605,1102.23
121,0.000225,0.1,80,4,0.2,0.0045,0.2,0,0,0,0.25,473.28,481.76,8.47,1.16,530,943.11
122,0.00025,0.1,80,4,0.2,0.0045,0.2,0,0,0,0.25,463.68,471.74,8.06,1.08,501,744.27
123,0.0003,0.1,80,4,0.2,0.0045,0.2,0,0,0,0.25,457.09,464.33,7.24,1.18,457,933.11
124,0.000175,0.1,80,8,0.2,0.0045,0.2,0,0,0,0.25,505.10,514.62,9.52,1.28,596,1056.25
125,0.000225,0.1,80,8,0.2,0.0045,0.2,0,0,0,0.25,529.88,538.37,8.49,1.42,532,1114.96
126,0.00025,0.1,80,8,0.2,0.0045,0.2,0,0,0,0.25,483.85,491.97,8.11,1.20,502,914.54
127,0.0003,0.1,80,8,0.2,0.0045,0.2,0,0,0,0.25,450.20,457.44,7.24,1.13,452,846.50
128,0.000175,0.1,80,4,0.5,0.0045,0.2,0,0,0,0.25,523.94,533.94,10.00,1.50,628,1057.20
129,0.000225,0.1,80,4,0.5,0.0045,0.2,0,0,0,0.25,486.44,495.24,8.80,1.14,552,868.39
130,0.00025,0.1,80,4,0.5,0.0045,0.2,0,0,0,0.25,468.39,476.81,8.42,1.04,532,843.82
131,0.0003,0.1,80,4,0.5,0.0045,0.2,0,0,0,0.25,494.03,501.78,7.75,1.22,489,940.13
132,0.000175,0.1,80,8,0.5,0.0045,0.2,0,0,0,0.25,538.17,548.22,10.05,1.50,627,1044.29
133,0.000225,0.1,80,8,0.5,0.0045,0.2,0,0,0,0.25,491.66,500.42,8.76,1.21,552,881.91
134,0.00025,0.1,80,8,0.5,0.0045,0.2,0,0,0,0.25,486.12,494.68,8.56,1.13,532,911.98
135,0.0003,0.1,80,8,0.5,0.0045,0.2,0,0,0,0.25,501.88,509.56,7.68,1.32,482,916.83
136,0.000175,0.1,80,4,0.7,0.0045,0.2,0,0,0,0.25,516.44,526.67,10.23,1.28,641,1049.28
137,0.000225,0.1,80,4,0.7,0.0045,0.2,0,0,0,0.25,495.15,504.35,9.21,1.15,577,902.80
138,0.00025,0.1,80,4,0.7,0.0045,0.2,0,0,0,0.25,509.06,517.84,8.78,1.33,555,925.71
139,0.0003,0.1,80,4,0.7,0.0045,0.2,0,0,0,0.25,491.64,499.64,8.00,1.26,505,988.06
140,0.000175,0.1,80,8,0.7,0.0045,0.2,0,0,0,0.25,560.71,570.99,10.28,1.28,645,1092.76
141,0.000225,0.1,80,8,0.7,0.0045,0.2,0,0,0,0.25,553.02,562.15,9.13,1.37,574,1043.81
142,0.00025,0.1,80,8,0.7,0.0045,0.2,0,0,0,0.25,508.14,516.82,8.68,1.33,546,1001.59
143,0.0003,0.1,80,8,0.7,0.0045,0.2,0,0,0,0.25,508.24,516.12,7.88,1.20,499,902.55
144,0.000175,0.1,80,4,0.2,0.0015,0.4,0,0,0,0.25,853.88,874.14,20.27,2.21,784,2049.47
145,0.000225,0.1,80,4,0.2,0.0015,0.4,0,0,0,0.25,821.06,840.66,19.59,1.86,710,1858.84
146,0.00025,0.1,80,4,0.2,0.0015,0.4,0,0,0,0.25,790.83,809.84,19.01,1.91,707,1919.65
147,0.0003,0.1,80,4,0.2,0.0015,0.4,0,0,0,0.25,784.38,802.39,18.01,1.96,644,1973.19
148,0.000175,0.1,80,8,0.2,0.0015,0.4,0,0,0,0.25,787.44,806.40,18.96,1.70,718,1875.56
149,0.000225,0.1,80,8,0.2,0.0015,0.4,0,0,0,0.25,767.32,786.12,18.80,1.76,683,1873.11
150,0.00025,0.1,80,8,0.2,0.0015,0.4,0,0,0,0.25,751.76,770.64,18.88,1.67,659,1768.38
151,0.0003,0.1,80,8,0.2,0.0015,0.4,0,0,0,0.25,779.88,797.97,18.09,1.89,644,1934.63
152,0.000175,0.1,80,4,0.5,0.0015,0.4,0,0,0,0.25,837.95,858.40,20.45,2.09,788,2063.15
153,0.000225,0.1,80,4,0.5,0.0015,0.4,0,0,0,0.25,813.79,833.62,19.84,1.76,751,1905.17
154,0.00025,0.1,80,4,0.5,0.0015,0.4,0,0,0,0.25,819.29,838.70,19.41,1.74,731,1780.75
155,0.0003,0.1,80,4,0.5,0.0015,0.4,0,0,0,0.25,837.71,857.07,19.36,1.77,705,1989.15
156,0.000175,0.1,80,8,0.5,0.0015,0.4,0,0,0,0.25,838.69,859.30,20.61,2.23,801,2078.42
157,0.000225,0.1,80,8,0.5,0.0015,0.4,0,0,0,0.25,836.18,855.34,19.15,1.96,726,1983.19
158,0.00025,0.1,80,8,0.5,0.0015,0.4,0,0,0,0.25,745.59,764.16,18.57,1.65,686,1780.28
159,0.0003,0.1,80,8,0.5,0.0015,0.4,0,0,0,0.25,810.92,829.00,18.09,1.87,642,1849.28
160,0.000175,0.1,80,4,0.7,0.0015,0.4,0,0,0,0.25,903.13,924.37,21.25,2.46,841,2182.98
161,0.000225,0.1,80,4,0.7,0.0015,0.4,0,0,0,0.25,763.13,782.65,19.51,1.47,720,1880.25
162,0.00025,0.1,80,4,0.7,0.0015,0.4,0,0,0,0.25,793.02,812.98,19.97,1.72,746,1770.71
163,0.0003,0.1,80,4,0.7,0.0015,0.4,0,0,0,0.25,756.49,775.32,18.83,1.71,672,1774.62
164,0.000175,0.1,80,8,0.7,0.0015,0.4,0,0,0,0.25,846.60,866.75,20.15,2.14,804,2151.76
165,0.000225,0.1,80,8,0.7,0.0015,0.4,0,0,0,0.25,887.20,907.47,20.27,1.97,787,2101.38
166,0.00025,0.1,80,8,0.7,0.0015,0.4,0,0,0,0.25,827.51,846.87,19.36,1.74,717,1983.61
167,0.0003,0.1,80,8,0.7,0.0015,0.4,0,0,0,0.25,763.31,782.23,18.92,1.73,674,1731.54
168,0.000175,0.1,80,4,0.2,0.003,0.4,0,0,0,0.25,530.45,540.51,10.06,1.26,607,1106.21
169,0.000225,0.1,80,4,0.2,0.003,0.4,0,0,0,0.25,490.28,499.51,9.23,1.36,544,940.95
170,0.00025,0.1,80,4,0.2,0.003,0.4,0,0,0,0.25,467.46,476.05,8.59,1.19,511,920.18
171,0.0003,0.1,80,4,0.2,0.003,0.4,0,0,0,0.25,490.01,497.88,7.87,1.37,463,957.39
172,0.000175,0.1,80,8,0.2,0.003,0.4,0,0,0,0.25,543.12,553.23,10.11,1.44,603,1071.16
173,0.000225,0.1,80,8,0.2,0.003,0.4,0,0,0,0.25,516.56,525.72,9.16,1.41,544,1051.85
174,0.00025,0.1,80,8,0.2,0.003,0.4,0,0,0,0.25,570.34,579.07,8.73,1.31,513,1111.64
175,0.0003,0.1,80,8,0.2,0.003,0.4,0,0,0,0.25,493.55,501.22,7.66,1.43,459,1055.29
176,0.000175,0.1,80,4,0.5,0.003,0.4,0,0,0,0.25,489.72,500.30,10.59,1.27,637,957.69
177,0.000225,0.1,80,4,0.5,0.003,0.4,0,0,0,0.25,542.91,552.30,9.39,1.36,560,1072.02
178,0.00025,0.1,80,4,0.5,0.003,0.4,0,0,0,0.25,482.78,491.72,8.93,1.27,535,961.51
179,0.0003,0.1,80,4,0.5,0.003,0.4,0,0,0,0.25,525.21,533.46,8.26,1.36,490,1013.56
180,0.000175,0.1,80,8,0.5,0.003,0.4,0,0,0,0.25,550.15,560.61,10.46,1.52,628,1171.06
181,0.000225,0.1,80,8,0.5,0.003,0.4,0,0,0,0.25,543.54,553.01,9.47,1.51,564,1104.03
182,0.00025,0.1,80,8,0.5,0.003,0.4,0,0,0,0.25,520.43,529.42,8.99,1.15,537,943.11
183,0.0003,0.1,80,8,0.5,0.003,0.4,0,0,0,0.25,548.45,556.28,7.83,1.43,476,1021.45
184,0.000175,0.1,80,4,0.7,0.003,0.4,0,0,0,0.25,578.79,589.50,10.71,1.28,644,1173.19
185,0.000225,0.1,80,4,0.7,0.003,0.4,0,0,0,0.25,549.69,559.44,9.75,1.37,585,1102.27
186,0.00025,0.1,80,4,0.7,0.003,0.4,0,0,0,0.25,496.27,505.55,9.27,1.21,557,899.45
187,0.0003,0.1,80,4,0.7,0.003,0.4,0,0,0,0.25,534.18,542.80,8.62,1.51,517,978.62
188,0.000175,0.1,80,8,0.7,0.003,0.4,0,0,0,0.25,592.77,603.52,10.75,1.58,645,1162.13
189,0.000225,0.1,80,8,0.7,0.003,0.4,0,0,0,0.25,522.94,532.65,9.71,1.28,581,946.76
190,0.00025,0.1,80,8,0.7,0.003,0.4,0,0,0,0.25,534.57,543.90,9.33,1.43,559,1021.92
191,0.0003,0.1,80,8,0.7,0.003,0.4,0,0,0,0.25,521.85,530.26,8.40,1.39,508,1074.59
192,0.000175,0.1,80,4,0.2,0.0045,0.4,0,0,0,0.25,493.49,503.11,9.62,1.25,606,1012.50
193,0.000225,0.1,80,4,0.2,0.0045,0.4,0,0,0,0.25,436.95,445.44,8.50,0.94,525,606.58
194,0.00025,0.1,80,4,0.2,0.0045,0.4,0,0,0,0.25,458.84,466.88,8.04,1.14,506,903.83
195,0.0003,0.1,80,4,0.2,0.0045,0.4,0,0,0,0.25,436.42,443.73,7.31,1.26,455,936.95
196,0.000175,0.1,80,8,0.2,0.0045,0.4,0,0,0,0.25,526.36,535.85,9.49,1.36,589,1001.63
197,0.000225,0.1,80,8,0.2,0.0045,0.4,0,0,0,0.25,475.74,484.33,8.59,1.24,530,959.07
198,0.00025,0.1,80,8,0.2,0.0045,0.4,0,0,0,0.25,457.11,465.22,8.12,1.11,503,816.62
199,0.0003,0.1,80,8,0.2,0.0045,0.4,0,0,0,0.25,494.42,501.55,7.13,1.42,447,910.76
200,0.000175,0.1,80,4,0.5,0.0045,0.4,0,0,0,0.25,514.35,524.44,10.09,1.33,628,1085.16
201,0.000225,0.1,80,4,0.5,0.0045,0.4,0,0,0,0.25,492.23,501.06,8.83,1.20,549,914.30
202,0.00025,0.1,80,4,0.5,0.0045,0.4,0,0,0,0.25,460.18,468.77,8.59,1.25,537,896.59
203,0.0003,0.1,80,4,0.5,0.0045,0.4,0,0,0,0.25,464.36,472.12,7.75,1.23,487,907.55
204,0.000175,0.1,80,8,0.5,0.0045,0.4,0,0,0,0.25,534.81,544.80,9.99,1.37,623,1049.84
205,0.000225,0.1,80,8,0.5,0.0045,0.4,0,0,0,0.25,534.74,543.67,8.93,1.30,559,995.89
206,0.00025,0.1,80,8,0.5,0.0045,0.4,0,0,0,0.25,325.69,333.36,7.67,1.04,472,694.65
207,0.0003,0.1,80,8,0.5,0.0045,0.4,0,0,0,0.25,494.43,502.06,7.64,1.18,485,894.80
208,0.000175,0.1,80,4,0.7,0.0045,0.4,0,0,0,0.25,523.09,533.40,10.31,1.33,642,1094.77
209,0.000225,0.1,80,4,0.7,0.0045,0.4,0,0,0,0.25,465.67,474.90,9.23,1.08,574,893.11
210,0.00025,0.1,80,4,0.7,0.0045,0.4,0,0,0,0.25,486.44,495.34,8.90,1.19,556,912.39
211,0.0003,0.1,80,4,0.7,0.0045,0.4,0,0,0,0.25,487.06,495.09,8.03,1.56,504,1034.76
212,0.000175,0.1,80,8,0.7,0.0045,0.4,0,0,0,0.25,497.94,508.29,10.35,1.20,640,993.55
213,0.000225,0.1,80,8,0.7,0.0045,0.4,0,0,0,0.25,541.52,550.69,9.17,1.30,575,1068.13
214,0.00025,0.1,80,8,0.7,0.0045,0.4,0,0,0,0.25,529.33,537.99,8.67,1.34,549,1036.39
215,0.0003,0.1,80,8,0.7,0.0045,0.4,0,0,0,0.25,552.85,560.95,8.10,1.39,503,1044.43
216,0.000175,0.1,80,4,0.2,0.0015,0.1,0.2,0,0,0.25,766.21,783.62,17.42,1.94,748,1776.16
217,0.000225,0.1,80,4,0.2,0.0015,0.1,0.2,0,0,0.25,753.12,769.68,16.56,1.89,690,1696.22
218,0.00025,0.1,80,4,0.2,0.0015,0.1,0.2,0,0,0.25,748.99,765.24,16.25,1.83,662,1746.25
219,0.0003,0.1,80,4,0.2,0.0015,0.1,0.2,0,0,0.25,793.52,809.11,15.59,1.98,621,2055.39
220,0.000175,0.1,80,8,0.2,0.0015,0.1,0.2,0,0,0.25,780.60,798.05,17.45,2.11,756,2023.63
221,0.000225,0.1,80,8,0.2,0.0015,0.1,0.2,0,0,0.25,842.30,858.91,16.61,1.83,689,1922.57
222,0.00025,0.1,80,8,0.2,0.0015,0.1,0.2,0,0,0.25,776.64,792.82,16.18,1.88,664,1845.70
223,0.0003,0.1,80,8,0.2,0.0015,0.1,0.2,0,0,0.25,762.41,777.37,14.97,1.89,606,1731.29
224,0.000175,0.1,80,4,0.5,0.0015,0.1,0.2,0,0,0.25,803.16,821.14,17.98,2.02,788,2052.13
225,0.000225,0.1,80,4,0.5,0.0015,0.1,0.2,0,0,0.25,764.22,780.84,16.62,1.83,707,1831.12
226,0.00025,0.1,80,4,0.5,0.0015,0.1,0.2,0,0,0.25,748.60,764.94,16.34,1.94,686,1836.53
227,0.0003,0.1,80,4,0.5,0.0015,0.1,0.2,0,0,0.25,765.74,781.77,16.03,1.61,652,1685.85
228,0.000175,0.1,80,8,0.5,0.0015,0.1,0.2,0,0,0.25,779.61,797.11,17.50,2.36,778,2127.53
229,0.000225,0.1,80,8,0.5,0.0015,0.1,0.2,0,0,0.25,765.36,782.01,16.65,1.87,711,1744.12
230,0.00025,0.1,80,8,0.5,0.0015,0.1,0.2,0,0,0.25,794.86,811.15,16.30,1.83,685,2079.84
231,0.0003,0.1,80,8,0.5,0.0015,0.1,0.2,0,0,0.25,794.37,810.26,15.89,1.83,650,1926.22
232,0.000175,0.1,80,4,0.7,0.0015,0.1,0.2,0,0,0.25,810.46,828.68,18.23,1.98,791,1932.52
233,0.000225,0.1,80,4,0.7,0.0015,0.1,0.2,0,0,0.25,810.41,827.48,17.07,1.86,734,1955.64
234,0.00025,0.1,80,4,0.7,0.0015,0.1,0.2,0,0,0.25,791.47,808.10,16.63,1.77,707,1891.54
235,0.0003,0.1,80,4,0.7,0.0015,0.1,0.2,0,0,0.25,767.72,784.10,16.39,1.75,668,1938.89
236,0.000175,0.1,80,8,0.7,0.0015,0.1,0.2,0,0,0.25,820.88,838.74,17.87,2.28,780,2166.43
237,0.000225,0.1,80,8,0.7,0.0015,0.1,0.2,0,0,0.25,798.78,815.54,16.76,2.08,729,1886.74
238,0.00025,0.1,80,8,0.7,0.0015,0.1,0.2,0,0,0.25,728.66,745.24,16.58,1.93,709,1732.69
239,0.0003,0.1,80,8,0.7,0.0015,0.1,0.2,0,0,0.25,793.52,809.18,15.66,1.67,661,1956.98
240,0.000175,0.1,80,4,0.2,0.003,0.1,0.2,0,0,0.25,527.44,537.35,9.91,1.29,605,1153.33
241,0.000225,0.1,80,4,0.2,0.003,0.1,0.2,0,0,0.25,502.35,511.18,8.83,1.12,532,1034.76
242,0.00025,0.1,80,4,0.2,0.003,0.1,0.2,0,0,0.25,506.58,514.83,8.25,1.08,500,862.09
243,0.0003,0.1,80,4,0.2,0.003,0.1,0.2,0,0,0.25,454.17,461.67,7.50,1.20,459,869.60
244,0.000175,0.1,80,8,0.2,0.003,0.1,0.2,0,0,0.25,569.38,579.33,9.95,1.28,601,1111.42
245,0.000225,0.1,80,8,0.2,0.003,0.1,0.2,0,0,0.25,557.13,566.10,8.97,1.39,538,1048.94
246,0.00025,0.1,80,8,0.2,0.003,0.1,0.2,0,0,0.25,523.03,531.44,8.41,1.19,512,970.69
247,0.0003,0.1,80,8,0.2,0.003,0.1,0.2,0,0,0.25,460.83,468.17,7.35,1.38,450,991.35
248,0.000175,0.1,80,4,0.5,0.003,0.1,0.2,0,0,0.25,505.77,516.19,10.42,1.26,636,1020.15
249,0.000225,0.1,80,4,0.5,0.003,0.1,0.2,0,0,0.25,526.27,535.33,9.06,1.19,552,937.34
250,0.00025,0.1,80,4,0.5,0.003,0.1,0.2,0,0,0.25,499.55,508.20,8.64,1.23,530,945.52
251,0.0003,0.1,80,4,0.5,0.003,0.1,0.2,0,0,0.25,490.84,498.82,7.98,1.22,492,876.93
252,0.000175,0.1,80,8,0.5,0.003,0.1,0.2,0,0,0.25,545.58,555.85,10.27,1.39,627,1123.15
253,0.000225,0.1,80,8,0.5,0.003,0.1,0.2,0,0,0.25,497.51,506.72,9.21,1.12,557,825.52
254,0.00025,0.1,80,8,0.5,0.003,0.1,0.2,0,0,0.25,513.60,522.33,8.73,1.38,535,1022.28
255,0.0003,0.1,80,8,0.5,0.003,0.1,0.2,0,0,0.25,489.90,497.86,7.97,1.28,487,979.46
256,0.000175,0.1,80,4,0.7,0.003,0.1,0.2,0,0,0.25,505.06,515.70,10.63,1.40,652,1120.62
257,0.000225,0.1,80,4,0.7,0.003,0.1,0.2,0,0,0.25,532.25,541.67,9.42,1.33,578,984.12
258,0.00025,0.1,80,4,0.7,0.003,0.1,0.2,0,0,0.25,524.36,533.46,9.10,1.42,559,1008.63
259,0.0003,0.1,80,4,0.7,0.003,0.1,0.2,0,0,0.25,507.64,515.93,8.29,1.34,509,980.80
260,0.000175,0.1,80,8,0.7,0.003,0.1,0.2,0,0,0.25,555.82,566.21,10.38,1.52,636,1122.15
261,0.000225,0.1,80,8,0.7,0.003,0.1,0.2,0,0,0.25,574.52,584.11,9.59,1.41,576,1119.77
262,0.00025,0.1,80,8,0.7,0.003,0.1,0.2,0,0,0.25,490.32,499.38,9.07,1.10,562,834.44
263,0.0003,0.1,80,8,0.7,0.003,0.1,0.2,0,0,0.25,522.13,530.38,8.26,1.26,507,999.55
264,0.000175,0.1,80,4,0.2,0.0045,0.1,0.2,0,0,0.25,516.63,526.08,9.45,1.27,594,1125.93
265,0.000225,0.1,80,4,0.2,0.0045,0.1,0.2,0,0,0.25,438.66,447.16,8.49,1.02,528,705.66
266,0.00025,0.1,80,4,0.2,0.0045,0.1,0.2,0,0,0.25,471.74,479.73,7.99,1.03,504,975.35
267,0.0003,0.1,80,4,0.2,0.0045,0.1,0.2,0,0,0.25,505.78,513.03,7.25,1.53,461,1076.38
268,0.000175,0.1,80,8,0.2,0.0045,0.1,0.2,0,0,0.25,522.05,531.64,9.59,1.29,601,973.60
269,0.000225,0.1,80,8,0.2,0.0045,0.1,0.2,0,0,0.25,510.81,519.41,8.59,1.25,535,918.40
270,0.00025,0.1,80,8,0.2,0.0045,0.1,0.2,0,0,0.25,518.54,526.59,8.05,1.18,504,892.56
271,0.0003,0.1,80,8,0.2,0.0045,0.1,0.2,0,0,0.25,498.30,505.34,7.04,1.35,447,1000.06
272,0.000175,0.1,80,4,0.5,0.0045,0.1,0.2,0,0,0.25,527.49,537.56,10.07,1.22,633,1088.31
273,0.000225,0.1,80,4,0.5,0.0045,0.1,0.2,0,0,0.25,536.60,545.37,8.77,1.23,550,952.43
274,0.00025,0.1,80,4,0.5,0.0045,0.1,0.2,0,0,0.25,440.36,448.74,8.38,1.27,527,944.63
275,0.0003,0.1,80,4,0.5,0.0045,0.1,0.2,0,0,0.25,474.87,482.59,7.72,1.28,484,926.70
276,0.000175,0.1,80,8,0.5,0.0045,0.1,0.2,0,0,0.25,558.84,568.84,10.01,1.58,631,1121.21
277,0.000225,0.1,80,8,0.5,0.0045,0.1,0.2,0,0,0.25,542.71,551.42,8.71,1.39,555,1059.79
278,0.00025,0.1,80,8,0.5,0.0045,0.1,0.2,0,0,0.25,472.69,481.18,8.48,1.15,526,790.59
279,0.0003,0.1,80,8,0.5,0.0045,0.1,0.2,0,0,0.25,489.66,497.32,7.66,1.47,478,1143.48
280,0.000175,0.1,80,4,0.7,0.0045,0.1,0.2,0,0,0.25,515.26,525.51,10.24,1.28,641,1050.27
281,0.000225,0.1,80,4,0.7,0.0045,0.1,0.2,0,0,0.25,516.34,525.50,9.16,1.19,574,924.02
282,0.00025,0.1,80,4,0.7,0.0045,0.1,0.2,0,0,0.25,473.60,482.25,8.65,1.13,548,907.46
283,0.0003,0.1,80,4,0.7,0.0045,0.1,0.2,0,0,0.25,479.03,487.18,8.15,1.25,510,903.13
284,0.000175,0.1,80,8,0.7,0.0045,0.1,0.2,0,0,0.25,510.85,521.03,10.18,1.34,641,1075.75
285,0.000225,0.1,80,8,0.7,0.0045,0.1,0.2,0,0,0.25,550.68,559.87,9.18,1.34,577,1098.55
286,0.00025,0.1,80,8,0.7,0.0045,0.1,0.2,0,0,0.25,551.35,560.00,8.65,1.37,543,1048.51
287,0.0003,0.1,80,8,0.7,0.0045,0.1,0.2,0,0,0.25,507.81,515.59,7.78,1.20,500,918.45
288,0.000175,0.1,80,4,0.2,0.0015,0.2,0.2,0,0,0.25,786.73,805.39,18.66,1.92,774,2003.85
289,0.000225,0.1,80,4,0.2,0.0015,0.2,0.2,0,0,0.25,804.65,821.95,17.31,1.83,701,1763.50
290,0.00025,0.1,80,4,0.2,0.0015,0.2,0.2,0,0,0.25,791.05,808.29,17.24,1.69,685,1776.34
291,0.0003,0.1,80,4,0.2,0.0015,0.2,0.2,0,0,0.25,776.66,793.11,16.46,2.02,634,2046.97
292,0.000175,0.1,80,8,0.2,0.0015,0.2,0.2,0,0,0.25,811.93,830.62,18.70,1.85,767,1874.29
293,0.000225,0.1,80,8,0.2,0.0015,0.2,0.2,0,0,0.25,799.45,816.94,17.48,2.14,706,1928.19
294,0.00025,0.1,80,8,0.2,0.0015,0.2,0.2,0,0,0.25,823.96,841.20,17.24,1.86,684,1882.39
295,0.0003,0.1,80,8,0.2,0.0015,0.2,0.2,0,0,0.25,799.36,815.45,16.09,1.97,626,1915.80
296,0.000175,0.1,80,4,0.5,0.0015,0.2,0.2,0,0,0.25,781.77,800.88,19.11,2.13,807,1878.46
297,0.000225,0.1,80,4,0.5,0.0015,0.2,0.2,0,0,0.25,775.00,792.77,17.77,1.86,730,1862.60
298,0.00025,0.1,80,4,0.5,0.0015,0.2,0.2,0,0,0.25,778.90,796.48,17.57,1.76,708,1779.04
299,0.0003,0.1,80,4,0.5,0.0015,0.2,0.2,0,0,0.25,793.11,809.92,16.81,1.66,661,1815.94
300,0.000175,0.1,80,8,0.5,0.0015,0.2,0.2,0,0,0.25,854.75,873.96,19.21,2.06,802,2045.93
301,0.000225,0.1,80,8,0.5,0.0015,0.2,0.2,0,0,0.25,822.28,839.76,17.48,1.78,728,1949.82
302,0.00025,0.1,80,8,0.5,0.0015,0.2,0.2,0,0,0.25,799.38,816.62,17.23,1.65,701,1898.71
303,0.0003,0.1,80,8,0.5,0.0015,0.2,0.2,0,0,0.25,806.89,823.80,16.92,1.97,660,1946.57
304,0.000175,0.1,80,4,0.7,0.0015,0.2,0.2,0,0,0.25,827.40,846.59,19.19,2.03,808,2095.62
305,0.000225,0.1,80,4,0.7,0.0015,0.2,0.2,0,0,0.25,807.64,825.86,18.22,1.85,756,1867.82
306,0.00025,0.1,80,4,0.7,0.0015,0.2,0.2,0,0,0.25,787.95,805.52,17.57,1.90,725,1864.71
307,0.0003,0.1,80,4,0.7,0.0015,0.2,0.2,0,0,0.25,808.33,825.79,17.46,1.78,687,1988.24
308,0.000175,0.1,80,8,0.7,0.0015,0.2,0.2,0,0,0.25,833.32,852.18,18.85,2.07,809,2051.38
309,0.000225,0.1,80,8,0.7,0.0015,0.2,0.2,0,0,0.25,813.60,832.00,18.40,2.11,755,1987.66
310,0.00025,0.1,80,8,0.7,0.0015,0.2,0.2,0,0,0.25,803.92,822.06,18.14,1.88,731,1987.42
311,0.0003,0.1,80,8,0.7,0.0015,0.2,0.2,0,0,0.25,822.78,839.72,16.94,1.89,675,1978.25
312,0.000175,0.1,80,4,0.2,0.003,0.2,0.2,0,0,0.25,515.10,525.02,9.93,1.41,600,995.51
313,0.000225,0.1,80,4,0.2,0.003,0.2,0.2,0,0,0.25,462.08,470.83,8.75,1.19,534,1011.88
314,0.00025,0.1,80,4,0.2,0.003,0.2,0.2,0,0,0.25,497.98,506.34,8.36,1.26,506,953.53
315,0.0003,0.1,80,4,0.2,0.003,0.2,0.2,0,0,0.25,459.55,467.03,7.48,1.21,457,926.53
316,0.000175,0.1,80,8,0.2,0.003,0.2,0.2,0,0,0.25,556.25,566.13,9.87,1.46,597,1128.95
317,0.000225,0.1,80,8,0.2,0.003,0.2,0.2,0,0,0.25,507.50,516.74,9.24,1.23,546,1005.47
318,0.00025,0.1,80,8,0.2,0.003,0.2,0.2,0,0,0.25,496.75,505.16,8.42,1.17,506,923.42
319,0.0003,0.1,80,8,0.2,0.003,0.2,0.2,0,0,0.25,480.33,487.94,7.61,1.38,458,931.00
320,0.000175,0.1,80,4,0.5,0.003,0.2,0.2,0,0,0.25,517.25,527.65,10.40,1.48,639,1105.81
321,0.000225,0.1,80,4,0.5,0.003,0.2,0.2,0,0,0.25,469.54,478.52,8.98,1.13,549,989.35
322,0.00025,0.1,80,4,0.5,0.003,0.2,0.2,0,0,0.25,487.46,496.27,8.81,1.21,540,916.67
323,0.0003,0.1,80,4,0.5,0.003,0.2,0.2,0,0,0.25,517.37,525.35,7.97,1.43,481,1012.97
324,0.000175,0.1,80,8,0.5,0.003,0.2,0.2,0,0,0.25,542.46,552.83,10.38,1.41,633,1090.26
325,0.000225,0.1,80,8,0.5,0.003,0.2,0.2,0,0,0.25,539.55,548.85,9.30,1.53,561,1032.32
326,0.00025,0.1,80,8,0.5,0.003,0.2,0.2,0,0,0.25,513.97,522.78,8.81,1.34,538,929.08
327,0.0003,0.1,80,8,0.5,0.003,0.2,0.2,0,0,0.25,486.38,494.58,8.20,1.26,493,974.15
328,0.000175,0.1,80,4,0.7,0.003,0.2,0.2,0,0,0.25,479.09,489.68,10.59,1.51,647,1102.06
329,0.000225,0.1,80,4,0.7,0.003,0.2,0.2,0,0,0.25,511.42,521.03,9.61,1.22,582,1055.62
330,0.00025,0.1,80,4,0.7,0.003,0.2,0.2,0,0,0.25,542.53,551.71,9.18,1.38,558,1079.79
331,0.0003,0.1,80,4,0.7,0.003,0.2,0.2,0,0,0.25,545.70,554.06,8.37,1.56,504,1026.82
332,0.000175,0.1,80,8,0.7,0.003,0.2,0.2,0,0,0.25,557.13,567.62,10.48,1.40,644,1150.96
333,0.000225,0.1,80,8,0.7,0.003,0.2,0.2,0,0,0.25,528.63,537.97,9.34,1.37,578,977.48
334,0.00025,0.1,80,8,0.7,0.003,0.2,0.2,0,0,0.25,554.52,563.53,9.00,1.38,548,1175.48
335,0.0003,0.1,80,8,0.7,0.003,0.2,0.2,0,0,0.25,524.33,532.79,8.46,1.26,511,932.57
336,0.000175,0.1,80,4,0.2,0.0045,0.2,0.2,0,0,0.25,485.98,495.59,9.61,1.24,605,1080.57
337,0.000225,0.1,80,4,0.2,0.0045,0.2,0.2,0,0,0.25,447.53,456.07,8.54,1.21,529,755.76
338,0.00025,0.1,80,4,0.2,0.0045,0.2,0.2,0,0,0.25,460.98,468.85,7.88,1.18,495,886.79
339,0.0003,0.1,80,4,0.2,0.0045,0.2,0.2,0,0,0.25,441.74,449.00,7.26,1.22,455,881.26
340,0.000175,0.1,80,8,0.2,0.0045,0.2,0.2,0,0,0.25,516.39,526.14,9.75,1.24,609,913.66
341,0.000225,0.1,80,8,0.2,0.0045,0.2,0.2,0,0,0.25,497.31,505.92,8.61,1.11,534,921.40
342,0.00025,0.1,80,8,0.2,0.0045,0.2,0.2,0,0,0.25,508.60,516.67,8.07,1.37,503,1030.83
343,0.0003,0.1,80,8,0.2,0.0045,0.2,0.2,0,0,0.25,446.73,453.92,7.19,1.40,454,952.23
344,0.000175,0.1,80,4,0.5,0.0045,0.2,0.2,0,0,0.25,517.03,526.96,9.94,1.47,621,1077.38
345,0.000225,0.1,80,4,0.5,0.0045,0.2,0.2,0,0,0.25,505.67,514.57,8.90,1.18,554,1065.07
346,0.00025,0.1,80,4,0.5,0.0045,0.2,0.2,0,0,0.25,470.46,478.90,8.44,1.01,534,872.24
347,0.0003,0.1,80,4,0.5,0.0045,0.2,0.2,0,0,0.25,453.69,461.40,7.71,1.20,487,877.71
348,0.000175,0.1,80,8,0.5,0.0045,0.2,0.2,0,0,0.25,570.54,580.49,9.95,1.34,625,1185.55
349,0.000225,0.1,80,8,0.5,0.0045,0.2,0.2,0,0,0.25,532.29,541.15,8.87,1.46,554,1069.05
350,0.00025,0.1,80,8,0.5,0.0045,0.2,0.2,0,0,0.25,552.41,560.74,8.33,1.42,524,1130.32
351,0.0003,0.1,80,8,0.5,0.0045,0.2,0.2,0,0,0.25,470.83,478.51,7.69,1.09,487,830.01
352,0.000175,0.1,80,4,0.7,0.0045,0.2,0.2,0,0,0.25,494.68,504.94,10.26,1.28,643,1039.40
353,0.000225,0.1,80,4,0.7,0.0045,0.2,0.2,0,0,0.25,487.40,496.51,9.11,1.15,569,958.55
354,0.00025,0.1,80,4,0.7,0.0045,0.2,0.2,0,0,0.25,514.69,523.35,8.66,1.34,548,1052.74
355,0.0003,0.1,80,4,0.7,0.0045,0.2,0.2,0,0,0.25,472.72,480.68,7.96,1.30,504,928.80
356,0.000175,0.1,80,8,0.7,0.0045,0.2,0.2,0,0,0.25,561.92,572.15,10.23,1.54,637,1204.19
357,0.000225,0.1,80,8,0.7,0.0045,0.2,0.2,0,0,0.25,518.13,527.23,9.10,1.17,569,975.95
358,0.00025,0.1,80,8,0.7,0.0045,0.2,0.2,0,0,0.25,545.01,553.65,8.64,1.26,541,979.54
359,0.0003,0.1,80,8,0.7,0.0045,0.2,0.2,0,0,0.25,549.13,557.02,7.88,1.37,498,1058.58
360,0.000175,0.1,80,4,0.2,0.0015,0.4,0.2,0,0,0.25,795.52,815.47,19.95,1.95,766,2005.66
361,0.000225,0.1,80,4,0.2,0.0015,0.4,0.2,0,0,0.25,795.75,814.42,18.67,1.70,678,1902.87
362,0.00025,0.1,80,4,0.2,0.0015,0.4,0.2,0,0,0.25,781.59,800.57,18.98,1.74,691,1843.81
363,0.0003,0.1,80,4,0.2,0.0015,0.4,0.2,0,0,0.25,783.28,801.85,18.57,1.95,650,1831.28
364,0.000175,0.1,80,8,0.2,0.0015,0.4,0.2,0,0,0.25,793.35,813.10,19.75,2.15,767,1852.46
365,0.000225,0.1,80,8,0.2,0.0015,0.4,0.2,0,0,0.25,826.83,845.99,19.16,2.23,712,2084.46
366,0.00025,0.1,80,8,0.2,0.0015,0.4,0.2,0,0,0.25,792.90,811.29,18.39,2.04,676,1866.75
367,0.0003,0.1,80,8,0.2,0.0015,0.4,0.2,0,0,0.25,772.25,789.92,17.67,1.70,617,1826.48
368,0.000175,0.1,80,4,0.5,0.0015,0.4,0.2,0,0,0.25,822.35,842.05,19.69,2.00,762,1984.55
369,0.000225,0.1,80,4,0.5,0.0015,0.4,0.2,0,0,0.25,818.20,838.02,19.83,1.77,743,2019.12
370,0.00025,0.1,80,4,0.5,0.0015,0.4,0.2,0,0,0.25,854.72,874.37,19.64,1.90,745,1958.55
371,0.0003,0.1,80,4,0.5,0.0015,0.4,0.2,0,0,0.25,796.37,815.00,18.64,1.93,688,1980.85
372,0.000175,0.1,80,8,0.5,0.0015,0.4,0.2,0,0,0.25,813.21,833.94,20.73,1.87,814,1864.36
373,0.000225,0.1,80,8,0.5,0.0015,0.4,0.2,0,0,0.25,833.02,852.62,19.60,2.32,752,2110.70
374,0.00025,0.1,80,8,0.5,0.0015,0.4,0.2,0,0,0.25,770.11,788.24,18.13,1.59,667,1656.56
375,0.0003,0.1,80,8,0.5,0.0015,0.4,0.2,0,0,0.25,765.98,784.13,18.15,1.63,640,1739.22
376,0.000175,0.1,80,4,0.7,0.0015,0.4,0.2,0,0,0.25,827.85,848.27,20.43,1.99,800,2028.67
377,0.000225,0.1,80,4,0.7,0.0015,0.4,0.2,0,0,0.25,815.61,835.57,19.95,1.81,754,1876.47
378,0.00025,0.1,80,4,0.7,0.0015,0.4,0.2,0,0,0.25,866.79,885.91,19.12,2.04,722,2205.08
379,0.0003,0.1,80,4,0.7,0.0015,0.4,0.2,0,0,0.25,784.78,803.44,18.67,1.62,673,1786.10
380,0.000175,0.1,80,8,0.7,0.0015,0.4,0.2,0,0,0.25,794.23,814.50,20.27,2.40,792,1987.66
381,0.000225,0.1,80,8,0.7,0.0015,0.4,0.2,0,0,0.25,835.37,854.83,19.46,1.63,714,2067.55
382,0.00025,0.1,80,8,0.7,0.0015,0.4,0.2,0,0,0.25,839.47,859.34,19.87,1.78,741,1939.80
383,0.0003,0.1,80,8,0.7,0.0015,0.4,0.2,0,0,0.25,749.67,767.87,18.20,1.60,638,1692.03
384,0.000175,0.1,80,4,0.2,0.003,0.4,0.2,0,0,0.25,528.70,538.81,10.11,1.56,605,1067.53
385,0.000225,0.1,80,4,0.2,0.003,0.4,0.2,0,0,0.25,503.13,512.06,8.94,1.25,538,957.25
386,0.00025,0.1,80,4,0.2,0.003,0.4,0.2,0,0,0.25,501.41,509.85,8.44,1.15,507,992.48
387,0.0003,0.1,80,4,0.2,0.003,0.4,0.2,0,0,0.25,475.94,483.57,7.62,1.72,460,1056.12
388,0.000175,0.1,80,8,0.2,0.003,0.4,0.2,0,0,0.25,541.94,552.24,10.30,1.37,607,1109.85
389,0.000225,0.1,80,8,0.2,0.003,0.4,0.2,0,0,0.25,536.75,545.73,8.98,1.48,534,1020.03
390,0.00025,0.1,80,8,0.2,0.003,0.4,0.2,0,0,0.25,532.20,540.72,8.53,1.36,508,1015.73
391,0.0003,0.1,80,8,0.2,0.003,0.4,0.2,0,0,0.25,502.61,510.25,7.64,1.36,454,1016.80
392,0.000175,0.1,80,4,0.5,0.003,0.4,0.2,0,0,0.25,493.60,504.22,10.62,1.44,641,1056.86
393,0.000225,0.1,80,4,0.5,0.003,0.4,0.2,0,0,0.25,475.66,485.03,9.37,1.17,558,1031.97
394,0.00025,0.1,80,4,0.5,0.003,0.4,0.2,0,0,0.25,517.39,526.35,8.96,1.48,538,1027.51
395,0.0003,0.1,80,4,0.5,0.003,0.4,0.2,0,0,0.25,473.32,481.52,8.19,1.29,493,951.46
396,0.000175,0.1,80,8,0.5,0.003,0.4,0.2,0,0,0.25,545.33,555.79,10.45,1.51,628,1138.93
397,0.000225,0.1,80,8,0.5,0.003,0.4,0.2,0,0,0.25,534.07,543.55,9.49,1.29,565,960.58
398,0.00025,0.1,80,8,0.5,0.003,0.4,0.2,0,0,0.25,472.01,480.87,8.87,1.21,530,892.93
399,0.0003,0.1,80,8,0.5,0.003,0.4,0.2,0,0,0.25,519.58,527.66,8.08,1.47,483,1031.71
400,0.000175,0.1,80,4,0.7,0.003,0.4,0.2,0,0,0.25,527.19,537.85,10.65,1.53,647,1109.45
401,0.000225,0.1,80,4,0.7,0.003,0.4,0.2,0,0,0.25,520.45,530.16,9.71,1.25,580,900.72
402,0.00025,0.1,80,4,0.7,0.003,0.4,0.2,0,0,0.25,503.22,512.42,9.20,1.29,554,951.88
403,0.0003,0.1,80,4,0.7,0.003,0.4,0.2,0,0,0.25,513.49,522.12,8.63,1.39,514,1042.97
404,0.000175,0.1,80,8,0.7,0.003,0.4,0.2,0,0,0.25,601.87,612.70,10.83,1.50,646,1177.78
405,0.000225,0.1,80,8,0.7,0.003,0.4,0.2,0,0,0.25,560.82,570.57,9.76,1.51,586,1228.67
406,0.00025,0.1,80,8,0.7,0.003,0.4,0.2,0,0,0.25,555.33,564.58,9.25,1.49,552,1187.16
407,0.0003,0.1,80,8,0.7,0.003,0.4,0.2,0,0,0.25,515.16,523.64,8.48,1.30,504,924.64
408,0.000175,0.1,80,4,0.2,0.0045,0.4,0.2,0,0,0.25,507.97,517.59,9.62,1.12,600,845.75
409,0.000225,0.1,80,4,0.2,0.0045,0.4,0.2,0,0,0.25,495.25,503.73,8.48,1.42,530,999.97
410,0.00025,0.1,80,4,0.2,0.0045,0.4,0.2,0,0,0.25,477.30,485.31,8.02,1.24,496,943.31
411,0.0003,0.1,80,4,0.2,0.0045,0.4,0.2,0,0,0.25,475.36,482.53,7.17,1.36,454,977.04
412,0.000175,0.1,80,8,0.2,0.0045,0.4,0.2,0,0,0.25,570.55,580.04,9.49,1.35,590,1144.88
413,0.000225,0.1,80,8,0.2,0.0045,0.4,0.2,0,0,0.25,476.53,485.12,8.59,1.24,532,963.47
414,0.00025,0.1,80,8,0.2,0.0045,0.4,0.2,0,0,0.25,518.35,526.45,8.10,1.23,501,1063.36
415,0.0003,0.1,80,8,0.2,0.0045,0.4,0.2,0,0,0.25,490.73,498.07,7.33,1.29,458,937.73
416,0.000175,0.1,80,4,0.5,0.0045,0.4,0.2,0,0,0.25,511.17,521.24,10.07,1.43,631,1077.10
417,0.000225,0.1,80,4,0.5,0.0045,0.4,0.2,0,0,0.25,442.48,451.43,8.95,1.08,553,885.39
418,0.00025,0.1,80,4,0.5,0.0045,0.4,0.2,0,0,0.25,479.65,488.19,8.54,1.23,534,948.45
419,0.0003,0.1,80,4,0.5,0.0045,0.4,0.2,0,0,0.25,515.64,523.36,7.72,1.30,485,985.13
420,0.000175,0.1,80,8,0.5,0.0045,0.4,0.2,0,0,0.25,537.40,547.38,9.98,1.45,620,1076.03
421,0.000225,0.1,80,8,0.5,0.0045,0.4,0.2,0,0,0.25,505.49,514.36,8.87,1.18,552,949.79
422,0.00025,0.1,80,8,0.5,0.0045,0.4,0.2,0,0,0.25,507.50,515.90,8.39,1.08,525,807.44
423,0.0003,0.1,80,8,0.5,0.0045,0.4,0.2,0,0,0.25,475.07,482.72,7.65,1.36,481,943.13
424,0.000175,0.1,80,4,0.7,0.0045,0.4,0.2,0,0,0.25,488.94,499.13,10.19,1.27,643,1020.47
425,0.000225,0.1,80,4,0.7,0.0045,0.4,0.2,0,0,0.25,466.64,475.83,9.20,1.16,572,818.35
426,0.00025,0.1,80,4,0.7,0.0045,0.4,0.2,0,0,0.25,466.28,475.03,8.74,1.35,550,972.03
427,0.0003,0.1,80,4,0.7,0.0045,0.4,0.2,0,0,0.25,510.50,518.56,8.06,1.32,508,967.14
428,0.000175,0.1,80,8,0.7,0.0045,0.4,0.2,0,0,0.25,567.55,577.70,10.14,1.47,641,1178.78
429,0.000225,0.1,80,8,0.7,0.0045,0.4,0.2,0,0,0.25,559.56,568.68,9.11,1.34,567,1049.89
430,0.00025,0.1,80,8,0.7,0.0045,0.4,0.2,0,0,0.25,541.87,550.66,8.80,1.48,551,1069.30
431,0.0003,0.1,80,8,0.7,0.0045,0.4,0.2,0,0,0.25,484.77,492.71,7.94,1.22,501,817.24
432,0.000175,0.1,80,4,0.2,0.0015,0.1,0.5,0,0,0.25,795.10,812.77,17.67,2.17,758,1933.10
433,0.000225,0.1,80,4,0.2,0.0015,0.1,0.5,0,0,0.25,731.12,747.27,16.15,1.86,689,1707.67
434,0.00025,0.1,80,4,0.2,0.0015,0.1,0.5,0,0,0.25,715.02,730.87,15.85,1.78,658,1686.64
435,0.0003,0.1,80,4,0.2,0.0015,0.1,0.5,0,0,0.25,760.27,775.54,15.27,1.86,616,1811.51
436,0.000175,0.1,80,8,0.2,0.0015,0.1,0.5,0,0,0.25,845.38,862.62,17.24,1.92,747,2141.33
437,0.000225,0.1,80,8,0.2,0.0015,0.1,0.5,0,0,0.25,779.42,795.72,16.31,1.89,696,1844.87
438,0.00025,0.1,80,8,0.2,0.0015,0.1,0.5,0,0,0.25,742.96,759.05,16.09,1.92,660,1784.83
439,0.0003,0.1,80,8,0.2,0.0015,0.1,0.5,0,0,0.25,776.88,792.12,15.23,2.04,608,1901.80
440,0.000175,0.1,80,4,0.5,0.0015,0.1,0.5,0,0,0.25,797.03,815.28,18.25,1.95,797,1901.12
441,0.000225,0.1,80,4,0.5,0.0015,0.1,0.5,0,0,0.25,740.83,757.63,16.80,1.62,713,1693.41
442,0.00025,0.1,80,4,0.5,0.0015,0.1,0.5,0,0,0.25,739.40,756.21,16.81,1.75,699,1786.76
443,0.0003,0.1,80,4,0.5,0.0015,0.1,0.5,0,0,0.25,798.22,814.34,16.13,1.74,651,1944.17
444,0.000175,0.1,80,8,0.5,0.0015,0.1,0.5,0,0,0.25,805.78,823.47,17.68,2.07,778,2088.24
445,0.000225,0.1,80,8,0.5,0.0015,0.1,0.5,0,0,0.25,780.18,796.90,16.72,2.13,708,1964.60
446,0.00025,0.1,80,8,0.5,0.0015,0.1,0.5,0,0,0.25,759.45,775.63,16.17,1.67,680,1900.66
447,0.0003,0.1,80,8,0.5,0.0015,0.1,0.5,0,0,0.25,757.79,773.65,15.86,1.77,649,1841.66
448,0.000175,0.1,80,4,0.7,0.0015,0.1,0.5,0,0,0.25,766.15,784.27,18.13,2.13,803,1931.64
449,0.000225,0.1,80,4,0.7,0.0015,0.1,0.5,0,0,0.25,773.74,790.83,17.08,1.82,731,1755.57
450,0.00025,0.1,80,4,0.7,0.0015,0.1,0.5,0,0,0.25,792.44,809.36,16.92,1.77,706,1864.37
451,0.0003,0.1,80,4,0.7,0.0015,0.1,0.5,0,0,0.25,790.00,806.03,16.03,1.85,661,2017.41
452,0.000175,0.1,80,8,0.7,0.0015,0.1,0.5,0,0,0.25,824.05,841.98,17.93,2.14,793,2128.91
453,0.000225,0.1,80,8,0.7,0.0015,0.1,0.5,0,0,0.25,811.36,828.11,16.75,2.14,730,2098.43
454,0.00025,0.1,80,8,0.7,0.0015,0.1,0.5,0,0,0.25,774.23,791.01,16.78,1.87,710,1926.82
455,0.0003,0.1,80,8,0.7,0.0015,0.1,0.5,0,0,0.25,820.46,836.38,15.92,1.75,657,2020.50
456,0.000175,0.1,80,4,0.2,0.003,0.1,0.5,0,0,0.25,519.26,529.09,9.83,1.41,602,1045.87
457,0.000225,0.1,80,4,0.2,0.003,0.1,0.5,0,0,0.25,479.11,487.80,8.69,1.15,532,909.66
458,0.00025,0.1,80,4,0.2,0.003,0.1,0.5,0,0,0.25,455.17,463.55,8.38,1.18,510,891.78
459,0.0003,0.1,80,4,0.2,0.003,0.1,0.5,0,0,0.25,522.32,529.88,7.55,1.43,461,1014.63
460,0.000175,0.1,80,8,0.2,0.003,0.1,0.5,0,0,0.25,532.56,542.47,9.91,1.45,601,1011.86
461,0.000225,0.1,80,8,0.2,0.003,0.1,0.5,0,0,0.25,535.80,544.39,8.58,1.44,533,1072.36
462,0.00025,0.1,80,8,0.2,0.003,0.1,0.5,0,0,0.25,458.62,466.89,8.28,1.23,504,871.68
463,0.0003,0.1,80,8,0.2,0.003,0.1,0.5,0,0,0.25,481.09,488.64,7.55,1.43,463,1035.86
464,0.000175,0.1,80,4,0.5,0.003,0.1,0.5,0,0,0.25,492.15,502.51,10.36,1.24,632,931.21
465,0.000225,0.1,80,4,0.5,0.003,0.1,0.5,0,0,0.25,512.96,522.09,9.13,1.35,560,999.90
466,0.00025,0.1,80,4,0.5,0.003,0.1,0.5,0,0,0.25,460.51,469.27,8.76,1.08,530,855.54
467,0.0003,0.1,80,4,0.5,0.003,0.1,0.5,0,0,0.25,512.15,520.17,8.02,1.42,487,973.58
468,0.000175,0.1,80,8,0.5,0.003,0.1,0.5,0,0,0.25,534.89,545.27,10.38,1.75,637,1125.60
469,0.000225,0.1,80,8,0.5,0.003,0.1,0.5,0,0,0.25,542.01,551.05,9.05,1.47,551,1065.25
470,0.00025,0.1,80,8,0.5,0.003,0.1,0.5,0,0,0.25,548.93,557.67,8.74,1.47,535,1160.53
471,0.0003,0.1,80,8,0.5,0.003,0.1,0.5,0,0,0.25,495.24,503.24,8.00,1.18,484,948.02
472,0.000175,0.1,80,4,0.7,0.003,0.1,0.5,0,0,0.25,546.23,556.79,10.55,1.36,643,1188.90
473,0.000225,0.1,80,4,0.7,0.003,0.1,0.5,0,0,0.25,509.37,518.81,9.44,1.12,574,963.60
474,0.00025,0.1,80,4,0.7,0.003,0.1,0.5,0,0,0.25,494.37,503.41,9.04,1.21,554,914.47
475,0.0003,0.1,80,4,0.7,0.003,0.1,0.5,0,0,0.25,481.73,490.06,8.33,1.30,507,886.62
476,0.000175,0.1,80,8,0.7,0.003,0.1,0.5,0,0,0.25,608.10,618.59,10.48,1.68,640,1247.20
477,0.000225,0.1,80,8,0.7,0.003,0.1,0.5,0,0,0.25,546.99,556.42,9.43,1.31,578,1053.74
478,0.00025,0.1,80,8,0.7,0.003,0.1,0.5,0,0,0.25,536.84,545.83,8.99,1.30,549,1006.11
479,0.0003,0.1,80,8,0.7,0.003,0.1,0.5,0,0,0.25,515.99,523.99,8.00,1.37,496,996.32
480,0.000175,0.1,80,4,0.2,0.0045,0.1,0.5,0,0,0.25,529.52,539.12,9.59,1.33,600,1117.14
481,0.000225,0.1,80,4,0.2,0.0045,0.1,0.5,0,0,0.25,437.04,445.43,8.39,1.11,531,927.35
482,0.00025,0.1,80,4,0.2,0.0045,0.1,0.5,0,0,0.25,501.84,509.72,7.89,1.34,496,1045.98
483,0.0003,0.1,80,4,0.2,0.0045,0.1,0.5,0,0,0.25,457.66,464.82,7.16,1.30,457,970.76
484,0.000175,0.1,80,8,0.2,0.0045,0.1,0.5,0,0,0.25,528.87,538.44,9.57,1.32,598,1018.30
485,0.000225,0.1,80,8,0.2,0.0045,0.1,0.5,0,0,0.25,480.65,488.97,8.32,1.36,530,980.66
486,0.00025,0.1,80,8,0.2,0.0045,0.1,0.5,0,0,0.25,515.61,523.59,7.97,1.31,504,988.32
487,0.0003,0.1,80,8,0.2,0.0045,0.1,0.5,0,0,0.25,449.96,457.02,7.06,1.17,445,841.41
488,0.000175,0.1,80,4,0.5,0.0045,0.1,0.5,0,0,0.25,500.09,510.01,9.92,1.49,625,1026.47
489,0.000225,0.1,80,4,0.5,0.0045,0.1,0.5,0,0,0.25,519.63,528.33,8.71,1.29,549,949.47
490,0.00025,0.1,80,4,0.5,0.0045,0.1,0.5,0,0,0.25,462.83,471.20,8.37,1.16,527,902.64
491,0.0003,0.1,80,4,0.5,0.0045,0.1,0.5,0,0,0.25,455.12,462.83,7.71,1.14,487,873.49
492,0.000175,0.1,80,8,0.5,0.0045,0.1,0.5,0,0,0.25,559.07,569.00,9.93,1.49,626,1110.14
493,0.000225,0.1,80,8,0.5,0.0045,0.1,0.5,0,0,0.25,529.65,538.46,8.81,1.36,555,1060.21
494,0.00025,0.1,80,8,0.5,0.0045,0.1,0.5,0,0,0.25,572.21,580.55,8.34,1.45,526,1076.10
495,0.0003,0.1,80,8,0.5,0.0045,0.1,0.5,0,0,0.25,490.29,497.76,7.47,1.23,475,914.76
496,0.000175,0.1,80,4,0.7,0.0045,0.1,0.5,0,0,0.25,521.21,531.40,10.19,1.23,636,1109.15
497,0.000225,0.1,80,4,0.7,0.0045,0.1,0.5,0,0,0.25,487.10,496.28,9.18,0.97,572,826.27
498,0.00025,0.1,80,4,0.7,0.0045,0.1,0.5,0,0,0.25,482.44,491.15,8.71,1.21,551,936.67
499,0.0003,0.1,80,4,0.7,0.0045,0.1,0.5,0,0,0.25,483.05,491.02,7.97,1.44,505,929.75
500,0.000175,0.1,80,8,0.7,0.0045,0.1,0.5,0,0,0.25,555.60,565.86,10.26,1.55,642,1169.72
501,0.000225,0.1,80,8,0.7,0.0045,0.1,0.5,0,0,0.25,537.54,546.67,9.13,1.42,574,1027.56
502,0.00025,0.1,80,8,0.7,0.0045,0.1,0.5,0,0,0.25,506.82,515.53,8.71,1.34,552,934.90
503,0.0003,0.1,80,8,0.7,0.0045,0.1,0.5,0,0,0.25,523.40,531.33,7.93,1.27,499,943.56
504,0.000175,0.1,80,4,0.2,0.0015,0.2,0.5,0,0,0.25,808.75,827.22,18.47,2.11,777,1861.87
505,0.000225,0.1,80,4,0.2,0.0015,0.2,0.5,0,0,0.25,782.21,799.36,17.15,1.84,699,1787.32
506,0.00025,0.1,80,4,0.2,0.0015,0.2,0.5,0,0,0.25,763.32,780.28,16.96,1.62,678,1684.39
507,0.0003,0.1,80,4,0.2,0.0015,0.2,0.5,0,0,0.25,764.54,781.06,16.52,2.05,637,1978.13
508,0.000175,0.1,80,8,0.2,0.0015,0.2,0.5,0,0,0.25,839.88,858.63,18.75,2.11,778,2133.02
509,0.000225,0.1,80,8,0.2,0.0015,0.2,0.5,0,0,0.25,810.43,827.75,17.32,1.99,705,1961.57
510,0.00025,0.1,80,8,0.2,0.0015,0.2,0.5,0,0,0.25,753.06,770.07,17.01,1.74,678,1787.49
511,0.0003,0.1,80,8,0.2,0.0015,0.2,0.5,0,0,0.25,718.56,734.70,16.14,1.95,620,1783.51
512,0.000175,0.1,80,4,0.5,0.0015,0.2,0.5,0,0,0.25,824.55,843.72,19.17,2.13,808,1991.18
513,0.000225,0.1,80,4,0.5,0.0015,0.2,0.5,0,0,0.25,810.43,828.16,17.73,1.77,729,1921.21
514,0.00025,0.1,80,4,0.5,0.0015,0.2,0.5,0,0,0.25,774.91,792.06,17.15,1.77,707,1773.71
515,0.0003,0.1,80,4,0.5,0.0015,0.2,0.5,0,0,0.25,827.78,845.05,17.27,1.89,667,2058.01
516,0.000175,0.1,80,8,0.5,0.0015,0.2,0.5,0,0,0.25,851.78,870.45,18.67,2.23,803,2223.96
517,0.000225,0.1,80,8,0.5,0.0015,0.2,0.5,0,0,0.25,818.20,836.07,17.87,2.14,729,2093.96
518,0.00025,0.1,80,8,0.5,0.0015,0.2,0.5,0,0,0.25,790.95,808.03,17.08,1.88,695,1860.71
519,0.0003,0.1,80,8,0.5,0.0015,0.2,0.5,0,0,0.25,792.66,809.61,16.95,2.04,671,1951.12
520,0.000175,0.1,80,4,0.7,0.0015,0.2,0.5,0,0,0.25,825.26,844.41,19.16,2.01,811,1973.21
521,0.000225,0.1,80,4,0.7,0.0015,0.2,0.5,0,0,0.25,833.03,851.02,17.99,1.85,743,1910.66
522,0.00025,0.1,80,4,0.7,0.0015,0.2,0.5,0,0,0.25,785.58,803.07,17.50,1.84,725,1781.80
523,0.0003,0.1,80,4,0.7,0.0015,0.2,0.5,0,0,0.25,824.76,841.74,16.98,1.62,678,1849.72
524,0.000175,0.1,80,8,0.7,0.0015,0.2,0.5,0,0,0.25,836.15,855.35,19.20,2.07,816,2124.04
525,0.000225,0.1,80,8,0.7,0.0015,0.2,0.5,0,0,0.25,801.60,819.71,18.11,1.93,752,1906.46
526,0.00025,0.1,80,8,0.7,0.0015,0.2,0.5,0,0,0.25,835.29,853.05,17.77,1.78,722,2001.63
527,0.0003,0.1,80,8,0.7,0.0015,0.2,0.5,0,0,0.25,822.48,839.38,16.90,1.74,670,2005.86
528,0.000175,0.1,80,4,0.2,0.003,0.2,0.5,0,0,0.25,554.62,564.47,9.86,1.45,603,1139.33
529,0.000225,0.1,80,4,0.2,0.003,0.2,0.5,0,0,0.25,470.09,478.96,8.86,1.12,533,784.07
530,0.00025,0.1,80,4,0.2,0.003,0.2,0.5,0,0,0.25,431.77,440.23,8.46,1.07,513,798.91
531,0.0003,0.1,80,4,0.2,0.003,0.2,0.5,0,0,0.25,486.88,494.43,7.55,1.38,463,1123.34
532,0.000175,0.1,80,8,0.2,0.003,0.2,0.5,0,0,0.25,536.95,546.97,10.02,1.28,604,1019.29
533,0.000225,0.1,80,8,0.2,0.003,0.2,0.5,0,0,0.25,504.56,513.42,8.87,1.35,530,969.91
534,0.00025,0.1,80,8,0.2,0.003,0.2,0.5,0,0,0.25,459.95,468.38,8.43,1.24,512,837.54
535,0.0003,0.1,80,8,0.2,0.003,0.2,0.5,0,0,0.25,488.40,495.99,7.59,1.29,464,956.55
536,0.000175,0.1,80,4,0.5,0.003,0.2,0.5,0,0,0.25,525.18,535.49,10.31,1.25,628,998.41
537,0.000225,0.1,80,4,0.5,0.003,0.2,0.5,0,0,0.25,503.70,512.76,9.06,1.20,551,1023.77
538,0.00025,0.1,80,4,0.5,0.003,0.2,0.5,0,0,0.25,485.26,494.04,8.78,1.25,533,912.85
539,0.0003,0.1,80,4,0.5,0.003,0.2,0.5,0,0,0.25,518.38,526.64,8.26,1.43,493,1082.01
540,0.000175,0.1,80,8,0.5,0.003,0.2,0.5,0,0,0.25,524.05,534.48,10.43,1.44,640,1017.18
541,0.000225,0.1,80,8,0.5,0.003,0.2,0.5,0,0,0.25,572.20,581.47,9.28,1.70,557,1141.05
542,0.00025,0.1,80,8,0.5,0.003,0.2,0.5,0,0,0.25,502.47,511.27,8.80,1.24,535,875.33
543,0.0003,0.1,80,8,0.5,0.003,0.2,0.5,0,0,0.25,497.96,506.09,8.12,1.42,493,1058.67
544,0.000175,0.1,80,4,0.7,0.003,0.2,0.5,0,0,0.25,489.96,500.48,10.52,1.18,640,995.46
545,0.000225,0.1,80,4,0.7,0.003,0.2,0.5,0,0,0.25,519.01,528.47,9.46,1.24,582,928.25
546,0.00025,0.1,80,4,0.7,0.003,0.2,0.5,0,0,0.25,502.38,511.50,9.12,1.25,554,934.28
547,0.0003,0.1,80,4,0.7,0.003,0.2,0.5,0,0,0.25,492.31,500.75,8.43,1.21,512,891.19
548,0.000175,0.1,80,8,0.7,0.003,0.2,0.5,0,0,0.25,537.13,547.75,10.62,1.57,647,1108.47
549,0.000225,0.1,80,8,0.7,0.003,0.2,0.5,0,0,0.25,547.57,557.06,9.48,1.24,583,955.49
550,0.00025,0.1,80,8,0.7,0.003,0.2,0.5,0,0,0.25,541.23,550.33,9.10,1.58,557,1058.18
551,0.0003,0.1,80,8,0.7,0.003,0.2,0.5,0,0,0.25,518.65,526.94,8.30,1.55,506,1058.44
552,0.000175,0.1,80,4,0.2,0.0045,0.2,0.5,0,0,0.25,504.23,513.83,9.60,1.21,599,1117.12
553,0.000225,0.1,80,4,0.2,0.0045,0.2,0.5,0,0,0.25,482.02,490.55,8.53,1.28,534,1049.70
554,0.00025,0.1,80,4,0.2,0.0045,0.2,0.5,0,0,0.25,452.95,460.93,7.98,1.08,503,813.55
555,0.0003,0.1,80,4,0.2,0.0045,0.2,0.5,0,0,0.25,462.40,469.61,7.21,1.31,455,924.92
556,0.000175,0.1,80,8,0.2,0.0045,0.2,0.5,0,0,0.25,551.97,561.56,9.59,1.29,597,975.04
557,0.000225,0.1,80,8,0.2,0.0045,0.2,0.5,0,0,0.25,477.33,485.77,8.44,1.14,533,871.40
558,0.00025,0.1,80,8,0.2,0.0045,0.2,0.5,0,0,0.25,515.24,523.35,8.10,1.16,502,964.18
559,0.0003,0.1,80,8,0.2,0.0045,0.2,0.5,0,0,0.25,479.98,487.01,7.04,1.47,448,982.11
560,0.000175,0.1,80,4,0.5,0.0045,0.2,0.5,0,0,0.25,495.13,505.25,10.12,1.44,633,1143.41
561,0.000225,0.1,80,4,0.5,0.0045,0.2,0.5,0,0,0.25,465.36,474.36,9.01,1.03,557,947.09
562,0.00025,0.1,80,4,0.5,0.0045,0.2,0.5,0,0,0.25,485.88,494.29,8.41,1.15,529,884.53
563,0.0003,0.1,80,4,0.5,0.0045,0.2,0.5,0,0,0.25,523.98,531.66,7.67,1.33,490,1005.59
564,0.000175,0.1,80,8,0.5,0.0045,0.2,0.5,0,0,0.25,529.86,539.91,10.05,1.61,631,1083.89
565,0.000225,0.1,80,8,0.5,0.0045,0.2,0.5,0,0,0.25,505.54,514.37,8.83,1.32,550,963.26
566,0.00025,0.1,80,8,0.5,0.0045,0.2,0.5,0,0,0.25,545.76,554.20,8.44,1.34,536,1078.45
567,0.0003,0.1,80,8,0.5,0.0045,0.2,0.5,0,0,0.25,547.39,554.93,7.53,1.49,477,1165.23
568,0.000175,0.1,80,4,0.7,0.0045,0.2,0.5,0,0,0.25,501.10,511.37,10.26,1.46,643,1162.11
569,0.000225,0.1,80,4,0.7,0.0045,0.2,0.5,0,0,0.25,507.61,516.82,9.21,1.29,577,1052.94
570,0.00025,0.1,80,4,0.7,0.0045,0.2,0.5,0,0,0.25,532.52,541.18,8.67,1.34,544,1033.76
571,0.0003,0.1,80,4,0.7,0.0045,0.2,0.5,0,0,0.25,494.28,502.16,7.88,1.33,501,937.82
572,0.000175,0.1,80,8,0.7,0.0045,0.2,0.5,0,0,0.25,525.41,535.69,10.28,1.23,638,944.83
573,0.000225,0.1,80,8,0.7,0.0045,0.2,0.5,0,0,0.25,528.26,537.46,9.20,1.21,576,956.54
574,0.00025,0.1,80,8,0.7,0.0045,0.2,0.5,0,0,0.25,527.94,536.55,8.61,1.41,548,978.74
575,0.0003,0.1,80,8,0.7,0.0045,0.2,0.5,0,0,0.25,499.73,507.47,7.75,1.29,489,919.28
576,0.000175,0.1,80,4,0.2,0.0015,0.4,0.5,0,0,0.25,825.35,845.14,19.79,2.05,775,2002.68
577,0.000225,0.1,80,4,0.2,0.0015,0.4,0.5,0,0,0.25,772.23,791.62,19.40,1.61,702,1708.11
578,0.00025,0.1,80,4,0.2,0.0015,0.4,0.5,0,0,0.25,797.65,816.35,18.69,1.64,683,1824.36
579,0.0003,0.1,80,4,0.2,0.0015,0.4,0.5,0,0,0.25,748.02,766.29,18.27,1.74,635,1777.42
580,0.000175,0.1,80,8,0.2,0.0015,0.4,0.5,0,0,0.25,856.18,876.46,20.28,2.22,776,2184.14
581,0.000225,0.1,80,8,0.2,0.0015,0.4,0.5,0,0,0.25,813.98,833.05,19.07,2.21,728,1990.95
582,0.00025,0.1,80,8,0.2,0.0015,0.4,0.5,0,0,0.25,746.34,764.80,18.45,1.52,660,1748.47
583,0.0003,0.1,80,8,0.2,0.0015,0.4,0.5,0,0,0.25,773.31,790.85,17.55,1.77,613,1786.57
584,0.000175,0.1,80,4,0.5,0.0015,0.4,0.5,0,0,0.25,816.33,836.60,20.27,1.93,783,1952.34
585,0.000225,0.1,80,4,0.5,0.0015,0.4,0.5,0,0,0.25,799.48,818.90,19.42,1.69,728,1852.53
586,0.00025,0.1,80,4,0.5,0.0015,0.4,0.5,0,0,0.25,773.46,792.15,18.69,1.61,682,1722.82
587,0.0003,0.1,80,4,0.5,0.0015,0.4,0.5,0,0,0.25,819.59,838.28,18.70,2.00,685,1994.42
588,0.000175,0.1,80,8,0.5,0.0015,0.4,0.5,0,0,0.25,873.04,893.50,20.46,2.37,792,2259.16
589,0.000225,0.1,80,8,0.5,0.0015,0.4,0.5,0,0,0.25,740.29,759.35,19.05,1.56,674,1806.48
590,0.00025,0.1,80,8,0.5,0.0015,0.4,0.5,0,0,0.25,809.70,828.76,19.06,1.85,709,2026.90
591,0.0003,0.1,80,8,0.5,0.0015,0.4,0.5,0,0,0.25,786.90,805.39,18.49,1.96,661,1910.78
592,0.000175,0.1,80,4,0.7,0.0015,0.4,0.5,0,0,0.25,845.99,866.55,20.57,2.12,811,2006.74
593,0.000225,0.1,80,4,0.7,0.0015,0.4,0.5,0,0,0.25,810.76,831.01,20.25,1.80,773,1867.34
594,0.00025,0.1,80,4,0.7,0.0015,0.4,0.5,0,0,0.25,797.38,816.50,19.12,1.90,709,1946.35
595,0.0003,0.1,80,4,0.7,0.0015,0.4,0.5,0,0,0.25,827.96,846.86,18.91,1.94,709,1953.98
596,0.000175,0.1,80,8,0.7,0.0015,0.4,0.5,0,0,0.25,862.19,882.98,20.79,2.32,831,2082.81
597,0.000225,0.1,80,8,0.7,0.0015,0.4,0.5,0,0,0.25,826.46,845.97,19.51,2.03,750,2071.35
598,0.00025,0.1,80,8,0.7,0.0015,0.4,0.5,0,0,0.25,756.00,774.98,18.98,1.62,696,1877.59
599,0.0003,0.1,80,8,0.7,0.0015,0.4,0.5,0,0,0.25,764.00,782.61,18.61,1.61,646,1702.90
600,0.000175,0.1,80,4,0.2,0.003,0.4,0.5,0,0,0.25,504.54,514.61,10.08,1.32,606,838.33
601,0.000225,0.1,80,4,0.2,0.003,0.4,0.5,0,0,0.25,482.19,491.25,9.07,1.18,536,917.03
602,0.00025,0.1,80,4,0.2,0.003,0.4,0.5,0,0,0.25,490.24,498.68,8.44,1.27,512,964.52
603,0.0003,0.1,80,4,0.2,0.003,0.4,0.5,0,0,0.25,484.90,492.66,7.76,1.58,462,977.39
604,0.000175,0.1,80,8,0.2,0.003,0.4,0.5,0,0,0.25,516.23,526.49,10.25,1.39,605,1075.49
605,0.000225,0.1,80,8,0.2,0.003,0.4,0.5,0,0,0.25,513.59,522.66,9.07,1.36,537,1077.63
606,0.00025,0.1,80,8,0.2,0.003,0.4,0.5,0,0,0.25,493.00,501.57,8.57,1.26,511,958.60
607,0.0003,0.1,80,8,0.2,0.003,0.4,0.5,0,0,0.25,494.11,501.77,7.66,1.29,457,947.44
608,0.000175,0.1,80,4,0.5,0.003,0.4,0.5,0,0,0.25,515.51,525.96,10.45,1.45,631,1089.15
609,0.000225,0.1,80,4,0.5,0.003,0.4,0.5,0,0,0.25,480.34,489.72,9.38,1.27,563,1023.42
610,0.00025,0.1,80,4,0.5,0.003,0.4,0.5,0,0,0.25,458.11,467.02,8.91,1.18,532,1013.18
611,0.0003,0.1,80,4,0.5,0.003,0.4,0.5,0,0,0.25,486.64,494.81,8.16,1.24,491,899.57
612,0.000175,0.1,80,8,0.5,0.003,0.4,0.5,0,0,0.25,561.69,572.04,10.35,1.42,628,1121.88
613,0.000225,0.1,80,8,0.5,0.003,0.4,0.5,0,0,0.25,568.28,577.63,9.35,1.43,562,1014.70
614,0.00025,0.1,80,8,0.5,0.003,0.4,0.5,0,0,0.25,487.76,496.58,8.83,1.11,531,984.99
615,0.0003,0.1,80,8,0.5,0.003,0.4,0.5,0,0,0.25,527.32,535.50,8.18,1.33,491,1046.53
616,0.000175,0.1,80,4,0.7,0.003,0.4,0.5,0,0,0.25,521.20,531.80,10.60,1.44,640,1003.78
617,0.000225,0.1,80,4,0.7,0.003,0.4,0.5,0,0,0.25,541.90,551.74,9.85,1.22,579,986.10
618,0.00025,0.1,80,4,0.7,0.003,0.4,0.5,0,0,0.25,565.54,574.78,9.24,1.36,553,1044.05
619,0.0003,0.1,80,4,0.7,0.003,0.4,0.5,0,0,0.25,510.98,519.35,8.37,1.41,507,1043.71
620,0.000175,0.1,80,8,0.7,0.003,0.4,0.5,0,0,0.25,580.04,590.96,10.92,1.38,649,1265.72
621,0.000225,0.1,80,8,0.7,0.003,0.4,0.5,0,0,0.25,560.87,570.73,9.86,1.53,581,1171.60
622,0.00025,0.1,80,8,0.7,0.003,0.4,0.5,0,0,0.25,572.91,582.21,9.31,1.40,559,1096.19
623,0.0003,0.1,80,8,0.7,0.003,0.4,0.5,0,0,0.25,570.68,579.33,8.66,1.50,512,1136.69
624,0.000175,0.1,80,4,0.2,0.0045,0.4,0.5,0,0,0.25,511.65,521.28,9.63,1.27,600,1060.57
625,0.000225,0.1,80,4,0.2,0.0045,0.4,0.5,0,0,0.25,497.75,506.26,8.51,1.26,530,1045.01
626,0.00025,0.1,80,4,0.2,0.0045,0.4,0.5,0,0,0.25,444.19,452.20,8.01,1.08,505,854.55
627,0.0003,0.1,80,4,0.2,0.0045,0.4,0.5,0,0,0.25,454.67,461.92,7.25,1.20,455,815.59
628,0.000175,0.1,80,8,0.2,0.0045,0.4,0.5,0,0,0.25,565.34,574.98,9.65,1.22,597,1073.61
629,0.000225,0.1,80,8,0.2,0.0045,0.4,0.5,0,0,0.25,474.64,483.33,8.69,1.33,533,898.74
630,0.00025,0.1,80,8,0.2,0.0045,0.4,0.5,0,0,0.25,541.82,550.07,8.24,1.30,509,1016.22
631,0.0003,0.1,80,8,0.2,0.0045,0.4,0.5,0,0,0.25,516.79,523.89,7.10,1.44,448,940.24
632,0.000175,0.1,80,4,0.5,0.0045,0.4,0.5,0,0,0.25,494.31,504.40,10.09,1.26,633,1051.70
633,0.000225,0.1,80,4,0.5,0.0045,0.4,0.5,0,0,0.25,499.54,508.42,8.88,1.23,555,959.83
634,0.00025,0.1,80,4,0.5,0.0045,0.4,0.5,0,0,0.25,517.06,525.52,8.46,1.38,530,1033.50
635,0.0003,0.1,80,4,0.5,0.0045,0.4,0.5,0,0,0.25,460.85,468.65,7.80,1.06,485,840.12
636,0.000175,0.1,80,8,0.5,0.0045,0.4,0.5,0,0,0.25,558.98,569.07,10.09,1.68,630,1204.08
637,0.000225,0.1,80,8,0.5,0.0045,0.4,0.5,0,0,0.25,542.10,551.03,8.93,1.30,559,992.88
638,0.00025,0.1,80,8,0.5,0.0045,0.4,0.5,0,0,0.25,470.43,478.87,8.44,1.14,533,812.66
639,0.0003,0.1,80,8,0.5,0.0045,0.4,0.5,0,0,0.25,486.90,494.62,7.72,1.25,485,925.86
640,0.000175,0.1,80,4,0.7,0.0045,0.4,0.5,0,0,0.25,501.26,511.37,10.11,1.34,638,1086.85
641,0.000225,0.1,80,4,0.7,0.0045,0.4,0.5,0,0,0.25,484.53,493.75,9.22,1.21,573,798.58
642,0.00025,0.1,80,4,0.7,0.0045,0.4,0.5,0,0,0.25,507.16,516.15,8.99,1.40,559,1014.20
643,0.0003,0.1,80,4,0.7,0.0045,0.4,0.5,0,0,0.25,515.56,523.47,7.91,1.28,501,1003.39
644,0.000175,0.1,80,8,0.7,0.0045,0.4,0.5,0,0,0.25,540.71,551.00,10.29,1.45,643,1138.18
645,0.000225,0.1,80,8,0.7,0.0045,0.4,0.5,0,0,0.25,526.66,535.75,9.09,1.29,566,969.10
646,0.00025,0.1,80,8,0.7,0.0045,0.4,0.5,0,0,0.25,535.66,544.37,8.70,1.32,546,985.80
647,0.0003,0.1,80,8,0.7,0.0045,0.4,0.5,0,0,0.25,533.04,541.18,8.14,1.20,506,1047.27
648,0.000175,0.1,80,4,0.2,0.0015,0.1,0,0,0,0.5,813.22,830.93,17.71,2.17,769,1974.73
649,0.000225,0.1,80,4,0.2,0.0015,0.1,0,0,0,0.5,778.38,795.00,16.62,1.60,694,1706.06
650,0.00025,0.1,80,4,0.2,0.0015,0.1,0,0,0,0.5,764.71,780.78,16.07,1.64,667,1857.74
651,0.0003,0.1,80,4,0.2,0.0015,0.1,0,0,0,0.5,801.05,816.44,15.38,1.93,616,1925.54
652,0.000175,0.1,80,8,0.2,0.0015,0.1,0,0,0,0.5,789.80,807.43,17.63,2.25,765,2163.73
653,0.000225,0.1,80,8,0.2,0.0015,0.1,0,0,0,0.5,787.46,803.84,16.37,1.78,699,1794.76
654,0.00025,0.1,80,8,0.2,0.0015,0.1,0,0,0,0.5,781.81,797.89,16.08,1.88,663,1852.26
655,0.0003,0.1,80,8,0.2,0.0015,0.1,0,0,0,0.5,787.07,802.46,15.38,1.79,623,1851.70
656,0.000175,0.1,80,4,0.5,0.0015,0.1,0,0,0,0.5,822.16,840.28,18.12,1.99,813,1907.99
657,0.000225,0.1,80,4,0.5,0.0015,0.1,0,0,0,0.5,798.15,815.41,17.27,1.87,740,1953.31
658,0.00025,0.1,80,4,0.5,0.0015,0.1,0,0,0,0.5,788.05,804.50,16.45,1.82,709,1844.84
659,0.0003,0.1,80,4,0.5,0.0015,0.1,0,0,0,0.5,779.91,796.02,16.10,1.72,668,1833.34
660,0.000175,0.1,80,8,0.5,0.0015,0.1,0,0,0,0.5,837.37,855.17,17.80,2.25,804,2116.94
661,0.000225,0.1,80,8,0.5,0.0015,0.1,0,0,0,0.5,859.26,876.16,16.90,2.15,734,2327.82
662,0.00025,0.1,80,8,0.5,0.0015,0.1,0,0,0,0.5,786.65,803.37,16.72,2.02,708,2014.60
663,0.0003,0.1,80,8,0.5,0.0015,0.1,0,0,0,0.5,820.62,836.74,16.13,1.80,657,1990.81
664,0.000175,0.1,80,4,0.7,0.0015,0.1,0,0,0,0.5,844.93,863.53,18.61,2.22,845,2113.41
665,0.000225,0.1,80,4,0.7,0.0015,0.1,0,0,0,0.5,797.07,814.66,17.59,1.73,776,1948.45
666,0.00025,0.1,80,4,0.7,0.0015,0.1,0,0,0,0.5,816.31,833.45,17.14,1.79,747,1990.47
667,0.0003,0.1,80,4,0.7,0.0015,0.1,0,0,0,0.5,812.78,829.42,16.64,1.84,698,2149.36
668,0.000175,0.1,80,8,0.7,0.0015,0.1,0,0,0,0.5,854.55,872.90,18.35,2.00,839,1978.10
669,0.000225,0.1,80,8,0.7,0.0015,0.1,0,0,0,0.5,818.45,835.75,17.30,1.95,773,2026.88
670,0.00025,0.1,80,8,0.7,0.0015,0.1,0,0,0,0.5,829.62,846.91,17.29,1.96,761,2016.58
671,0.0003,0.1,80,8,0.7,0.0015,0.1,0,0,0,0.5,848.15,864.61,16.46,1.87,695,2065.82
672,0.000175,0.1,80,4,0.2,0.003,0.1,0,0,0,0.5,536.27,546.19,9.92,1.52,614,1177.05
673,0.000225,0.1,80,4,0.2,0.003,0.1,0,0,0,0.5,519.05,527.88,8.83,1.29,537,996.46
674,0.00025,0.1,80,4,0.2,0.003,0.1,0,0,0,0.5,487.26,495.79,8.53,1.19,515,958.22
675,0.0003,0.1,80,4,0.2,0.003,0.1,0,0,0,0.5,466.53,474.22,7.68,1.45,462,958.97
676,0.000175,0.1,80,8,0.2,0.003,0.1,0,0,0,0.5,563.19,573.37,10.18,1.56,622,1084.88
677,0.000225,0.1,80,8,0.2,0.003,0.1,0,0,0,0.5,518.74,527.73,8.98,1.30,548,1118.66
678,0.00025,0.1,80,8,0.2,0.003,0.1,0,0,0,0.5,502.45,510.68,8.23,1.30,513,950.55
679,0.0003,0.1,80,8,0.2,0.003,0.1,0,0,0,0.5,491.50,499.08,7.58,1.28,457,946.25
680,0.000175,0.1,80,4,0.5,0.003,0.1,0,0,0,0.5,529.92,540.68,10.76,1.45,659,1140.10
681,0.000225,0.1,80,4,0.5,0.003,0.1,0,0,0,0.5,550.82,560.26,9.43,1.28,587,1047.33
682,0.00025,0.1,80,4,0.5,0.003,0.1,0,0,0,0.5,511.14,520.25,9.11,1.32,557,1035.01
683,0.0003,0.1,80,4,0.5,0.003,0.1,0,0,0,0.5,534.15,542.58,8.42,1.33,507,1013.73
684,0.000175,0.1,80,8,0.5,0.003,0.1,0,0,0,0.5,594.12,604.57,10.46,1.46,649,1083.55
685,0.000225,0.1,80,8,0.5,0.003,0.1,0,0,0,0.5,566.90,576.56,9.66,1.44,593,1166.78
686,0.00025,0.1,80,8,0.5,0.003,0.1,0,0,0,0.5,534.09,543.20,9.11,1.31,563,965.89
687,0.0003,0.1,80,8,0.5,0.003,0.1,0,0,0,0.5,498.60,506.89,8.30,1.30,511,970.08
688,0.000175,0.1,80,4,0.7,0.003,0.1,0,0,0,0.5,516.16,527.14,10.97,1.45,684,1090.96
689,0.000225,0.1,80,4,0.7,0.003,0.1,0,0,0,0.5,554.84,564.99,10.15,1.32,627,1043.20
690,0.00025,0.1,80,4,0.7,0.003,0.1,0,0,0,0.5,528.77,538.32,9.56,1.44,600,1002.44
691,0.0003,0.1,80,4,0.7,0.003,0.1,0,0,0,0.5,530.51,539.48,8.97,1.27,548,920.94
692,0.000175,0.1,80,8,0.7,0.003,0.1,0,0,0,0.5,592.08,603.22,11.14,1.64,690,1212.38
693,0.000225,0.1,80,8,0.7,0.003,0.1,0,0,0,0.5,587.44,597.46,10.02,1.32,626,1145.13
694,0.00025,0.1,80,8,0.7,0.003,0.1,0,0,0,0.5,572.89,582.30,9.41,1.30,584,1092.30
695,0.0003,0.1,80,8,0.7,0.003,0.1,0,0,0,0.5,569.06,577.71,8.66,1.27,542,1131.33
696,0.000175,0.1,80,4,0.2,0.0045,0.1,0,0,0,0.5,519.40,529.08,9.69,1.48,605,1063.09
697,0.000225,0.1,80,4,0.2,0.0045,0.1,0,0,0,0.5,505.27,513.70,8.42,1.22,530,1081.90
698,0.00025,0.1,80,4,0.2,0.0045,0.1,0,0,0,0.5,514.39,522.43,8.05,1.30,506,1042.50
699,0.0003,0.1,80,4,0.2,0.0045,0.1,0,0,0,0.5,481.64,488.95,7.31,1.33,459,1023.41
700,0.000175,0.1,80,8,0.2,0.0045,0.1,0,0,0,0.5,561.34,571.01,9.67,1.65,616,1201.44
701,0.000225,0.1,80,8,0.2,0.0045,0.1,0,0,0,0.5,500.55,509.09,8.54,1.34,536,1078.44
702,0.00025,0.1,80,8,0.2,0.0045,0.1,0,0,0,0.5,488.29,496.26,7.97,1.13,499,936.19
703,0.0003,0.1,80,8,0.2,0.0045,0.1,0,0,0,0.5,540.48,547.60,7.12,1.40,453,1032.00
704,0.000175,0.1,80,4,0.5,0.0045,0.1,0,0,0,0.5,572.60,582.89,10.29,1.39,649,1139.76
705,0.000225,0.1,80,4,0.5,0.0045,0.1,0,0,0,0.5,529.06,538.39,9.34,1.20,590,951.36
706,0.00025,0.1,80,4,0.5,0.0045,0.1,0,0,0,0.5,499.72,508.70,8.99,1.20,566,897.78
707,0.0003,0.1,80,4,0.5,0.0045,0.1,0,0,0,0.5,529.51,537.63,8.12,1.52,510,1045.01
708,0.000175,0.1,80,8,0.5,0.0045,0.1,0,0,0,0.5,563.39,573.65,10.25,1.38,643,1067.33
709,0.000225,0.1,80,8,0.5,0.0045,0.1,0,0,0,0.5,555.08,564.37,9.29,1.26,591,1076.52
710,0.00025,0.1,80,8,0.5,0.0045,0.1,0,0,0,0.5,540.29,549.12,8.82,1.30,558,956.20
711,0.0003,0.1,80,8,0.5,0.0045,0.1,0,0,0,0.5,548.69,556.63,7.94,1.49,506,1093.68
712,0.000175,0.1,80,4,0.7,0.0045,0.1,0,0,0,0.5,592.59,603.50,10.91,1.60,688,1294.60
713,0.000225,0.1,80,4,0.7,0.0045,0.1,0,0,0,0.5,568.34,578.18,9.84,1.51,618,1140.16
714,0.00025,0.1,80,4,0.7,0.0045,0.1,0,0,0,0.5,555.90,565.19,9.29,1.20,588,948.62
715,0.0003,0.1,80,4,0.7,0.0045,0.1,0,0,0,0.5,563.38,571.95,8.57,1.44,546,999.87
716,0.000175,0.1,80,8,0.7,0.0045,0.1,0,0,0,0.5,601.14,611.88,10.74,1.41,682,1183.83
717,0.000225,0.1,80,8,0.7,0.0045,0.1,0,0,0,0.5,582.07,591.68,9.61,1.61,618,1137.79
718,0.00025,0.1,80,8,0.7,0.0045,0.1,0,0,0,0.5,560.69,569.95,9.26,1.38,597,1077.47
719,0.0003,0.1,80,8,0.7,0.0045,0.1,0,0,0,0.5,568.47,576.99,8.52,1.33,537,978.37
720,0.000175,0.1,80,4,0.2,0.0015,0.2,0,0,0,0.5,793.72,812.25,18.53,2.21,788,2000.71
721,0.000225,0.1,80,4,0.2,0.0015,0.2,0,0,0,0.5,809.72,827.31,17.59,1.97,709,1907.32
722,0.00025,0.1,80,4,0.2,0.0015,0.2,0,0,0,0.5,800.02,817.05,17.03,1.85,690,1939.33
723,0.0003,0.1,80,4,0.2,0.0015,0.2,0,0,0,0.5,789.18,805.69,16.50,1.93,639,1907.31
724,0.000175,0.1,80,8,0.2,0.0015,0.2,0,0,0,0.5,899.47,918.09,18.61,2.19,774,2355.95
725,0.000225,0.1,80,8,0.2,0.0015,0.2,0,0,0,0.5,756.95,774.49,17.54,1.74,714,1816.41
726,0.00025,0.1,80,8,0.2,0.0015,0.2,0,0,0,0.5,818.39,835.43,17.04,2.05,682,1956.55
727,0.0003,0.1,80,8,0.2,0.0015,0.2,0,0,0,0.5,793.65,810.28,16.63,1.74,643,1774.22
728,0.000175,0.1,80,4,0.5,0.0015,0.2,0,0,0,0.5,849.95,869.00,19.05,2.11,823,2140.42
729,0.000225,0.1,80,4,0.5,0.0015,0.2,0,0,0,0.5,835.42,853.80,18.39,2.09,758,2073.89
730,0.00025,0.1,80,4,0.5,0.0015,0.2,0,0,0,0.5,851.35,869.35,18.00,1.77,740,2063.65
731,0.0003,0.1,80,4,0.5,0.0015,0.2,0,0,0,0.5,852.86,869.94,17.07,1.88,683,1932.52
732,0.000175,0.1,80,8,0.5,0.0015,0.2,0,0,0,0.5,870.91,889.95,19.04,2.05,817,2199.27
733,0.000225,0.1,80,8,0.5,0.0015,0.2,0,0,0,0.5,857.14,875.57,18.43,2.15,758,2144.55
734,0.00025,0.1,80,8,0.5,0.0015,0.2,0,0,0,0.5,822.44,839.97,17.53,1.90,729,1878.48
735,0.0003,0.1,80,8,0.5,0.0015,0.2,0,0,0,0.5,816.87,834.21,17.34,1.96,683,2096.25
736,0.000175,0.1,80,4,0.7,0.0015,0.2,0,0,0,0.5,855.68,874.92,19.23,1.98,863,2028.81
737,0.000225,0.1,80,4,0.7,0.0015,0.2,0,0,0,0.5,871.44,890.64,19.20,1.94,792,2168.26
738,0.00025,0.1,80,4,0.7,0.0015,0.2,0,0,0,0.5,847.27,865.68,18.41,1.93,768,2167.17
739,0.0003,0.1,80,4,0.7,0.0015,0.2,0,0,0,0.5,869.54,887.33,17.79,1.79,726,2109.53
740,0.000175,0.1,80,8,0.7,0.0015,0.2,0,0,0,0.5,873.21,892.83,19.63,2.11,851,2201.63
741,0.000225,0.1,80,8,0.7,0.0015,0.2,0,0,0,0.5,846.02,864.71,18.70,2.14,788,2066.45
742,0.00025,0.1,80,8,0.7,0.0015,0.2,0,0,0,0.5,875.60,893.88,18.28,1.85,767,2221.33
743,0.0003,0.1,80,8,0.7,0.0015,0.2,0,0,0,0.5,878.03,895.75,17.72,1.98,720,2215.38
744,0.000175,0.1,80,4,0.2,0.003,0.2,0,0,0,0.5,512.77,522.82,10.05,1.22,614,966.97
745,0.000225,0.1,80,4,0.2,0.003,0.2,0,0,0,0.5,503.76,512.73,8.97,1.16,541,996.17
746,0.00025,0.1,80,4,0.2,0.003,0.2,0,0,0,0.5,513.67,522.17,8.49,1.38,517,1025.59
747,0.0003,0.1,80,4,0.2,0.003,0.2,0,0,0,0.5,454.94,462.71,7.77,1.31,465,881.25
748,0.000175,0.1,80,8,0.2,0.003,0.2,0,0,0,0.5,560.18,570.24,10.06,1.68,607,1203.73
749,0.000225,0.1,80,8,0.2,0.003,0.2,0,0,0,0.5,560.92,569.97,9.05,1.40,547,1137.22
750,0.00025,0.1,80,8,0.2,0.003,0.2,0,0,0,0.5,493.31,501.75,8.44,1.15,516,875.11
751,0.0003,0.1,80,8,0.2,0.003,0.2,0,0,0,0.5,511.75,519.40,7.65,1.29,464,1025.57
752,0.000175,0.1,80,4,0.5,0.003,0.2,0,0,0,0.5,571.20,581.82,10.61,1.57,651,1136.41
753,0.000225,0.1,80,4,0.5,0.003,0.2,0,0,0,0.5,508.77,518.44,9.67,1.15,591,977.67
754,0.00025,0.1,80,4,0.5,0.003,0.2,0,0,0,0.5,554.41,563.65,9.24,1.53,563,1076.68
755,0.0003,0.1,80,4,0.5,0.003,0.2,0,0,0,0.5,531.87,540.22,8.35,1.34,514,970.19
756,0.000175,0.1,80,8,0.5,0.003,0.2,0,0,0,0.5,575.25,586.04,10.78,1.45,661,1149.65
757,0.000225,0.1,80,8,0.5,0.003,0.2,0,0,0,0.5,616.17,625.74,9.57,1.31,586,1079.72
758,0.00025,0.1,80,8,0.5,0.003,0.2,0,0,0,0.5,571.30,580.41,9.11,1.42,559,1046.59
759,0.0003,0.1,80,8,0.5,0.003,0.2,0,0,0,0.5,522.92,531.29,8.37,1.26,512,954.66
760,0.000175,0.1,80,4,0.7,0.003,0.2,0,0,0,0.5,594.81,606.09,11.28,1.35,693,1185.71
761,0.000225,0.1,80,4,0.7,0.003,0.2,0,0,0,0.5,510.66,520.74,10.09,1.27,625,1041.40
762,0.00025,0.1,80,4,0.7,0.003,0.2,0,0,0,0.5,569.28,578.98,9.70,1.25,602,1020.41
763,0.0003,0.1,80,4,0.7,0.003,0.2,0,0,0,0.5,574.88,583.74,8.86,1.62,546,1156.66
764,0.000175,0.1,80,8,0.7,0.003,0.2,0,0,0,0.5,589.34,600.60,11.25,1.45,695,1128.75
765,0.000225,0.1,80,8,0.7,0.003,0.2,0,0,0,0.5,595.75,606.12,10.37,1.53,630,1185.28
766,0.00025,0.1,80,8,0.7,0.003,0.2,0,0,0,0.5,577.12,586.79,9.68,1.37,598,1090.57
767,0.0003,0.1,80,8,0.7,0.003,0.2,0,0,0,0.5,606.57,615.36,8.79,1.41,538,1163.12
768,0.000175,0.1,80,4,0.2,0.0045,0.2,0,0,0,0.5,529.60,539.33,9.72,1.49,607,1141.37
769,0.000225,0.1,80,4,0.2,0.0045,0.2,0,0,0,0.5,500.91,509.54,8.63,1.17,543,965.70
770,0.00025,0.1,80,4,0.2,0.0045,0.2,0,0,0,0.5,464.68,472.68,8.00,1.10,508,1000.75
771,0.0003,0.1,80,4,0.2,0.0045,0.2,0,0,0,0.5,499.47,506.69,7.22,1.28,460,1040.16
772,0.000175,0.1,80,8,0.2,0.0045,0.2,0,0,0,0.5,527.90,537.72,9.82,1.31,613,1013.13
773,0.000225,0.1,80,8,0.2,0.0045,0.2,0,0,0,0.5,533.28,541.90,8.62,1.38,540,1056.67
774,0.00025,0.1,80,8,0.2,0.0045,0.2,0,0,0,0.5,479.80,487.87,8.07,1.19,509,860.33
775,0.0003,0.1,80,8,0.2,0.0045,0.2,0,0,0,0.5,475.32,482.62,7.29,1.26,458,881.66
776,0.000175,0.1,80,4,0.5,0.0045,0.2,0,0,0,0.5,535.13,545.41,10.28,1.42,646,1159.10
777,0.000225,0.1,80,4,0.5,0.0045,0.2,0,0,0,0.5,528.27,537.52,9.25,1.28,577,972.25
778,0.00025,0.1,80,4,0.5,0.0045,0.2,0,0,0,0.5,509.02,517.85,8.82,1.35,563,1030.47
779,0.0003,0.1,80,4,0.5,0.0045,0.2,0,0,0,0.5,535.26,543.37,8.11,1.47,508,1029.49
780,0.000175,0.1,80,8,0.5,0.0045,0.2,0,0,0,0.5,602.59,612.93,10.34,1.39,653,1189.72
781,0.000225,0.1,80,8,0.5,0.0045,0.2,0,0,0,0.5,581.43,590.78,9.35,1.39,586,1124.10
782,0.00025,0.1,80,8,0.5,0.0045,0.2,0,0,0,0.5,517.40,526.08,8.68,1.26,554,915.78
783,0.0003,0.1,80,8,0.5,0.0045,0.2,0,0,0,0.5,506.90,514.84,7.94,1.38,500,975.42
784,0.000175,0.1,80,4,0.7,0.0045,0.2,0,0,0,0.5,582.65,593.38,10.73,1.27,682,1167.54
785,0.000225,0.1,80,4,0.7,0.0045,0.2,0,0,0,0.5,526.71,536.36,9.65,1.21,613,924.49
786,0.00025,0.1,80,4,0.7,0.0045,0.2,0,0,0,0.5,504.10,513.38,9.28,1.24,590,915.52
787,0.0003,0.1,80,4,0.7,0.0045,0.2,0,0,0,0.5,519.73,528.24,8.51,1.28,538,942.07
788,0.000175,0.1,80,8,0.7,0.0045,0.2,0,0,0,0.5,598.19,609.08,10.89,1.40,689,1142.60
789,0.000225,0.1,80,8,0.7,0.0045,0.2,0,0,0,0.5,574.10,583.86,9.76,1.53,620,1154.54
790,0.00025,0.1,80,8,0.7,0.0045,0.2,0,0,0,0.5,518.75,528.12,9.37,1.22,596,986.19
791,0.0003,0.1,80,8,0.7,0.0045,0.2,0,0,0,0.5,584.60,593.06,8.45,1.65,533,1222.81
792,0.000175,0.1,80,4,0.2,0.0015,0.4,0,0,0,0.5,837.42,857.44,20.02,2.07,771,2031.53
793,0.000225,0.1,80,4,0.2,0.0015,0.4,0,0,0,0.5,853.53,872.35,18.82,1.84,696,1919.32
794,0.00025,0.1,80,4,0.2,0.0015,0.4,0,0,0,0.5,805.64,824.49,18.85,1.72,687,1840.53
795,0.0003,0.1,80,4,0.2,0.0015,0.4,0,0,0,0.5,803.64,822.21,18.57,1.90,644,1820.70
796,0.000175,0.1,80,8,0.2,0.0015,0.4,0,0,0,0.5,768.35,788.40,20.05,1.80,751,1809.84
797,0.000225,0.1,80,8,0.2,0.0015,0.4,0,0,0,0.5,838.94,858.13,19.19,1.93,713,1962.25
798,0.00025,0.1,80,8,0.2,0.0015,0.4,0,0,0,0.5,775.06,793.41,18.34,1.84,671,1749.68
799,0.0003,0.1,80,8,0.2,0.0015,0.4,0,0,0,0.5,728.64,746.26,17.63,1.61,616,1661.89
800,0.000175,0.1,80,4,0.5,0.0015,0.4,0,0,0,0.5,881.96,903.55,21.59,1.97,841,1977.92
801,0.000225,0.1,80,4,0.5,0.0015,0.4,0,0,0,0.5,855.44,876.02,20.58,1.86,798,1986.29
802,0.00025,0.1,80,4,0.5,0.0015,0.4,0,0,0,0.5,864.23,884.41,20.18,1.70,755,1948.43
803,0.0003,0.1,80,4,0.5,0.0015,0.4,0,0,0,0.5,824.84,843.86,19.02,1.69,684,1878.68
804,0.000175,0.1,80,8,0.5,0.0015,0.4,0,0,0,0.5,862.95,883.65,20.69,2.35,810,2142.99
805,0.000225,0.1,80,8,0.5,0.0015,0.4,0,0,0,0.5,793.67,813.68,20.00,1.67,731,1788.46
806,0.00025,0.1,80,8,0.5,0.0015,0.4,0,0,0,0.5,813.38,832.81,19.42,2.04,732,1900.98
807,0.0003,0.1,80,8,0.5,0.0015,0.4,0,0,0,0.5,764.29,782.83,18.55,1.71,650,1730.77
808,0.000175,0.1,80,4,0.7,0.0015,0.4,0,0,0,0.5,850.91,872.00,21.09,1.94,849,2048.01
809,0.000225,0.1,80,4,0.7,0.0015,0.4,0,0,0,0.5,861.45,881.76,20.31,2.05,804,2225.50
810,0.00025,0.1,80,4,0.7,0.0015,0.4,0,0,0,0.5,799.98,819.54,19.56,1.71,735,1899.16
811,0.0003,0.1,80,4,0.7,0.0015,0.4,0,0,0,0.5,794.92,813.84,18.91,1.62,692,1775.45
812,0.000175,0.1,80,8,0.7,0.0015,0.4,0,0,0,0.5,850.65,871.14,20.50,1.83,808,2075.24
813,0.000225,0.1,80,8,0.7,0.0015,0.4,0,0,0,0.5,830.81,851.27,20.46,1.91,764,1937.30
814,0.00025,0.1,80,8,0.7,0.0015,0.4,0,0,0,0.5,826.76,846.45,19.69,1.67,734,1906.68
815,0.0003,0.1,80,8,0.7,0.0015,0.4,0,0,0,0.5,814.95,834.64,19.69,1.91,723,1990.11
816,0.000175,0.1,80,4,0.2,0.003,0.4,0,0,0,0.5,534.22,544.47,10.24,1.51,618,1187.00
817,0.000225,0.1,80,4,0.2,0.003,0.4,0,0,0,0.5,514.28,523.39,9.11,1.26,543,1064.38
818,0.00025,0.1,80,4,0.2,0.003,0.4,0,0,0,0.5,501.28,509.91,8.63,1.25,517,924.62
819,0.0003,0.1,80,4,0.2,0.003,0.4,0,0,0,0.5,504.60,512.55,7.95,1.28,470,1007.33
820,0.000175,0.1,80,8,0.2,0.003,0.4,0,0,0,0.5,575.84,586.24,10.39,1.35,619,1134.05
821,0.000225,0.1,80,8,0.2,0.003,0.4,0,0,0,0.5,567.77,576.90,9.13,1.52,542,1115.45
822,0.00025,0.1,80,8,0.2,0.003,0.4,0,0,0,0.5,520.21,528.90,8.68,1.18,516,894.44
823,0.0003,0.1,80,8,0.2,0.003,0.4,0,0,0,0.5,486.07,493.83,7.77,1.32,465,972.26
824,0.000175,0.1,80,4,0.5,0.003,0.4,0,0,0,0.5,564.42,575.24,10.83,1.55,664,1207.04
825,0.000225,0.1,80,4,0.5,0.003,0.4,0,0,0,0.5,502.72,512.34,9.62,1.25,583,1024.84
826,0.00025,0.1,80,4,0.5,0.003,0.4,0,0,0,0.5,567.55,577.00,9.44,1.41,566,1060.33
827,0.0003,0.1,80,4,0.5,0.003,0.4,0,0,0,0.5,548.87,557.41,8.54,1.44,513,1126.00
828,0.000175,0.1,80,8,0.5,0.003,0.4,0,0,0,0.5,633.09,644.18,11.09,1.59,663,1367.26
829,0.000225,0.1,80,8,0.5,0.003,0.4,0,0,0,0.5,586.51,596.52,10.01,1.34,600,1180.28
830,0.00025,0.1,80,8,0.5,0.003,0.4,0,0,0,0.5,547.38,556.82,9.45,1.30,561,979.47
831,0.0003,0.1,80,8,0.5,0.003,0.4,0,0,0,0.5,532.99,541.48,8.49,1.43,511,1082.17
832,0.000175,0.1,80,4,0.7,0.003,0.4,0,0,0,0.5,575.96,587.27,11.31,1.41,695,1216.26
833,0.000225,0.1,80,4,0.7,0.003,0.4,0,0,0,0.5,557.89,568.14,10.25,1.39,629,1069.04
834,0.00025,0.1,80,4,0.7,0.003,0.4,0,0,0,0.5,565.67,575.59,9.91,1.57,602,1126.74
835,0.0003,0.1,80,4,0.7,0.003,0.4,0,0,0,0.5,546.79,555.76,8.98,1.61,545,1032.61
836,0.000175,0.1,80,8,0.7,0.003,0.4,0,0,0,0.5,608.94,620.32,11.38,1.50,697,1200.50
837,0.000225,0.1,80,8,0.7,0.003,0.4,0,0,0,0.5,610.32,620.75,10.44,1.81,626,1366.85
838,0.00025,0.1,80,8,0.7,0.003,0.4,0,0,0,0.5,598.16,608.29,10.13,1.50,612,1172.34
839,0.0003,0.1,80,8,0.7,0.003,0.4,0,0,0,0.5,626.07,635.05,8.98,1.50,547,1222.69
840,0.000175,0.1,80,4,0.2,0.0045,0.4,0,0,0,0.5,540.43,550.11,9.67,1.40,611,1101.63
841,0.000225,0.1,80,4,0.2,0.0045,0.4,0,0,0,0.5,485.72,494.29,8.57,1.16,541,937.26
842,0.00025,0.1,80,4,0.2,0.0045,0.4,0,0,0,0.5,456.61,464.76,8.15,1.06,515,934.19
843,0.0003,0.1,80,4,0.2,0.0045,0.4,0,0,0,0.5,476.84,484.21,7.37,1.23,461,890.23
844,0.000175,0.1,80,8,0.2,0.0045,0.4,0,0,0,0.5,508.23,517.91,9.69,1.26,610,995.88
845,0.000225,0.1,80,8,0.2,0.0045,0.4,0,0,0,0.5,557.64,566.19,8.55,1.35,536,1144.29
846,0.00025,0.1,80,8,0.2,0.0045,0.4,0,0,0,0.5,497.18,505.28,8.10,1.10,509,821.16
847,0.0003,0.1,80,8,0.2,0.0045,0.4,0,0,0,0.5,524.49,531.85,7.36,1.28,462,990.19
848,0.000175,0.1,80,4,0.5,0.0045,0.4,0,0,0,0.5,547.86,558.24,10.39,1.39,655,1117.86
849,0.000225,0.1,80,4,0.5,0.0045,0.4,0,0,0,0.5,522.16,531.36,9.20,1.06,580,928.23
850,0.00025,0.1,80,4,0.5,0.0045,0.4,0,0,0,0.5,542.68,551.53,8.86,1.51,559,1059.23
851,0.0003,0.1,80,4,0.5,0.0045,0.4,0,0,0,0.5,507.32,515.39,8.07,1.43,509,984.24
852,0.000175,0.1,80,8,0.5,0.0045,0.4,0,0,0,0.5,623.64,634.23,10.59,1.60,659,1261.47
853,0.000225,0.1,80,8,0.5,0.0045,0.4,0,0,0,0.5,540.42,549.69,9.26,1.38,585,1029.65
854,0.00025,0.1,80,8,0.5,0.0045,0.4,0,0,0,0.5,544.80,553.61,8.81,1.45,554,1073.84
855,0.0003,0.1,80,8,0.5,0.0045,0.4,0,0,0,0.5,534.69,542.73,8.05,1.25,507,945.53
856,0.000175,0.1,80,4,0.7,0.0045,0.4,0,0,0,0.5,550.86,561.70,10.83,1.32,686,1092.36
857,0.000225,0.1,80,4,0.7,0.0045,0.4,0,0,0,0.5,528.91,538.80,9.88,1.24,621,1004.77
858,0.00025,0.1,80,4,0.7,0.0045,0.4,0,0,0,0.5,558.06,567.42,9.36,1.37,587,975.42
859,0.0003,0.1,80,4,0.7,0.0045,0.4,0,0,0,0.5,567.17,575.68,8.52,1.41,542,1078.28
860,0.000175,0.1,80,8,0.7,0.0045,0.4,0,0,0,0.5,536.60,547.58,10.98,1.43,688,1100.51
861,0.000225,0.1,80,8,0.7,0.0045,0.4,0,0,0,0.5,546.88,556.77,9.89,1.42,618,1074.08
862,0.00025,0.1,80,8,0.7,0.0045,0.4,0,0,0,0.5,581.10,590.52,9.42,1.37,596,1130.89
863,0.0003,0.1,80,8,0.7,0.0045,0.4,0,0,0,0.5,534.18,542.58,8.41,1.26,537,959.46
864,0.000175,0.1,80,4,0.2,0.0015,0.1,0.2,0,0,0.5,848.18,865.84,17.66,2.09,766,2130.33
865,0.000225,0.1,80,4,0.2,0.0015,0.1,0.2,0,0,0.5,826.16,842.47,16.31,1.72,691,2002.36
866,0.00025,0.1,80,4,0.2,0.0015,0.1,0.2,0,0,0.5,795.84,812.08,16.24,1.84,670,1975.61
867,0.0003,0.1,80,4,0.2,0.0015,0.1,0.2,0,0,0.5,774.48,790.34,15.87,1.78,625,1913.24
868,0.000175,0.1,80,8,0.2,0.0015,0.1,0.2,0,0,0.5,815.14,832.61,17.47,2.43,764,2103.91
869,0.000225,0.1,80,8,0.2,0.0015,0.1,0.2,0,0,0.5,777.87,794.47,16.60,2.03,697,1893.57
870,0.00025,0.1,80,8,0.2,0.0015,0.1,0.2,0,0,0.5,760.00,776.38,16.37,1.90,669,1820.27
871,0.0003,0.1,80,8,0.2,0.0015,0.1,0.2,0,0,0.5,780.56,795.83,15.27,1.71,610,1830.10
872,0.000175,0.1,80,4,0.5,0.0015,0.1,0.2,0,0,0.5,803.87,821.96,18.09,1.94,807,1929.43
873,0.000225,0.1,80,4,0.5,0.0015,0.1,0.2,0,0,0.5,800.53,817.96,17.43,1.84,742,1928.25
874,0.00025,0.1,80,4,0.5,0.0015,0.1,0.2,0,0,0.5,800.79,817.59,16.79,1.76,708,1940.29
875,0.0003,0.1,80,4,0.5,0.0015,0.1,0.2,0,0,0.5,806.27,822.26,15.99,1.95,654,1905.61
876,0.000175,0.1,80,8,0.5,0.0015,0.1,0.2,0,0,0.5,836.12,854.27,18.15,2.01,806,2029.69
877,0.000225,0.1,80,8,0.5,0.0015,0.1,0.2,0,0,0.5,861.74,878.98,17.24,1.84,737,2114.02
878,0.00025,0.1,80,8,0.5,0.0015,0.1,0.2,0,0,0.5,746.49,763.26,16.77,1.85,716,1779.27
879,0.0003,0.1,80,8,0.5,0.0015,0.1,0.2,0,0,0.5,829.21,845.42,16.20,1.84,669,2082.50
880,0.000175,0.1,80,4,0.7,0.0015,0.1,0.2,0,0,0.5,857.26,875.83,18.56,1.96,837,2095.72
881,0.000225,0.1,80,4,0.7,0.0015,0.1,0.2,0,0,0.5,826.98,844.43,17.45,1.96,774,1942.56
882,0.00025,0.1,80,4,0.7,0.0015,0.1,0.2,0,0,0.5,797.24,814.34,17.11,1.85,742,1974.01
883,0.0003,0.1,80,4,0.7,0.0015,0.1,0.2,0,0,0.5,806.37,823.03,16.66,1.89,707,1900.14
884,0.000175,0.1,80,8,0.7,0.0015,0.1,0.2,0,0,0.5,839.89,858.57,18.68,1.87,847,2083.54
885,0.000225,0.1,80,8,0.7,0.0015,0.1,0.2,0,0,0.5,830.08,847.55,17.47,2.01,769,1944.57
886,0.00025,0.1,80,8,0.7,0.0015,0.1,0.2,0,0,0.5,798.01,815.09,17.07,1.90,756,1862.97
887,0.0003,0.1,80,8,0.7,0.0015,0.1,0.2,0,0,0.5,830.51,846.99,16.48,2.00,696,2154.06
888,0.000175,0.1,80,4,0.2,0.003,0.1,0.2,0,0,0.5,541.87,551.81,9.93,1.32,615,1121.11
889,0.000225,0.1,80,4,0.2,0.003,0.1,0.2,0,0,0.5,516.58,525.37,8.79,1.17,544,905.62
890,0.00025,0.1,80,4,0.2,0.003,0.1,0.2,0,0,0.5,487.40,495.73,8.33,1.25,505,867.06
891,0.0003,0.1,80,4,0.2,0.003,0.1,0.2,0,0,0.5,528.36,536.09,7.72,1.42,469,1017.12
892,0.000175,0.1,80,8,0.2,0.003,0.1,0.2,0,0,0.5,583.13,593.22,10.08,1.37,615,1120.71
893,0.000225,0.1,80,8,0.2,0.003,0.1,0.2,0,0,0.5,536.74,545.57,8.84,1.40,544,982.41
894,0.00025,0.1,80,8,0.2,0.003,0.1,0.2,0,0,0.5,526.92,535.37,8.45,1.32,518,1043.08
895,0.0003,0.1,80,8,0.2,0.003,0.1,0.2,0,0,0.5,462.69,470.29,7.60,1.23,466,888.67
896,0.000175,0.1,80,4,0.5,0.003,0.1,0.2,0,0,0.5,587.34,597.87,10.53,1.46,650,1230.70
897,0.000225,0.1,80,4,0.5,0.003,0.1,0.2,0,0,0.5,568.09,577.71,9.62,1.38,588,1119.10
898,0.00025,0.1,80,4,0.5,0.003,0.1,0.2,0,0,0.5,542.19,551.30,9.12,1.38,562,984.05
899,0.0003,0.1,80,4,0.5,0.003,0.1,0.2,0,0,0.5,517.63,526.04,8.41,1.44,512,1043.33
900,0.000175,0.1,80,8,0.5,0.003,0.1,0.2,0,0,0.5,610.04,620.72,10.69,1.50,659,1172.41
901,0.000225,0.1,80,8,0.5,0.003,0.1,0.2,0,0,0.5,557.38,567.01,9.63,1.29,589,1139.57
902,0.00025,0.1,80,8,0.5,0.003,0.1,0.2,0,0,0.5,517.54,526.61,9.07,1.29,564,1004.21
903,0.0003,0.1,80,8,0.5,0.003,0.1,0.2,0,0,0.5,552.87,561.29,8.42,1.44,515,1036.72
904,0.000175,0.1,80,4,0.7,0.003,0.1,0.2,0,0,0.5,601.60,612.83,11.23,1.39,691,1136.96
905,0.000225,0.1,80,4,0.7,0.003,0.1,0.2,0,0,0.5,548.42,558.44,10.03,1.42,622,1082.17
906,0.00025,0.1,80,4,0.7,0.003,0.1,0.2,0,0,0.5,567.28,576.94,9.65,1.48,596,1145.79
907,0.0003,0.1,80,4,0.7,0.003,0.1,0.2,0,0,0.5,566.02,574.82,8.80,1.45,546,1129.48
908,0.000175,0.1,80,8,0.7,0.003,0.1,0.2,0,0,0.5,611.87,623.09,11.22,1.47,697,1191.86
909,0.000225,0.1,80,8,0.7,0.003,0.1,0.2,0,0,0.5,592.15,602.19,10.05,1.40,627,1130.54
910,0.00025,0.1,80,8,0.7,0.003,0.1,0.2,0,0,0.5,554.41,563.99,9.58,1.29,594,978.72
911,0.0003,0.1,80,8,0.7,0.003,0.1,0.2,0,0,0.5,561.05,569.85,8.80,1.41,546,1069.49
912,0.000175,0.1,80,4,0.2,0.0045,0.1,0.2,0,0,0.5,568.94,578.67,9.73,1.38,612,1116.86
913,0.000225,0.1,80,4,0.2,0.0045,0.1,0.2,0,0,0.5,440.01,448.52,8.51,0.98,538,908.61
914,0.00025,0.1,80,4,0.2,0.0045,0.1,0.2,0,0,0.5,502.34,510.35,8.00,1.30,512,999.71
915,0.0003,0.1,80,4,0.2,0.0045,0.1,0.2,0,0,0.5,491.38,498.73,7.35,1.34,462,952.77
916,0.000175,0.1,80,8,0.2,0.0045,0.1,0.2,0,0,0.5,562.90,572.63,9.73,1.52,610,1111.46
917,0.000225,0.1,80,8,0.2,0.0045,0.1,0.2,0,0,0.5,515.50,524.01,8.52,1.22,535,992.06
918,0.00025,0.1,80,8,0.2,0.0045,0.1,0.2,0,0,0.5,526.56,534.55,7.99,1.51,504,1057.92
919,0.0003,0.1,80,8,0.2,0.0045,0.1,0.2,0,0,0.5,463.59,470.81,7.23,1.24,462,841.78
920,0.000175,0.1,80,4,0.5,0.0045,0.1,0.2,0,0,0.5,538.58,548.85,10.27,1.43,646,1160.95
921,0.000225,0.1,80,4,0.5,0.0045,0.1,0.2,0,0,0.5,530.45,539.65,9.20,1.28,581,999.49
922,0.00025,0.1,80,4,0.5,0.0045,0.1,0.2,0,0,0.5,552.92,561.88,8.96,1.42,567,1047.37
923,0.0003,0.1,80,4,0.5,0.0045,0.1,0.2,0,0,0.5,531.69,539.76,8.07,1.41,513,1062.58
924,0.000175,0.1,80,8,0.5,0.0045,0.1,0.2,0,0,0.5,585.81,596.08,10.27,1.49,646,1239.05
925,0.000225,0.1,80,8,0.5,0.0045,0.1,0.2,0,0,0.5,507.03,516.24,9.20,1.27,585,1021.60
926,0.00025,0.1,80,8,0.5,0.0045,0.1,0.2,0,0,0.5,567.33,576.09,8.76,1.47,559,1157.97
927,0.0003,0.1,80,8,0.5,0.0045,0.1,0.2,0,0,0.5,528.48,536.48,8.01,1.54,505,1095.91
928,0.000175,0.1,80,4,0.7,0.0045,0.1,0.2,0,0,0.5,541.57,552.37,10.80,1.21,682,1058.84
929,0.000225,0.1,80,4,0.7,0.0045,0.1,0.2,0,0,0.5,547.30,556.96,9.66,1.18,613,989.00
930,0.00025,0.1,80,4,0.7,0.0045,0.1,0.2,0,0,0.5,531.84,541.17,9.33,1.26,592,993.30
931,0.0003,0.1,80,4,0.7,0.0045,0.1,0.2,0,0,0.5,546.76,555.34,8.57,1.24,542,1016.22
932,0.000175,0.1,80,8,0.7,0.0045,0.1,0.2,0,0,0.5,540.46,551.17,10.70,1.39,682,1022.38
933,0.000225,0.1,80,8,0.7,0.0045,0.1,0.2,0,0,0.5,508.37,518.09,9.72,1.22,612,925.88
934,0.00025,0.1,80,8,0.7,0.0045,0.1,0.2,0,0,0.5,571.41,580.82,9.41,1.19,597,1012.12
935,0.0003,0.1,80,8,0.7,0.0045,0.1,0.2,0,0,0.5,523.86,532.41,8.56,1.30,546,1004.01
936,0.000175,0.1,80,4,0.2,0.0015,0.2,0.2,0,0,0.5,872.44,890.86,18.42,2.35,779,2138.64
937,0.000225,0.1,80,4,0.2,0.0015,0.2,0.2,0,0,0.5,785.98,803.50,17.52,1.75,711,1746.04
938,0.00025,0.1,80,4,0.2,0.0015,0.2,0.2,0,0,0.5,822.64,839.97,17.33,1.83,695,1836.95
939,0.0003,0.1,80,4,0.2,0.0015,0.2,0.2,0,0,0.5,794.88,811.72,16.84,1.81,645,1763.89
940,0.000175,0.1,80,8,0.2,0.0015,0.2,0.2,0,0,0.5,861.88,880.55,18.67,2.12,779,2041.22
941,0.000225,0.1,80,8,0.2,0.0015,0.2,0.2,0,0,0.5,805.12,822.39,17.26,1.96,707,1952.74
942,0.00025,0.1,80,8,0.2,0.0015,0.2,0.2,0,0,0.5,810.66,827.76,17.10,1.80,685,1952.46
943,0.0003,0.1,80,8,0.2,0.0015,0.2,0.2,0,0,0.5,835.48,851.75,16.27,1.98,634,2027.67
944,0.000175,0.1,80,4,0.5,0.0015,0.2,0.2,0,0,0.5,816.24,835.53,19.28,2.36,823,2092.34
945,0.000225,0.1,80,4,0.5,0.0015,0.2,0.2,0,0,0.5,855.86,874.09,18.22,1.92,761,2117.26
946,0.00025,0.1,80,4,0.5,0.0015,0.2,0.2,0,0,0.5,795.23,813.20,17.97,1.83,735,2021.10
947,0.0003,0.1,80,4,0.5,0.0015,0.2,0.2,0,0,0.5,848.85,866.11,17.25,1.80,690,2075.05
948,0.000175,0.1,80,8,0.5,0.0015,0.2,0.2,0,0,0.5,874.50,893.43,18.92,2.29,819,2342.26
949,0.000225,0.1,80,8,0.5,0.0015,0.2,0.2,0,0,0.5,889.55,907.85,18.31,2.07,754,2179.25
950,0.00025,0.1,80,8,0.5,0.0015,0.2,0.2,0,0,0.5,803.91,821.50,17.60,1.86,735,2010.98
951,0.0003,0.1,80,8,0.5,0.0015,0.2,0.2,0,0,0.5,828.97,846.22,17.25,1.77,691,1965.84
952,0.000175,0.1,80,4,0.7,0.0015,0.2,0.2,0,0,0.5,844.82,864.31,19.50,1.82,864,2105.77
953,0.000225,0.1,80,4,0.7,0.0015,0.2,0.2,0,0,0.5,832.26,850.99,18.73,1.98,789,1897.95
954,0.00025,0.1,80,4,0.7,0.0015,0.2,0.2,0,0,0.5,857.44,875.98,18.54,1.96,771,2060.82
955,0.0003,0.1,80,4,0.7,0.0015,0.2,0.2,0,0,0.5,830.24,848.09,17.85,1.84,723,1993.88
956,0.000175,0.1,80,8,0.7,0.0015,0.2,0.2,0,0,0.5,885.69,905.50,19.82,1.88,862,2175.93
957,0.000225,0.1,80,8,0.7,0.0015,0.2,0.2,0,0,0.5,860.06,878.49,18.43,2.27,788,2116.04
958,0.00025,0.1,80,8,0.7,0.0015,0.2,0.2,0,0,0.5,805.95,824.00,18.05,1.90,754,2083.67
959,0.0003,0.1,80,8,0.7,0.0015,0.2,0.2,0,0,0.5,864.06,881.67,17.61,1.93,712,2065.51
960,0.000175,0.1,80,4,0.2,0.003,0.2,0.2,0,0,0.5,557.32,567.39,10.06,1.58,618,1123.43
961,0.000225,0.1,80,4,0.2,0.003,0.2,0.2,0,0,0.5,505.37,514.26,8.90,1.21,541,988.94
962,0.00025,0.1,80,4,0.2,0.003,0.2,0.2,0,0,0.5,521.56,530.19,8.62,1.19,522,991.83
963,0.0003,0.1,80,4,0.2,0.003,0.2,0.2,0,0,0.5,491.84,499.59,7.76,1.36,473,925.08
964,0.000175,0.1,80,8,0.2,0.003,0.2,0.2,0,0,0.5,599.75,609.98,10.23,1.83,609,1231.05
965,0.000225,0.1,80,8,0.2,0.003,0.2,0.2,0,0,0.5,539.19,548.08,8.89,1.50,541,1102.55
966,0.00025,0.1,80,8,0.2,0.003,0.2,0.2,0,0,0.5,454.50,462.93,8.43,1.25,512,851.30
967,0.0003,0.1,80,8,0.2,0.003,0.2,0.2,0,0,0.5,527.84,535.48,7.64,1.32,460,958.67
968,0.000175,0.1,80,4,0.5,0.003,0.2,0.2,0,0,0.5,521.30,531.89,10.59,1.23,654,1162.93
969,0.000225,0.1,80,4,0.5,0.003,0.2,0.2,0,0,0.5,527.20,536.82,9.62,1.29,585,1061.90
970,0.00025,0.1,80,4,0.5,0.003,0.2,0.2,0,0,0.5,531.14,540.45,9.32,1.35,559,1017.82
971,0.0003,0.1,80,4,0.5,0.003,0.2,0.2,0,0,0.5,564.13,572.50,8.37,1.45,512,1091.04
972,0.000175,0.1,80,8,0.5,0.003,0.2,0.2,0,0,0.5,572.05,582.72,10.67,1.48,654,1206.06
973,0.000225,0.1,80,8,0.5,0.003,0.2,0.2,0,0,0.5,573.86,583.60,9.74,1.54,593,1175.04
974,0.00025,0.1,80,8,0.5,0.003,0.2,0.2,0,0,0.5,606.43,615.78,9.34,1.44,571,1142.87
975,0.0003,0.1,80,8,0.5,0.003,0.2,0.2,0,0,0.5,558.62,566.92,8.30,1.45,509,1081.00
976,0.000175,0.1,80,4,0.7,0.003,0.2,0.2,0,0,0.5,551.97,563.25,11.29,1.28,698,1034.80
977,0.000225,0.1,80,4,0.7,0.003,0.2,0.2,0,0,0.5,529.02,539.07,10.05,1.30,623,1085.15
978,0.00025,0.1,80,4,0.7,0.003,0.2,0.2,0,0,0.5,564.54,574.30,9.77,1.27,598,1057.94
979,0.0003,0.1,80,4,0.7,0.003,0.2,0.2,0,0,0.5,557.29,566.18,8.88,1.39,552,1006.13
980,0.000175,0.1,80,8,0.7,0.003,0.2,0.2,0,0,0.5,631.26,642.28,11.01,1.65,679,1312.65
981,0.000225,0.1,80,8,0.7,0.003,0.2,0.2,0,0,0.5,604.90,615.11,10.22,1.53,618,1172.11
982,0.00025,0.1,80,8,0.7,0.003,0.2,0.2,0,0,0.5,567.99,577.83,9.84,1.34,600,1029.18
983,0.0003,0.1,80,8,0.7,0.003,0.2,0.2,0,0,0.5,587.55,596.39,8.83,1.30,543,1128.07
984,0.000175,0.1,80,4,0.2,0.0045,0.2,0.2,0,0,0.5,552.98,562.61,9.63,1.41,606,1103.57
985,0.000225,0.1,80,4,0.2,0.0045,0.2,0.2,0,0,0.5,496.77,505.35,8.59,1.16,537,961.51
986,0.00025,0.1,80,4,0.2,0.0045,0.2,0.2,0,0,0.5,471.23,479.20,7.97,1.17,505,899.20
987,0.0003,0.1,80,4,0.2,0.0045,0.2,0.2,0,0,0.5,489.37,496.69,7.32,1.24,466,894.30
988,0.000175,0.1,80,8,0.2,0.0045,0.2,0.2,0,0,0.5,540.11,549.78,9.68,1.29,604,952.56
989,0.000225,0.1,80,8,0.2,0.0045,0.2,0.2,0,0,0.5,535.94,544.41,8.47,1.35,530,908.89
990,0.00025,0.1,80,8,0.2,0.0045,0.2,0.2,0,0,0.5,510.74,518.84,8.10,1.18,513,892.60
991,0.0003,0.1,80,8,0.2,0.0045,0.2,0.2,0,0,0.5,479.56,486.85,7.29,1.28,458,1022.19
992,0.000175,0.1,80,4,0.5,0.0045,0.2,0.2,0,0,0.5,577.03,587.34,10.32,1.41,649,1256.19
993,0.000225,0.1,80,4,0.5,0.0045,0.2,0.2,0,0,0.5,527.55,536.83,9.28,1.16,587,934.01
994,0.00025,0.1,80,4,0.5,0.0045,0.2,0.2,0,0,0.5,530.17,539.12,8.95,1.26,563,974.77
995,0.0003,0.1,80,4,0.5,0.0045,0.2,0.2,0,0,0.5,509.85,518.02,8.18,1.27,514,1020.64
996,0.000175,0.1,80,8,0.5,0.0045,0.2,0.2,0,0,0.5,577.38,587.53,10.15,1.26,636,1093.42
997,0.000225,0.1,80,8,0.5,0.0045,0.2,0.2,0,0,0.5,546.08,555.29,9.22,1.42,585,1061.58
998,0.00025,0.1,80,8,0.5,0.0045,0.2,0.2,0,0,0.5,505.57,514.53,8.96,1.30,564,930.48
999,0.0003,0.1,80,8,0.5,0.0045,0.2,0.2,0,0,0.5,535.14,543.03,7.88,1.43,501,1066.67
1000,0.000175,0.1,80,4,0.7,0.0045,0.2,0.2,0,0,0.5,570.30,581.27,10.97,1.31,697,1163.60
1001,0.000225,0.1,80,4,0.7,0.0045,0.2,0.2,0,0,0.5,556.43,566.19,9.75,1.25,618,1065.05
1002,0.00025,0.1,80,4,0.7,0.0045,0.2,0.2,0,0,0.5,561.53,570.95,9.42,1.24,597,997.32
1003,0.0003,0.1,80,4,0.7,0.0045,0.2,0.2,0,0,0.5,550.19,558.62,8.44,1.49,543,1055.81
1004,0.000175,0.1,80,8,0.7,0.0045,0.2,0.2,0,0,0.5,575.00,585.69,10.70,1.45,683,1228.46
1005,0.000225,0.1,80,8,0.7,0.0045,0.2,0.2,0,0,0.5,563.96,573.76,9.80,1.35,616,1063.34
1006,0.00025,0.1,80,8,0.7,0.0045,0.2,0.2,0,0,0.5,582.11,591.38,9.26,1.41,593,1112.86
1007,0.0003,0.1,80,8,0.7,0.0045,0.2,0.2,0,0,0.5,545.27,553.80,8.53,1.39,536,1043.35
1008,0.000175,0.1,80,4,0.2,0.0015,0.4,0.2,0,0,0.5,885.56,906.26,20.71,2.14,807,2180.09
1009,0.000225,0.1,80,4,0.2,0.0015,0.4,0.2,0,0,0.5,813.74,833.19,19.45,1.61,706,1839.64
1010,0.00025,0.1,80,4,0.2,0.0015,0.4,0.2,0,0,0.5,800.31,818.56,18.25,1.72,660,1916.88
1011,0.0003,0.1,80,4,0.2,0.0015,0.4,0.2,0,0,0.5,834.95,853.74,18.79,1.93,655,1907.30
1012,0.000175,0.1,80,8,0.2,0.0015,0.4,0.2,0,0,0.5,829.76,850.44,20.68,2.00,794,1960.60
1013,0.000225,0.1,80,8,0.2,0.0015,0.4,0.2,0,0,0.5,828.41,847.58,19.17,1.54,696,1798.76
1014,0.00025,0.1,80,8,0.2,0.0015,0.4,0.2,0,0,0.5,760.00,778.67,18.67,1.81,678,1784.16
1015,0.0003,0.1,80,8,0.2,0.0015,0.4,0.2,0,0,0.5,757.78,775.42,17.64,1.67,616,1732.21
1016,0.000175,0.1,80,4,0.5,0.0015,0.4,0.2,0,0,0.5,870.67,891.48,20.81,2.07,824,2048.42
1017,0.000225,0.1,80,4,0.5,0.0015,0.4,0.2,0,0,0.5,829.31,849.26,19.95,1.91,759,1917.89
1018,0.00025,0.1,80,4,0.5,0.0015,0.4,0.2,0,0,0.5,838.14,858.23,20.09,1.93,735,1893.85
1019,0.0003,0.1,80,4,0.5,0.0015,0.4,0.2,0,0,0.5,828.81,848.19,19.38,1.68,703,1791.56
1020,0.000175,0.1,80,8,0.5,0.0015,0.4,0.2,0,0,0.5,903.29,923.97,20.68,2.41,833,2247.40
1021,0.000225,0.1,80,8,0.5,0.0015,0.4,0.2,0,0,0.5,801.70,820.98,19.28,1.87,717,1941.83
1022,0.00025,0.1,80,8,0.5,0.0015,0.4,0.2,0,0,0.5,862.43,881.72,19.29,1.99,718,2095.33
1023,0.0003,0.1,80,8,0.5,0.0015,0.4,0.2,0,0,0.5,723.49,742.04,18.55,1.38,641,1766.02
1024,0.000175,0.1,80,4,0.7,0.0015,0.4,0.2,0,0,0.5,892.04,914.04,21.99,2.07,884,2198.14
1025,0.000225,0.1,80,4,0.7,0.0015,0.4,0.2,0,0,0.5,826.06,845.72,19.66,1.82,749,1939.31
1026,0.00025,0.1,80,4,0.7,0.0015,0.4,0.2,0,0,0.5,825.28,845.90,20.61,1.64,766,1909.70
1027,0.0003,0.1,80,4,0.7,0.0015,0.4,0.2,0,0,0.5,866.32,886.29,19.96,1.89,744,2054.87
1028,0.000175,0.1,80,8,0.7,0.0015,0.4,0.2,0,0,0.5,862.46,883.41,20.95,2.09,833,2153.56
1029,0.000225,0.1,80,8,0.7,0.0015,0.4,0.2,0,0,0.5,794.74,814.72,19.98,1.80,759,1815.59
1030,0.00025,0.1,80,8,0.7,0.0015,0.4,0.2,0,0,0.5,816.99,837.03,20.04,1.78,766,1881.89
1031,0.0003,0.1,80,8,0.7,0.0015,0.4,0.2,0,0,0.5,721.89,740.38,18.49,1.43,651,1667.34
1032,0.000175,0.1,80,4,0.2,0.003,0.4,0.2,0,0,0.5,539.57,549.70,10.13,1.32,610,1035.62
1033,0.000225,0.1,80,4,0.2,0.003,0.4,0.2,0,0,0.5,541.35,550.29,8.94,1.47,538,1094.70
1034,0.00025,0.1,80,4,0.2,0.003,0.4,0.2,0,0,0.5,479.30,488.09,8.79,1.22,523,968.99
1035,0.0003,0.1,80,4,0.2,0.003,0.4,0.2,0,0,0.5,516.72,524.45,7.74,1.47,465,1055.04
1036,0.000175,0.1,80,8,0.2,0.003,0.4,0.2,0,0,0.5,572.36,582.67,10.31,1.33,615,1099.01
1037,0.000225,0.1,80,8,0.2,0.003,0.4,0.2,0,0,0.5,570.47,579.57,9.10,1.50,543,1170.73
1038,0.00025,0.1,80,8,0.2,0.003,0.4,0.2,0,0,0.5,525.34,534.09,8.74,1.44,519,1023.37
1039,0.0003,0.1,80,8,0.2,0.003,0.4,0.2,0,0,0.5,507.16,514.80,7.64,1.43,460,982.73
1040,0.000175,0.1,80,4,0.5,0.003,0.4,0.2,0,0,0.5,567.95,578.84,10.88,1.53,663,1132.78
1041,0.000225,0.1,80,4,0.5,0.003,0.4,0.2,0,0,0.5,520.42,530.00,9.58,1.42,584,1015.28
1042,0.00025,0.1,80,4,0.5,0.003,0.4,0.2,0,0,0.5,531.13,540.43,9.31,1.29,563,988.30
1043,0.0003,0.1,80,4,0.5,0.003,0.4,0.2,0,0,0.5,554.70,563.36,8.65,1.40,519,1009.20
1044,0.000175,0.1,80,8,0.5,0.003,0.4,0.2,0,0,0.5,602.50,613.26,10.75,1.66,653,1238.05
1045,0.000225,0.1,80,8,0.5,0.003,0.4,0.2,0,0,0.5,634.20,644.03,9.83,1.46,584,1341.29
1046,0.00025,0.1,80,8,0.5,0.003,0.4,0.2,0,0,0.5,586.96,596.31,9.36,1.34,564,1107.09
1047,0.0003,0.1,80,8,0.5,0.003,0.4,0.2,0,0,0.5,522.51,530.97,8.46,1.37,509,989.84
1048,0.000175,0.1,80,4,0.7,0.003,0.4,0.2,0,0,0.5,548.91,560.40,11.49,1.29,695,1169.56
1049,0.000225,0.1,80,4,0.7,0.003,0.4,0.2,0,0,0.5,566.14,576.37,10.23,1.18,624,1009.74
1050,0.00025,0.1,80,4,0.7,0.003,0.4,0.2,0,0,0.5,521.43,531.34,9.92,1.40,599,972.52
1051,0.0003,0.1,80,4,0.7,0.003,0.4,0.2,0,0,0.5,603.19,612.39,9.20,1.51,554,1104.40
1052,0.000175,0.1,80,8,0.7,0.003,0.4,0.2,0,0,0.5,614.69,625.95,11.26,1.58,685,1270.28
1053,0.000225,0.1,80,8,0.7,0.003,0.4,0.2,0,0,0.5,553.21,563.52,10.32,1.42,626,1084.70
1054,0.00025,0.1,80,8,0.7,0.003,0.4,0.2,0,0,0.5,592.66,602.56,9.90,1.33,604,1114.38
1055,0.0003,0.1,80,8,0.7,0.003,0.4,0.2,0,0,0.5,559.61,568.51,8.90,1.35,544,1055.31
1056,0.000175,0.1,80,4,0.2,0.0045,0.4,0.2,0,0,0.5,507.43,517.21,9.79,1.16,607,1028.08
1057,0.000225,0.1,80,4,0.2,0.0045,0.4,0.2,0,0,0.5,519.74,528.32,8.58,1.21,532,954.44
1058,0.00025,0.1,80,4,0.2,0.0045,0.4,0.2,0,0,0.5,480.28,488.42,8.13,1.19,512,837.39
1059,0.0003,0.1,80,4,0.2,0.0045,0.4,0.2,0,0,0.5,515.27,522.49,7.22,1.33,454,939.77
1060,0.000175,0.1,80,8,0.2,0.0045,0.4,0.2,0,0,0.5,540.52,550.23,9.70,1.42,604,1017.21
1061,0.000225,0.1,80,8,0.2,0.0045,0.4,0.2,0,0,0.5,545.28,553.88,8.60,1.43,541,1002.84
1062,0.00025,0.1,80,8,0.2,0.0045,0.4,0.2,0,0,0.5,522.41,530.53,8.12,1.20,510,958.84
1063,0.0003,0.1,80,8,0.2,0.0045,0.4,0.2,0,0,0.5,477.22,484.49,7.27,1.39,457,952.85
1064,0.000175,0.1,80,4,0.5,0.0045,0.4,0.2,0,0,0.5,499.68,510.17,10.49,1.25,659,1078.37
1065,0.000225,0.1,80,4,0.5,0.0045,0.4,0.2,0,0,0.5,501.31,510.46,9.15,1.30,579,999.29
1066,0.00025,0.1,80,4,0.5,0.0045,0.4,0.2,0,0,0.5,495.73,504.65,8.92,1.17,559,881.21
1067,0.0003,0.1,80,4,0.5,0.0045,0.4,0.2,0,0,0.5,533.09,541.11,8.02,1.43,502,1022.80
1068,0.000175,0.1,80,8,0.5,0.0045,0.4,0.2,0,0,0.5,566.76,577.20,10.43,1.45,651,1118.01
1069,0.000225,0.1,80,8,0.5,0.0045,0.4,0.2,0,0,0.5,519.82,529.22,9.40,1.17,586,994.17
1070,0.00025,0.1,80,8,0.5,0.0045,0.4,0.2,0,0,0.5,503.60,512.45,8.85,1.18,556,972.91
1071,0.0003,0.1,80,8,0.5,0.0045,0.4,0.2,0,0,0.5,530.09,538.07,7.98,1.21,505,971.73
1072,0.000175,0.1,80,4,0.7,0.0045,0.4,0.2,0,0,0.5,551.82,562.80,10.97,1.42,690,1129.52
1073,0.000225,0.1,80,4,0.7,0.0045,0.4,0.2,0,0,0.5,530.96,540.75,9.80,1.17,615,1083.50
1074,0.00025,0.1,80,4,0.7,0.0045,0.4,0.2,0,0,0.5,556.21,565.52,9.31,1.47,599,1137.08
1075,0.0003,0.1,80,4,0.7,0.0045,0.4,0.2,0,0,0.5,541.65,550.23,8.58,1.43,536,1004.33
1076,0.000175,0.1,80,8,0.7,0.0045,0.4,0.2,0,0,0.5,602.68,613.66,10.97,1.91,691,1297.94
1077,0.000225,0.1,80,8,0.7,0.0045,0.4,0.2,0,0,0.5,564.35,574.18,9.83,1.39,620,1080.55
1078,0.00025,0.1,80,8,0.7,0.0045,0.4,0.2,0,0,0.5,527.62,536.99,9.36,1.17,592,934.54
1079,0.0003,0.1,80,8,0.7,0.0045,0.4,0.2,0,0,0.5,534.97,543.45,8.47,1.43,532,1140.15
1080,0.000175,0.1,80,4,0.2,0.0015,0.1,0.5,0,0,0.5,832.08,849.51,17.43,2.27,767,2054.47
1081,0.000225,0.1,80,4,0.2,0.0015,0.1,0.5,0,0,0.5,790.25,806.38,16.12,1.82,693,1839.05
1082,0.00025,0.1,80,4,0.2,0.0015,0.1,0.5,0,0,0.5,757.15,773.03,15.88,1.79,665,1773.42
1083,0.0003,0.1,80,4,0.2,0.0015,0.1,0.5,0,0,0.5,801.51,817.28,15.77,1.64,626,1917.05
1084,0.000175,0.1,80,8,0.2,0.0015,0.1,0.5,0,0,0.5,808.15,825.62,17.48,2.44,759,2087.58
1085,0.000225,0.1,80,8,0.2,0.0015,0.1,0.5,0,0,0.5,792.83,809.04,16.20,1.99,690,1937.89
1086,0.00025,0.1,80,8,0.2,0.0015,0.1,0.5,0,0,0.5,782.65,798.67,16.03,1.96,666,1821.73
1087,0.0003,0.1,80,8,0.2,0.0015,0.1,0.5,0,0,0.5,795.75,811.14,15.39,1.87,617,2018.87
1088,0.000175,0.1,80,4,0.5,0.0015,0.1,0.5,0,0,0.5,830.03,847.98,17.96,2.10,815,2023.69
1089,0.000225,0.1,80,4,0.5,0.0015,0.1,0.5,0,0,0.5,789.21,805.92,16.71,1.82,725,1886.12
1090,0.00025,0.1,80,4,0.5,0.0015,0.1,0.5,0,0,0.5,769.50,786.43,16.93,1.82,719,1903.46
1091,0.0003,0.1,80,4,0.5,0.0015,0.1,0.5,0,0,0.5,787.11,803.42,16.31,1.77,670,1730.03
1092,0.000175,0.1,80,8,0.5,0.0015,0.1,0.5,0,0,0.5,844.56,862.58,18.03,2.05,797,2004.56
1093,0.000225,0.1,80,8,0.5,0.0015,0.1,0.5,0,0,0.5,859.20,876.47,17.27,1.97,739,2211.62
1094,0.00025,0.1,80,8,0.5,0.0015,0.1,0.5,0,0,0.5,810.65,827.29,16.65,1.73,708,2008.84
1095,0.0003,0.1,80,8,0.5,0.0015,0.1,0.5,0,0,0.5,861.80,877.85,16.05,1.77,662,2046.30
1096,0.000175,0.1,80,4,0.7,0.0015,0.1,0.5,0,0,0.5,839.90,858.50,18.61,1.95,839,2025.18
1097,0.000225,0.1,80,4,0.7,0.0015,0.1,0.5,0,0,0.5,833.37,851.00,17.63,1.86,773,1925.97
1098,0.00025,0.1,80,4,0.7,0.0015,0.1,0.5,0,0,0.5,805.77,823.38,17.61,1.74,752,1966.49
1099,0.0003,0.1,80,4,0.7,0.0015,0.1,0.5,0,0,0.5,807.56,824.06,16.50,1.78,700,1939.33
1100,0.000175,0.1,80,8,0.7,0.0015,0.1,0.5,0,0,0.5,866.68,885.18,18.50,1.98,838,2215.24
1101,0.000225,0.1,80,8,0.7,0.0015,0.1,0.5,0,0,0.5,891.56,909.02,17.46,1.77,765,2153.59
1102,0.00025,0.1,80,8,0.7,0.0015,0.1,0.5,0,0,0.5,879.64,896.56,16.92,1.73,753,2106.58
1103,0.0003,0.1,80,8,0.7,0.0015,0.1,0.5,0,0,0.5,852.73,869.01,16.27,1.67,686,2189.12
1104,0.000175,0.1,80,4,0.2,0.003,0.1,0.5,0,0,0.5,527.83,537.90,10.07,1.22,618,1055.33
1105,0.000225,0.1,80,4,0.2,0.003,0.1,0.5,0,0,0.5,522.33,531.17,8.84,1.26,543,1083.64
1106,0.00025,0.1,80,4,0.2,0.003,0.1,0.5,0,0,0.5,471.86,480.32,8.46,1.11,518,925.49
1107,0.0003,0.1,80,4,0.2,0.003,0.1,0.5,0,0,0.5,498.53,506.27,7.74,1.29,468,1070.90
1108,0.000175,0.1,80,8,0.2,0.003,0.1,0.5,0,0,0.5,540.97,551.00,10.03,1.42,614,1040.76
1109,0.000225,0.1,80,8,0.2,0.003,0.1,0.5,0,0,0.5,539.35,548.02,8.66,1.54,533,1096.15
1110,0.00025,0.1,80,8,0.2,0.003,0.1,0.5,0,0,0.5,538.77,547.12,8.34,1.21,513,1077.43
1111,0.0003,0.1,80,8,0.2,0.003,0.1,0.5,0,0,0.5,523.69,531.23,7.55,1.32,461,938.37
1112,0.000175,0.1,80,4,0.5,0.003,0.1,0.5,0,0,0.5,554.07,564.70,10.63,1.47,654,1099.67
1113,0.000225,0.1,80,4,0.5,0.003,0.1,0.5,0,0,0.5,524.93,534.49,9.55,1.51,586,1017.51
1114,0.00025,0.1,80,4,0.5,0.003,0.1,0.5,0,0,0.5,503.55,512.73,9.18,1.27,566,878.50
1115,0.0003,0.1,80,4,0.5,0.003,0.1,0.5,0,0,0.5,542.44,550.87,8.43,1.56,514,1079.61
1116,0.000175,0.1,80,8,0.5,0.003,0.1,0.5,0,0,0.5,572.52,583.27,10.76,1.48,664,1157.25
1117,0.000225,0.1,80,8,0.5,0.003,0.1,0.5,0,0,0.5,556.71,566.18,9.46,1.60,584,1080.71
1118,0.00025,0.1,80,8,0.5,0.003,0.1,0.5,0,0,0.5,553.43,562.33,8.90,1.25,559,973.80
1119,0.0003,0.1,80,8,0.5,0.003,0.1,0.5,0,0,0.5,543.03,551.24,8.21,1.36,504,1042.97
1120,0.000175,0.1,80,4,0.7,0.003,0.1,0.5,0,0,0.5,579.58,590.64,11.06,1.48,683,1228.24
1121,0.000225,0.1,80,4,0.7,0.003,0.1,0.5,0,0,0.5,586.88,596.95,10.07,1.60,631,1178.02
1122,0.00025,0.1,80,4,0.7,0.003,0.1,0.5,0,0,0.5,512.79,522.48,9.69,1.35,600,1030.24
1123,0.0003,0.1,80,4,0.7,0.003,0.1,0.5,0,0,0.5,515.27,524.03,8.76,1.30,540,913.92
1124,0.000175,0.1,80,8,0.7,0.003,0.1,0.5,0,0,0.5,626.12,637.22,11.10,1.56,686,1376.53
1125,0.000225,0.1,80,8,0.7,0.003,0.1,0.5,0,0,0.5,591.55,601.61,10.06,1.34,620,1109.83
1126,0.00025,0.1,80,8,0.7,0.003,0.1,0.5,0,0,0.5,570.73,580.34,9.62,1.21,595,1029.17
1127,0.0003,0.1,80,8,0.7,0.003,0.1,0.5,0,0,0.5,564.00,572.68,8.68,1.31,549,1024.92
1128,0.000175,0.1,80,4,0.2,0.0045,0.1,0.5,0,0,0.5,526.87,536.56,9.69,1.47,608,1163.43
1129,0.000225,0.1,80,4,0.2,0.0045,0.1,0.5,0,0,0.5,506.85,515.40,8.55,1.23,531,950.70
1130,0.00025,0.1,80,4,0.2,0.0045,0.1,0.5,0,0,0.5,497.38,505.50,8.13,1.14,514,980.49
1131,0.0003,0.1,80,4,0.2,0.0045,0.1,0.5,0,0,0.5,452.74,460.04,7.30,1.18,460,777.25
1132,0.000175,0.1,80,8,0.2,0.0045,0.1,0.5,0,0,0.5,604.25,613.83,9.58,1.55,605,1202.03
1133,0.000225,0.1,80,8,0.2,0.0045,0.1,0.5,0,0,0.5,527.75,536.42,8.67,1.22,540,963.34
1134,0.00025,0.1,80,8,0.2,0.0045,0.1,0.5,0,0,0.5,509.74,517.78,8.04,1.18,506,894.98
1135,0.0003,0.1,80,8,0.2,0.0045,0.1,0.5,0,0,0.5,479.47,486.73,7.26,1.34,455,925.14
1136,0.000175,0.1,80,4,0.5,0.0045,0.1,0.5,0,0,0.5,519.65,530.09,10.44,1.34,661,1023.73
1137,0.000225,0.1,80,4,0.5,0.0045,0.1,0.5,0,0,0.5,518.21,527.54,9.33,1.49,581,1124.45
1138,0.00025,0.1,80,4,0.5,0.0045,0.1,0.5,0,0,0.5,507.74,516.46,8.72,1.17,550,949.51
1139,0.0003,0.1,80,4,0.5,0.0045,0.1,0.5,0,0,0.5,501.45,509.67,8.22,1.36,521,991.96
1140,0.000175,0.1,80,8,0.5,0.0045,0.1,0.5,0,0,0.5,522.07,532.44,10.36,1.27,651,959.70
1141,0.000225,0.1,80,8,0.5,0.0045,0.1,0.5,0,0,0.5,548.80,557.97,9.17,1.33,582,1079.26
1142,0.00025,0.1,80,8,0.5,0.0045,0.1,0.5,0,0,0.5,522.61,531.29,8.68,1.18,556,958.48
1143,0.0003,0.1,80,8,0.5,0.0045,0.1,0.5,0,0,0.5,563.82,571.89,8.07,1.30,508,983.84
1144,0.000175,0.1,80,4,0.7,0.0045,0.1,0.5,0,0,0.5,562.36,573.20,10.84,1.51,683,1169.81
1145,0.000225,0.1,80,4,0.7,0.0045,0.1,0.5,0,0,0.5,537.59,547.28,9.69,1.36,616,1029.60
1146,0.00025,0.1,80,4,0.7,0.0045,0.1,0.5,0,0,0.5,561.96,571.32,9.35,1.28,592,1143.37
1147,0.0003,0.1,80,4,0.7,0.0045,0.1,0.5,0,0,0.5,551.79,560.42,8.63,1.39,551,1001.50
1148,0.000175,0.1,80,8,0.7,0.0045,0.1,0.5,0,0,0.5,613.35,624.12,10.77,1.63,683,1279.83
1149,0.000225,0.1,80,8,0.7,0.0045,0.1,0.5,0,0,0.5,589.86,599.59,9.73,1.42,614,1112.89
1150,0.00025,0.1,80,8,0.7,0.0045,0.1,0.5,0,0,0.5,565.63,574.96,9.33,1.32,597,977.62
1151,0.0003,0.1,80,8,0.7,0.0045,0.1,0.5,0,0,0.5,517.11,525.50,8.39,1.40,536,984.74
1152,0.000175,0.1,80,4,0.2,0.0015,0.2,0.5,0,0,0.5,819.63,838.45,18.82,2.18,790,2011.89
1153,0.000225,0.1,80,4,0.2,0.0015,0.2,0.5,0,0,0.5,831.16,848.30,17.14,1.95,705,1919.22
1154,0.00025,0.1,80,4,0.2,0.0015,0.2,0.5,0,0,0.5,829.59,846.88,17.29,1.77,685,1939.24
1155,0.0003,0.1,80,4,0.2,0.0015,0.2,0.5,0,0,0.5,795.11,811.99,16.89,1.96,644,1912.56
1156,0.000175,0.1,80,8,0.2,0.0015,0.2,0.5,0,0,0.5,853.80,872.38,18.58,2.21,786,2254.65
1157,0.000225,0.1,80,8,0.2,0.0015,0.2,0.5,0,0,0.5,848.65,866.09,17.43,1.91,719,2085.13
1158,0.00025,0.1,80,8,0.2,0.0015,0.2,0.5,0,0,0.5,825.17,842.48,17.30,1.84,685,2087.50
1159,0.0003,0.1,80,8,0.2,0.0015,0.2,0.5,0,0,0.5,812.38,828.78,16.40,1.89,635,1929.82
1160,0.000175,0.1,80,4,0.5,0.0015,0.2,0.5,0,0,0.5,844.69,863.95,19.26,1.99,818,2057.38
1161,0.000225,0.1,80,4,0.5,0.0015,0.2,0.5,0,0,0.5,840.39,858.46,18.07,1.88,744,1927.38
1162,0.00025,0.1,80,4,0.5,0.0015,0.2,0.5,0,0,0.5,824.85,842.95,18.11,1.93,737,2012.26
1163,0.0003,0.1,80,4,0.5,0.0015,0.2,0.5,0,0,0.5,796.42,813.72,17.30,1.79,692,1785.90
1164,0.000175,0.1,80,8,0.5,0.0015,0.2,0.5,0,0,0.5,893.02,912.06,19.04,2.02,817,2328.71
1165,0.000225,0.1,80,8,0.5,0.0015,0.2,0.5,0,0,0.5,871.46,889.39,17.93,2.13,751,2193.23
1166,0.00025,0.1,80,8,0.5,0.0015,0.2,0.5,0,0,0.5,826.28,844.08,17.80,2.06,737,2142.56
1167,0.0003,0.1,80,8,0.5,0.0015,0.2,0.5,0,0,0.5,851.27,868.88,17.61,2.00,688,2216.66
1168,0.000175,0.1,80,4,0.7,0.0015,0.2,0.5,0,0,0.5,859.85,879.35,19.50,1.95,860,2035.95
1169,0.000225,0.1,80,4,0.7,0.0015,0.2,0.5,0,0,0.5,879.76,898.37,18.61,1.87,787,2141.51
1170,0.00025,0.1,80,4,0.7,0.0015,0.2,0.5,0,0,0.5,824.41,843.04,18.63,1.91,768,1999.52
1171,0.0003,0.1,80,4,0.7,0.0015,0.2,0.5,0,0,0.5,854.96,872.51,17.55,1.89,724,2115.39
1172,0.000175,0.1,80,8,0.7,0.0015,0.2,0.5,0,0,0.5,896.47,915.99,19.52,2.11,851,2228.08
1173,0.000225,0.1,80,8,0.7,0.0015,0.2,0.5,0,0,0.5,850.46,869.05,18.59,1.80,791,2001.28
1174,0.00025,0.1,80,8,0.7,0.0015,0.2,0.5,0,0,0.5,852.76,870.80,18.04,2.07,764,2173.02
1175,0.0003,0.1,80,8,0.7,0.0015,0.2,0.5,0,0,0.5,850.99,868.75,17.76,1.78,728,1934.09
1176,0.000175,0.1,80,4,0.2,0.003,0.2,0.5,0,0,0.5,529.46,539.45,9.99,1.54,612,1126.42
1177,0.000225,0.1,80,4,0.2,0.003,0.2,0.5,0,0,0.5,478.60,487.52,8.92,1.20,540,951.22
1178,0.00025,0.1,80,4,0.2,0.003,0.2,0.5,0,0,0.5,491.31,499.95,8.64,1.09,521,904.05
1179,0.0003,0.1,80,4,0.2,0.003,0.2,0.5,0,0,0.5,522.52,530.14,7.62,1.59,462,1087.14
1180,0.000175,0.1,80,8,0.2,0.003,0.2,0.5,0,0,0.5,537.46,547.31,9.85,1.32,603,1066.66
1181,0.000225,0.1,80,8,0.2,0.003,0.2,0.5,0,0,0.5,527.23,536.14,8.90,1.23,540,976.89
1182,0.00025,0.1,80,8,0.2,0.003,0.2,0.5,0,0,0.5,498.93,507.54,8.61,1.19,518,982.31
1183,0.0003,0.1,80,8,0.2,0.003,0.2,0.5,0,0,0.5,503.38,511.11,7.73,1.21,467,1041.04
1184,0.000175,0.1,80,4,0.5,0.003,0.2,0.5,0,0,0.5,573.07,583.90,10.83,1.35,663,1068.60
1185,0.000225,0.1,80,4,0.5,0.003,0.2,0.5,0,0,0.5,532.58,542.17,9.59,1.37,586,1030.20
1186,0.00025,0.1,80,4,0.5,0.003,0.2,0.5,0,0,0.5,550.55,559.65,9.11,1.31,555,1001.86
1187,0.0003,0.1,80,4,0.5,0.003,0.2,0.5,0,0,0.5,523.30,531.66,8.36,1.44,511,991.28
1188,0.000175,0.1,80,8,0.5,0.003,0.2,0.5,0,0,0.5,621.36,632.09,10.74,1.51,655,1141.96
1189,0.000225,0.1,80,8,0.5,0.003,0.2,0.5,0,0,0.5,581.36,591.04,9.68,1.46,594,1196.15
1190,0.00025,0.1,80,8,0.5,0.003,0.2,0.5,0,0,0.5,564.52,573.65,9.12,1.31,564,1056.56
1191,0.0003,0.1,80,8,0.5,0.003,0.2,0.5,0,0,0.5,501.56,509.83,8.27,1.47,506,992.29
1192,0.000175,0.1,80,4,0.7,0.003,0.2,0.5,0,0,0.5,579.47,590.53,11.06,1.48,689,1150.62
1193,0.000225,0.1,80,4,0.7,0.003,0.2,0.5,0,0,0.5,531.22,541.38,10.17,1.10,620,1002.67
1194,0.00025,0.1,80,4,0.7,0.003,0.2,0.5,0,0,0.5,586.23,595.35,9.12,1.42,560,1131.99
1195,0.0003,0.1,80,4,0.7,0.003,0.2,0.5,0,0,0.5,542.86,551.74,8.88,1.53,547,1026.40
1196,0.000175,0.1,80,8,0.7,0.003,0.2,0.5,0,0,0.5,588.32,599.52,11.20,1.37,689,1107.89
1197,0.000225,0.1,80,8,0.7,0.003,0.2,0.5,0,0,0.5,642.73,652.80,10.07,1.54,624,1242.53
1198,0.00025,0.1,80,8,0.7,0.003,0.2,0.5,0,0,0.5,584.07,593.87,9.80,1.43,599,1048.80
1199,0.0003,0.1,80,8,0.7,0.003,0.2,0.5,0,0,0.5,560.27,569.12,8.85,1.50,546,1132.91
1200,0.000175,0.1,80,4,0.2,0.0045,0.2,0.5,0,0,0.5,519.89,529.54,9.65,1.54,607,1097.45
1201,0.000225,0.1,80,4,0.2,0.0045,0.2,0.5,0,0,0.5,483.41,491.91,8.50,1.17,535,982.19
1202,0.00025,0.1,80,4,0.2,0.0045,0.2,0.5,0,0,0.5,539.06,547.18,8.12,1.27,510,1037.28
1203,0.0003,0.1,80,4,0.2,0.0045,0.2,0.5,0,0,0.5,495.02,502.31,7.30,1.36,458,1045.71
1204,0.000175,0.1,80,8,0.2,0.0045,0.2,0.5,0,0,0.5,575.79,585.55,9.76,1.60,610,1171.35
1205,0.000225,0.1,80,8,0.2,0.0045,0.2,0.5,0,0,0.5,527.48,536.22,8.74,1.35,539,979.59
1206,0.00025,0.1,80,8,0.2,0.0045,0.2,0.5,0,0,0.5,563.82,571.91,8.09,1.14,507,943.84
1207,0.0003,0.1,80,8,0.2,0.0045,0.2,0.5,0,0,0.5,473.68,480.95,7.27,1.28,456,919.61
1208,0.000175,0.1,80,4,0.5,0.0045,0.2,0.5,0,0,0.5,516.49,526.80,10.30,1.37,647,1093.47
1209,0.000225,0.1,80,4,0.5,0.0045,0.2,0.5,0,0,0.5,558.62,567.99,9.37,1.27,587,991.97
1210,0.00025,0.1,80,4,0.5,0.0045,0.2,0.5,0,0,0.5,510.24,518.99,8.75,1.31,553,1016.97
1211,0.0003,0.1,80,4,0.5,0.0045,0.2,0.5,0,0,0.5,524.23,532.22,8.00,1.31,502,1031.93
1212,0.000175,0.1,80,8,0.5,0.0045,0.2,0.5,0,0,0.5,587.89,598.28,10.39,1.47,655,1202.83
1213,0.000225,0.1,80,8,0.5,0.0045,0.2,0.5,0,0,0.5,579.78,589.06,9.28,1.38,585,1131.48
1214,0.00025,0.1,80,8,0.5,0.0045,0.2,0.5,0,0,0.5,541.65,550.44,8.79,1.15,556,926.65
1215,0.0003,0.1,80,8,0.5,0.0045,0.2,0.5,0,0,0.5,514.56,522.53,7.96,1.30,503,935.39
1216,0.000175,0.1,80,4,0.7,0.0045,0.2,0.5,0,0,0.5,560.85,571.75,10.90,1.23,685,1173.13
1217,0.000225,0.1,80,4,0.7,0.0045,0.2,0.5,0,0,0.5,516.93,526.64,9.71,1.30,618,896.63
1218,0.00025,0.1,80,4,0.7,0.0045,0.2,0.5,0,0,0.5,578.74,588.06,9.32,1.29,590,993.30
1219,0.0003,0.1,80,4,0.7,0.0045,0.2,0.5,0,0,0.5,534.90,543.43,8.53,1.29,536,937.71
1220,0.000175,0.1,80,8,0.7,0.0045,0.2,0.5,0,0,0.5,579.59,590.43,10.84,1.37,685,1143.52
1221,0.000225,0.1,80,8,0.7,0.0045,0.2,0.5,0,0,0.5,598.31,608.00,9.69,1.38,615,1167.23
1222,0.00025,0.1,80,8,0.7,0.0045,0.2,0.5,0,0,0.5,546.58,555.89,9.30,1.36,590,1030.11
1223,0.0003,0.1,80,8,0.7,0.0045,0.2,0.5,0,0,0.5,550.46,558.82,8.36,1.24,531,993.30
1224,0.000175,0.1,80,4,0.2,0.0015,0.4,0.5,0,0,0.5,866.37,886.97,20.60,2.14,795,2071.78
1225,0.000225,0.1,80,4,0.2,0.0015,0.4,0.5,0,0,0.5,828.41,847.72,19.31,1.73,713,1970.96
1226,0.00025,0.1,80,4,0.2,0.0015,0.4,0.5,0,0,0.5,826.81,845.84,19.03,1.73,689,1928.66
1227,0.0003,0.1,80,4,0.2,0.0015,0.4,0.5,0,0,0.5,829.89,848.46,18.57,1.88,665,1839.39
1228,0.000175,0.1,80,8,0.2,0.0015,0.4,0.5,0,0,0.5,779.70,800.13,20.42,1.86,772,2009.12
1229,0.000225,0.1,80,8,0.2,0.0015,0.4,0.5,0,0,0.5,840.75,859.83,19.08,2.01,697,2087.67
1230,0.00025,0.1,80,8,0.2,0.0015,0.4,0.5,0,0,0.5,737.60,756.23,18.63,1.53,658,1664.79
1231,0.0003,0.1,80,8,0.2,0.0015,0.4,0.5,0,0,0.5,802.74,820.92,18.17,1.98,643,1927.84
1232,0.000175,0.1,80,4,0.5,0.0015,0.4,0.5,0,0,0.5,850.11,870.43,20.32,2.07,813,2153.25
1233,0.000225,0.1,80,4,0.5,0.0015,0.4,0.5,0,0,0.5,810.98,830.83,19.85,2.05,751,1973.18
1234,0.00025,0.1,80,4,0.5,0.0015,0.4,0.5,0,0,0.5,855.54,875.87,20.33,1.99,758,1947.26
1235,0.0003,0.1,80,4,0.5,0.0015,0.4,0.5,0,0,0.5,830.84,850.02,19.18,1.67,693,1810.38
1236,0.000175,0.1,80,8,0.5,0.0015,0.4,0.5,0,0,0.5,892.88,913.62,20.74,1.96,818,2078.66
1237,0.000225,0.1,80,8,0.5,0.0015,0.4,0.5,0,0,0.5,849.85,869.21,19.36,1.95,730,2005.73
1238,0.00025,0.1,80,8,0.5,0.0015,0.4,0.5,0,0,0.5,785.90,806.04,20.15,2.00,750,1970.84
1239,0.0003,0.1,80,8,0.5,0.0015,0.4,0.5,0,0,0.5,792.71,811.55,18.85,1.81,669,1888.39
1240,0.000175,0.1,80,4,0.7,0.0015,0.4,0.5,0,0,0.5,838.46,859.32,20.86,1.81,835,1996.68
1241,0.000225,0.1,80,4,0.7,0.0015,0.4,0.5,0,0,0.5,876.48,897.24,20.76,2.00,818,2198.62
1242,0.00025,0.1,80,4,0.7,0.0015,0.4,0.5,0,0,0.5,815.00,835.41,20.41,2.15,776,1928.71
1243,0.0003,0.1,80,4,0.7,0.0015,0.4,0.5,0,0,0.5,922.01,942.07,20.06,1.67,734,2018.97
1244,0.000175,0.1,80,8,0.7,0.0015,0.4,0.5,0,0,0.5,867.12,887.68,20.56,2.00,822,2043.14
1245,0.000225,0.1,80,8,0.7,0.0015,0.4,0.5,0,0,0.5,857.97,877.95,19.98,1.79,764,2032.23
1246,0.00025,0.1,80,8,0.7,0.0015,0.4,0.5,0,0,0.5,817.53,837.57,20.04,1.75,748,1854.96
1247,0.0003,0.1,80,8,0.7,0.0015,0.4,0.5,0,0,0.5,792.40,811.64,19.24,1.77,694,1850.55
1248,0.000175,0.1,80,4,0.2,0.003,0.4,0.5,0,0,0.5,576.37,586.62,10.24,1.61,616,1124.35
1249,0.000225,0.1,80,4,0.2,0.003,0.4,0.5,0,0,0.5,528.81,537.82,9.02,1.32,544,1055.49
1250,0.00025,0.1,80,4,0.2,0.003,0.4,0.5,0,0,0.5,484.78,493.45,8.67,1.19,521,906.66
1251,0.0003,0.1,80,4,0.2,0.003,0.4,0.5,0,0,0.5,498.83,506.64,7.81,1.26,469,948.98
1252,0.000175,0.1,80,8,0.2,0.003,0.4,0.5,0,0,0.5,529.90,540.22,10.33,1.21,612,1013.13
1253,0.000225,0.1,80,8,0.2,0.003,0.4,0.5,0,0,0.5,541.80,550.83,9.03,1.29,543,1022.56
1254,0.00025,0.1,80,8,0.2,0.003,0.4,0.5,0,0,0.5,521.51,530.04,8.53,1.32,509,974.05
1255,0.0003,0.1,80,8,0.2,0.003,0.4,0.5,0,0,0.5,495.04,502.83,7.78,1.34,467,977.95
1256,0.000175,0.1,80,4,0.5,0.003,0.4,0.5,0,0,0.5,548.16,558.92,10.77,1.43,655,1086.00
1257,0.000225,0.1,80,4,0.5,0.003,0.4,0.5,0,0,0.5,526.28,536.08,9.79,1.27,587,1009.69
1258,0.00025,0.1,80,4,0.5,0.003,0.4,0.5,0,0,0.5,564.46,573.82,9.36,1.33,562,1074.41
1259,0.0003,0.1,80,4,0.5,0.003,0.4,0.5,0,0,0.5,562.64,571.29,8.64,1.43,516,1061.33
1260,0.000175,0.1,80,8,0.5,0.003,0.4,0.5,0,0,0.5,644.89,655.78,10.88,1.61,660,1241.06
1261,0.000225,0.1,80,8,0.5,0.003,0.4,0.5,0,0,0.5,576.19,585.97,9.78,1.43,590,1152.45
1262,0.00025,0.1,80,8,0.5,0.003,0.4,0.5,0,0,0.5,559.70,569.04,9.34,1.49,563,1102.09
1263,0.0003,0.1,80,8,0.5,0.003,0.4,0.5,0,0,0.5,599.42,608.02,8.59,1.45,509,1174.14
1264,0.000175,0.1,80,4,0.7,0.003,0.4,0.5,0,0,0.5,534.38,545.78,11.40,1.24,695,1040.58
1265,0.000225,0.1,80,4,0.7,0.003,0.4,0.5,0,0,0.5,573.15,583.44,10.29,1.47,631,1105.62
1266,0.00025,0.1,80,4,0.7,0.003,0.4,0.5,0,0,0.5,514.63,524.42,9.79,1.33,599,977.95
1267,0.0003,0.1,80,4,0.7,0.003,0.4,0.5,0,0,0.5,561.90,570.97,9.07,1.38,551,1092.81
1268,0.000175,0.1,80,8,0.7,0.003,0.4,0.5,0,0,0.5,617.85,629.16,11.30,1.48,687,1173.30
1269,0.000225,0.1,80,8,0.7,0.003,0.4,0.5,0,0,0.5,576.18,586.48,10.31,1.29,621,1038.37
1270,0.00025,0.1,80,8,0.7,0.003,0.4,0.5,0,0,0.5,588.11,597.99,9.88,1.36,597,1235.32
1271,0.0003,0.1,80,8,0.7,0.003,0.4,0.5,0,0,0.5,560.73,569.85,9.13,1.43,549,1140.03
1272,0.000175,0.1,80,4,0.2,0.0045,0.4,0.5,0,0,0.5,511.80,521.62,9.82,1.26,615,1061.64
1273,0.000225,0.1,80,4,0.2,0.0045,0.4,0.5,0,0,0.5,470.63,479.17,8.54,1.05,536,852.07
1274,0.00025,0.1,80,4,0.2,0.0045,0.4,0.5,0,0,0.5,476.84,485.04,8.21,1.21,510,950.34
1275,0.0003,0.1,80,4,0.2,0.0045,0.4,0.5,0,0,0.5,488.31,495.63,7.32,1.31,460,931.80
1276,0.000175,0.1,80,8,0.2,0.0045,0.4,0.5,0,0,0.5,532.99,542.67,9.68,1.49,606,1115.27
1277,0.000225,0.1,80,8,0.2,0.0045,0.4,0.5,0,0,0.5,512.97,521.46,8.50,1.28,526,1063.51
1278,0.00025,0.1,80,8,0.2,0.0045,0.4,0.5,0,0,0.5,498.15,506.47,8.33,1.19,516,895.48
1279,0.0003,0.1,80,8,0.2,0.0045,0.4,0.5,0,0,0.5,452.12,459.41,7.30,1.16,457,815.94
1280,0.000175,0.1,80,4,0.5,0.0045,0.4,0.5,0,0,0.5,533.54,544.01,10.47,1.35,658,1158.17
1281,0.000225,0.1,80,4,0.5,0.0045,0.4,0.5,0,0,0.5,565.97,575.21,9.24,1.44,581,1053.03
1282,0.00025,0.1,80,4,0.5,0.0045,0.4,0.5,0,0,0.5,513.40,522.34,8.94,1.43,562,1034.13
1283,0.0003,0.1,80,4,0.5,0.0045,0.4,0.5,0,0,0.5,540.53,548.59,8.06,1.43,508,1014.61
1284,0.000175,0.1,80,8,0.5,0.0045,0.4,0.5,0,0,0.5,581.72,592.02,10.30,1.35,644,1181.48
1285,0.000225,0.1,80,8,0.5,0.0045,0.4,0.5,0,0,0.5,550.93,560.22,9.30,1.28,581,1055.86
1286,0.00025,0.1,80,8,0.5,0.0045,0.4,0.5,0,0,0.5,532.76,541.78,9.02,1.18,568,982.42
1287,0.0003,0.1,80,8,0.5,0.0045,0.4,0.5,0,0,0.5,540.37,548.39,8.02,1.46,502,1039.08
1288,0.000175,0.1,80,4,0.7,0.0045,0.4,0.5,0,0,0.5,555.96,566.75,10.79,1.31,674,1073.49
1289,0.000225,0.1,80,4,0.7,0.0045,0.4,0.5,0,0,0.5,516.16,525.92,9.76,1.28,615,882.36
1290,0.00025,0.1,80,4,0.7,0.0045,0.4,0.5,0,0,0.5,530.42,539.74,9.32,1.28,595,1074.87
1291,0.0003,0.1,80,4,0.7,0.0045,0.4,0.5,0,0,0.5,505.22,513.70,8.48,1.42,533,963.32
1292,0.000175,0.1,80,8,0.7,0.0045,0.4,0.5,0,0,0.5,606.74,617.68,10.94,1.47,691,1146.86
1293,0.000225,0.1,80,8,0.7,0.0045,0.4,0.5,0,0,0.5,532.20,542.05,9.86,1.14,617,958.93
1294,0.00025,0.1,80,8,0.7,0.0045,0.4,0.5,0,0,0.5,555.99,565.27,9.27,1.43,587,1149.33
1295,0.0003,0.1,80,8,0.7,0.0045,0.4,0.5,0,0,0.5,533.71,542.32,8.61,1.26,543,1032.83
