variant  place_thresh  max_pos  max_back_levels  cross_thresh  cross_limit_maxpos_frac  cancel_buffer  premium_ema_coef  pred_momentum_coef  curv_impulse_coef  per_order_widen_frac  avg_pnl  avg_closed_pnl  avg_comm  sharpe  num_trds  sim_score
259      0.0003        400      4                0.003         0.4                      0.1            0                 0                   0                  0.5                   2565.42  2591.55         26.13     1.75    676       5407.49
369      0.0003        400      7                0.003         0.4                      0.1            0.5               0                   0                  0.5                   2957.35  2983.65         26.30     1.68    681       5477.62
421      0.0003        400      4                0.003         0.4                      0.1            0.8               0                   0                  0.5                   2394.08  2420.09         26.01     1.63    678       5528.02
313      0.0003        400      4                0.003         0.4                      0.1            0.2               0                   0                  0.5                   2615.16  2641.15         25.99     1.89    676       5534.22
349      0.0003        400      4                0.003         0.2                      0.1            0.5               0                   0                  0.5                   2598.27  2623.84         25.57     2.11    685       5569.74
423      0.0003        400      7                0.003         0.4                      0.1            0.8               0                   0                  0.5                   2933.47  2959.99         26.52     1.57    686       5665.61
312      0.00025       400      4                0.003         0.4                      0.1            0.2               0                   0                  0.5                   2606.64  2636.61         29.97     1.83    802       5696.12
371      0.0003        400      10               0.003         0.4                      0.1            0.5               0                   0                  0.5                   2925.68  2952.35         26.66     1.62    691       5763.61
367      0.0003        400      4                0.003         0.4                      0.1            0.5               0                   0                  0.5                   2605.59  2631.88         26.29     1.79    681       5769.83
25       0.0003        400      4                0.003         0.2                      0.1            0                 0                   0                  0.35                  2647.42  2673.53         26.11     2.29    709       5879.76
43       0.0003        400      4                0.003         0.4                      0.1            0                 0                   0                  0.35                  2750.99  2778.16         27.17     2.49    718       5958.65
151      0.0003        400      4                0.003         0.4                      0.1            0.5               0                   0                  0.35                  2664.69  2692.44         27.76     2.30    723       5968.02
258      0.00025       400      4                0.003         0.4                      0.1            0                 0                   0                  0.5                   2732.10  2761.95         29.85     1.95    797       6131.99
261      0.0003        400      7                0.003         0.4                      0.1            0                 0                   0                  0.5                   3027.24  3053.50         26.27     1.71    686       6204.79
315      0.0003        400      7                0.003         0.4                      0.1            0.2               0                   0                  0.5                   3031.27  3057.61         26.34     1.78    682       6221.16
403      0.0003        400      4                0.003         0.2                      0.1            0.8               0                   0                  0.5                   2511.60  2537.08         25.48     1.86    686       6244.80
241      0.0003        400      4                0.003         0.2                      0.1            0                 0                   0                  0.5                   2701.88  2727.00         25.12     2.19    674       6263.57
97       0.0003        400      4                0.003         0.4                      0.1            0.2               0                   0                  0.35                  2441.45  2468.41         26.96     2.44    710       6391.93
317      0.0003        400      10               0.003         0.4                      0.1            0.2               0                   0                  0.5                   3215.62  3242.27         26.65     1.62    688       6402.37
420      0.00025       400      4                0.003         0.4                      0.1            0.8               0                   0                  0.5                   2619.23  2649.65         30.42     2.21    806       6409.45
209      0.0003        400      10               0.003         0.4                      0.1            0.8               0                   0                  0.35                  3029.26  3057.01         27.75     1.88    721       6416.95
133      0.0003        400      4                0.003         0.2                      0.1            0.5               0                   0                  0.35                  2550.51  2576.84         26.33     3.16    711       6419.10
405      0.0003        400      7                0.003         0.2                      0.1            0.8               0                   0                  0.5                   3144.21  3169.45         25.25     2.03    680       6512.68
205      0.0003        400      4                0.003         0.4                      0.1            0.8               0                   0                  0.35                  2614.64  2641.73         27.09     2.58    702       6543.33
101      0.0003        400      10               0.003         0.4                      0.1            0.2               0                   0                  0.35                  2902.15  2929.52         27.38     2.14    712       6566.31
295      0.0003        400      4                0.003         0.2                      0.1            0.2               0                   0                  0.5                   2582.12  2607.43         25.31     2.60    683       6573.28
385      0.0003        400      4                0.003         0.1                      0.1            0.8               0                   0                  0.5                   2775.97  2800.54         24.57     2.28    675       6648.26
153      0.0003        400      7                0.003         0.4                      0.1            0.5               0                   0                  0.35                  2948.38  2975.44         27.06     2.08    703       6661.71
207      0.0003        400      7                0.003         0.4                      0.1            0.8               0                   0                  0.35                  2914.07  2941.08         27.00     2.29    716       6745.73
79       0.0003        400      4                0.003         0.2                      0.1            0.2               0                   0                  0.35                  2737.26  2763.65         26.39     2.67    713       6771.91
223      0.0003        400      4                0.003         0.1                      0.1            0                 0                   0                  0.5                   2585.56  2610.34         24.78     2.10    676       6822.97
366      0.00025       400      4                0.003         0.4                      0.1            0.5               0                   0                  0.5                   2759.40  2789.79         30.39     1.97    805       6878.44
155      0.0003        400      10               0.003         0.4                      0.1            0.5               0                   0                  0.35                  2886.38  2913.37         27.00     2.05    710       6923.91
277      0.0003        400      4                0.003         0.1                      0.1            0.2               0                   0                  0.5                   2746.87  2771.59         24.72     2.15    679       6968.11
297      0.0003        400      7                0.003         0.2                      0.1            0.2               0                   0                  0.5                   2999.94  3025.47         25.54     2.00    684       7002.56
61       0.0003        400      4                0.003         0.1                      0.1            0.2               0                   0                  0.35                  2560.50  2586.36         25.86     2.63    708       7009.86
187      0.0003        400      4                0.003         0.2                      0.1            0.8               0                   0                  0.35                  2693.16  2719.07         25.91     2.55    704       7016.42
243      0.0003        400      7                0.003         0.2                      0.1            0                 0                   0                  0.5                   3179.04  3204.42         25.37     2.07    674       7038.35
263      0.0003        400      10               0.003         0.4                      0.1            0                 0                   0                  0.5                   3110.72  3136.96         26.24     1.83    685       7053.87
335      0.0003        400      10               0.003         0.1                      0.1            0.5               0                   0                  0.5                   3246.65  3271.93         25.28     2.19    682       7186.94
115      0.0003        400      4                0.003         0.1                      0.1            0.5               0                   0                  0.35                  2556.53  2582.31         25.78     2.69    711       7191.82
42       0.00025       400      4                0.003         0.4                      0.1            0                 0                   0                  0.35                  2735.53  2766.46         30.93     2.64    843       7280.55
353      0.0003        400      10               0.003         0.2                      0.1            0.5               0                   0                  0.5                   3146.76  3172.49         25.73     1.99    681       7289.40
331      0.0003        400      4                0.003         0.1                      0.1            0.5               0                   0                  0.5                   2839.38  2864.21         24.82     2.47    678       7290.94
425      0.0003        400      10               0.003         0.4                      0.1            0.8               0                   0                  0.5                   3119.71  3145.96         26.24     1.88    682       7310.31
424      0.00025       400      10               0.003         0.4                      0.1            0.8               0                   0                  0.5                   3288.65  3319.03         30.38     2.00    804       7321.47
402      0.00025       400      4                0.003         0.2                      0.1            0.8               0                   0                  0.5                   2842.17  2870.97         28.80     2.61    794       7322.08
333      0.0003        400      7                0.003         0.1                      0.1            0.5               0                   0                  0.5                   3099.28  3124.39         25.11     1.94    678       7357.30
368      0.00025       400      7                0.003         0.4                      0.1            0.5               0                   0                  0.5                   3179.27  3209.30         30.04     2.19    802       7424.65
99       0.0003        400      7                0.003         0.4                      0.1            0.2               0                   0                  0.35                  2859.53  2886.97         27.44     2.23    724       7451.35
45       0.0003        400      7                0.003         0.4                      0.1            0                 0                   0                  0.35                  3001.00  3028.22         27.22     2.21    713       7452.67
225      0.0003        400      7                0.003         0.1                      0.1            0                 0                   0                  0.5                   3242.12  3267.02         24.90     2.29    675       7464.30
245      0.0003        400      10               0.003         0.2                      0.1            0                 0                   0                  0.5                   3207.21  3232.46         25.25     2.24    673       7469.01
348      0.00025       400      4                0.003         0.2                      0.1            0.5               0                   0                  0.5                   2801.47  2830.31         28.84     2.31    798       7479.90
337      0.0003        400      4                0.0045        0.1                      0.1            0.5               0                   0                  0.5                   2942.43  2965.81         23.37     2.48    666       7521.23
240      0.00025       400      4                0.003         0.2                      0.1            0                 0                   0                  0.5                   2899.28  2928.40         29.12     2.63    799       7524.70
294      0.00025       400      4                0.003         0.2                      0.1            0.2               0                   0                  0.5                   2892.28  2921.03         28.76     2.39    796       7538.07
204      0.00025       400      4                0.003         0.4                      0.1            0.8               0                   0                  0.35                  2720.59  2751.67         31.08     2.81    837       7548.40
6        0.00025       400      4                0.003         0.1                      0.1            0                 0                   0                  0.35                  2740.78  2770.40         29.62     2.77    832       7555.65
120      0.00025       400      4                0.0045        0.1                      0.1            0.5               0                   0                  0.35                  3052.03  3080.33         28.30     3.37    823       7581.03
351      0.0003        400      7                0.003         0.2                      0.1            0.5               0                   0                  0.5                   3207.19  3232.49         25.30     1.99    676       7582.85
135      0.0003        400      7                0.003         0.2                      0.1            0.5               0                   0                  0.35                  3146.94  3173.56         26.63     2.62    710       7597.01
189      0.0003        400      7                0.003         0.2                      0.1            0.8               0                   0                  0.35                  3172.86  3199.02         26.17     2.72    701       7609.39
391      0.0003        400      4                0.0045        0.1                      0.1            0.8               0                   0                  0.5                   2903.23  2926.61         23.39     2.85    665       7612.83
299      0.0003        400      10               0.003         0.2                      0.1            0.2               0                   0                  0.5                   3204.01  3229.54         25.53     2.12    682       7616.03
422      0.00025       400      7                0.003         0.4                      0.1            0.8               0                   0                  0.5                   3180.34  3210.45         30.11     2.20    799       7658.91
27       0.0003        400      7                0.003         0.2                      0.1            0                 0                   0                  0.35                  2984.30  3010.74         26.44     2.75    704       7664.31
283      0.0003        400      4                0.0045        0.1                      0.1            0.2               0                   0                  0.5                   2857.48  2880.93         23.45     3.21    674       7727.33
314      0.00025       400      7                0.003         0.4                      0.1            0.2               0                   0                  0.5                   3107.99  3138.21         30.22     1.93    809       7738.96
262      0.00025       400      10               0.003         0.4                      0.1            0                 0                   0                  0.5                   3337.46  3367.39         29.94     2.16    792       7741.36
150      0.00025       400      4                0.003         0.4                      0.1            0.5               0                   0                  0.35                  2784.30  2815.33         31.03     2.86    838       7748.16
60       0.00025       400      4                0.003         0.1                      0.1            0.2               0                   0                  0.35                  2716.49  2746.07         29.57     3.32    828       7765.44
168      0.00025       400      4                0.003         0.1                      0.1            0.8               0                   0                  0.35                  2798.56  2828.51         29.95     3.22    838       7771.34
191      0.0003        400      10               0.003         0.2                      0.1            0.8               0                   0                  0.35                  3032.43  3059.02         26.60     2.98    709       7776.96
117      0.0003        400      7                0.003         0.1                      0.1            0.5               0                   0                  0.35                  3002.69  3028.85         26.17     3.32    707       7843.15
227      0.0003        400      10               0.003         0.1                      0.1            0                 0                   0                  0.5                   3216.83  3241.79         24.96     2.03    682       7852.02
373      0.0003        400      4                0.0045        0.4                      0.1            0.5               0                   0                  0.5                   2931.05  2954.63         23.57     2.39    679       7893.03
307      0.0003        400      4                0.0015        0.4                      0.1            0.2               0                   0                  0.5                   3465.56  3526.27         60.70     1.35    1024      7908.51
132      0.00025       400      4                0.003         0.2                      0.1            0.5               0                   0                  0.35                  2795.04  2824.89         29.84     2.90    832       7910.28
319      0.0003        400      4                0.0045        0.4                      0.1            0.2               0                   0                  0.5                   2797.39  2820.73         23.34     2.64    668       7916.84
84       0.00025       400      4                0.0045        0.2                      0.1            0.2               0                   0                  0.35                  2995.12  3023.10         27.98     3.33    819       7936.29
260      0.00025       400      7                0.003         0.4                      0.1            0                 0                   0                  0.5                   3219.80  3249.95         30.15     1.98    798       7937.26
29       0.0003        400      10               0.003         0.2                      0.1            0                 0                   0                  0.35                  3193.62  3220.34         26.72     2.61    712       7943.73
316      0.00025       400      10               0.003         0.4                      0.1            0.2               0                   0                  0.5                   3311.97  3342.32         30.35     2.16    806       7947.48
389      0.0003        400      10               0.003         0.1                      0.1            0.8               0                   0                  0.5                   3184.44  3209.89         25.45     2.11    680       7975.56
426      0.00025       400      4                0.0045        0.4                      0.1            0.8               0                   0                  0.5                   2935.29  2962.88         27.59     3.01    798       7988.43
137      0.0003        400      10               0.003         0.2                      0.1            0.5               0                   0                  0.35                  3318.56  3345.55         26.99     2.31    719       7995.26
247      0.0003        400      4                0.0045        0.2                      0.1            0                 0                   0                  0.5                   2990.00  3013.22         23.21     3.32    670       8031.53
407      0.0003        400      10               0.003         0.2                      0.1            0.8               0                   0                  0.5                   3365.61  3391.16         25.56     2.10    677       8058.89
279      0.0003        400      7                0.003         0.1                      0.1            0.2               0                   0                  0.5                   3158.06  3182.70         24.64     2.23    672       8089.73
138      0.00025       400      4                0.0045        0.2                      0.1            0.5               0                   0                  0.35                  3236.27  3264.37         28.10     3.42    820       8111.28
65       0.0003        400      10               0.003         0.1                      0.1            0.2               0                   0                  0.35                  3184.79  3211.32         26.54     3.14    712       8120.92
96       0.00025       400      4                0.003         0.4                      0.1            0.2               0                   0                  0.35                  2713.83  2744.86         31.03     2.54    834       8139.03
119      0.0003        400      10               0.003         0.1                      0.1            0.5               0                   0                  0.35                  3120.80  3147.25         26.45     3.53    709       8143.27
330      0.00025       400      4                0.003         0.1                      0.1            0.5               0                   0                  0.5                   2933.29  2962.02         28.73     2.61    798       8156.22
265      0.0003        400      4                0.0045        0.4                      0.1            0                 0                   0                  0.5                   2889.59  2912.79         23.20     2.37    669       8158.70
301      0.0003        400      4                0.0045        0.2                      0.1            0.2               0                   0                  0.5                   2982.82  3006.08         23.27     2.92    666       8164.71
186      0.00025       400      4                0.003         0.2                      0.1            0.8               0                   0                  0.35                  2790.27  2820.60         30.34     2.80    836       8182.57
355      0.0003        400      4                0.0045        0.2                      0.1            0.5               0                   0                  0.5                   2902.36  2925.68         23.32     3.07    673       8184.11
169      0.0003        400      4                0.003         0.1                      0.1            0.8               0                   0                  0.35                  3017.82  3044.17         26.35     3.11    714       8197.42
222      0.00025       400      4                0.003         0.1                      0.1            0                 0                   0                  0.5                   2868.98  2897.37         28.38     2.77    797       8214.92
361      0.0003        400      4                0.0015        0.4                      0.1            0.5               0                   0                  0.5                   3435.37  3496.72         61.35     1.45    1022      8215.74
276      0.00025       400      4                0.003         0.1                      0.1            0.2               0                   0                  0.5                   2779.30  2807.69         28.39     2.31    792       8221.89
409      0.0003        400      4                0.0045        0.2                      0.1            0.8               0                   0                  0.5                   2950.34  2973.47         23.13     2.60    670       8225.50
289      0.0003        400      4                0.0015        0.2                      0.1            0.2               0                   0                  0.5                   3356.60  3407.95         51.35     1.78    952       8333.49
318      0.00025       400      4                0.0045        0.4                      0.1            0.2               0                   0                  0.5                   2829.87  2856.51         26.64     2.82    770       8337.77
281      0.0003        400      10               0.003         0.1                      0.1            0.2               0                   0                  0.5                   3312.20  3337.08         24.88     2.13    677       8340.44
174      0.00025       400      4                0.0045        0.1                      0.1            0.8               0                   0                  0.35                  3156.75  3185.24         28.49     3.54    829       8354.41
379      0.0003        400      4                0.0015        0.1                      0.1            0.8               0                   0                  0.5                   3406.79  3452.86         46.07     2.03    901       8355.60
103      0.0003        400      4                0.0045        0.4                      0.1            0.2               0                   0                  0.35                  2944.35  2968.66         24.31     4.33    698       8359.21
427      0.0003        400      4                0.0045        0.4                      0.1            0.8               0                   0                  0.5                   2996.59  3020.16         23.57     2.54    674       8399.44
393      0.0003        400      7                0.0045        0.1                      0.1            0.8               0                   0                  0.5                   3285.16  3308.68         23.52     2.53    671       8407.04
229      0.0003        400      4                0.0045        0.1                      0.1            0                 0                   0                  0.5                   3041.21  3064.63         23.42     2.83    674       8416.17
206      0.00025       400      7                0.003         0.4                      0.1            0.8               0                   0                  0.35                  3174.55  3205.62         31.08     3.25    832       8418.07
173      0.0003        400      10               0.003         0.1                      0.1            0.8               0                   0                  0.35                  3221.76  3247.84         26.08     3.04    708       8436.64
271      0.0003        400      4                0.0015        0.1                      0.1            0.2               0                   0                  0.5                   3469.26  3514.15         44.89     2.14    898       8437.05
24       0.00025       400      4                0.003         0.2                      0.1            0                 0                   0                  0.35                  2867.80  2897.64         29.84     2.96    833       8464.78
30       0.00025       400      4                0.0045        0.2                      0.1            0                 0                   0                  0.35                  3150.06  3178.65         28.59     3.41    826       8474.42
37       0.0003        400      4                0.0015        0.4                      0.1            0                 0                   0                  0.35                  3483.34  3544.33         60.99     1.44    1053      8474.72
81       0.0003        400      7                0.003         0.2                      0.1            0.2               0                   0                  0.35                  3192.89  3218.98         26.09     2.68    702       8486.55
114      0.00025       400      4                0.003         0.1                      0.1            0.5               0                   0                  0.35                  2826.94  2856.48         29.54     2.84    823       8513.85
78       0.00025       400      4                0.003         0.2                      0.1            0.2               0                   0                  0.35                  2839.66  2869.75         30.10     2.97    831       8514.43
352      0.00025       400      10               0.003         0.2                      0.1            0.5               0                   0                  0.5                   3241.99  3271.23         29.25     2.09    806       8524.35
387      0.0003        400      7                0.003         0.1                      0.1            0.8               0                   0                  0.5                   3197.09  3222.04         24.96     1.91    677       8528.93
7        0.0003        400      4                0.003         0.1                      0.1            0                 0                   0                  0.35                  2814.36  2839.94         25.59     2.87    705       8555.74
231      0.0003        400      7                0.0045        0.1                      0.1            0                 0                   0                  0.5                   3312.38  3336.09         23.70     2.34    673       8558.99
44       0.00025       400      7                0.003         0.4                      0.1            0                 0                   0                  0.35                  3085.28  3116.55         31.28     2.86    829       8573.43
157      0.0003        400      4                0.0045        0.4                      0.1            0.5               0                   0                  0.35                  2947.48  2971.89         24.41     4.06    693       8587.65
98       0.00025       400      7                0.003         0.4                      0.1            0.2               0                   0                  0.35                  3153.52  3184.85         31.33     2.68    835       8598.34
228      0.00025       400      4                0.0045        0.1                      0.1            0                 0                   0                  0.5                   3026.93  3054.01         27.08     3.30    788       8608.90
31       0.0003        400      4                0.0045        0.2                      0.1            0                 0                   0                  0.35                  2994.69  3019.11         24.41     4.01    701       8612.59
139      0.0003        400      4                0.0045        0.2                      0.1            0.5               0                   0                  0.35                  2937.81  2962.16         24.35     3.84    698       8633.01
431      0.0003        400      10               0.0045        0.4                      0.1            0.8               0                   0                  0.5                   3337.85  3361.30         23.45     2.49    669       8644.50
429      0.0003        400      7                0.0045        0.4                      0.1            0.8               0                   0                  0.5                   3308.66  3332.19         23.53     2.61    667       8661.81
384      0.00025       400      4                0.003         0.1                      0.1            0.8               0                   0                  0.5                   2898.21  2927.15         28.95     2.46    800       8687.02
47       0.0003        400      10               0.003         0.4                      0.1            0                 0                   0                  0.35                  3058.28  3085.06         26.78     2.37    703       8687.96
26       0.00025       400      7                0.003         0.2                      0.1            0                 0                   0                  0.35                  3242.47  3272.90         30.43     3.20    830       8704.30
19       0.0003        400      4                0.0015        0.2                      0.1            0                 0                   0                  0.35                  3524.74  3576.81         52.07     2.08    983       8724.22
253      0.0003        400      4                0.0015        0.4                      0.1            0                 0                   0                  0.5                   3562.08  3621.81         59.73     1.46    1010      8763.93
188      0.00025       400      7                0.003         0.2                      0.1            0.8               0                   0                  0.35                  3247.01  3277.52         30.52     3.04    832       8777.76
199      0.0003        400      4                0.0015        0.4                      0.1            0.8               0                   0                  0.35                  3485.15  3545.61         60.46     1.49    1045      8790.66
11       0.0003        400      10               0.003         0.1                      0.1            0                 0                   0                  0.35                  3078.61  3104.72         26.11     3.11    704       8797.41
278      0.00025       400      7                0.003         0.1                      0.1            0.2               0                   0                  0.5                   3288.42  3317.17         28.74     2.39    795       8809.90
83       0.0003        400      10               0.003         0.2                      0.1            0.2               0                   0                  0.35                  3177.14  3203.85         26.71     2.55    713       8814.99
282      0.00025       400      4                0.0045        0.1                      0.1            0.2               0                   0                  0.5                   3021.95  3049.07         27.12     2.85    794       8819.46
156      0.00025       400      4                0.0045        0.4                      0.1            0.5               0                   0                  0.35                  3106.17  3134.50         28.33     3.84    828       8819.54
343      0.0003        400      4                0.0015        0.2                      0.1            0.5               0                   0                  0.5                   3430.50  3481.47         50.97     1.83    948       8828.08
154      0.00025       400      10               0.003         0.4                      0.1            0.5               0                   0                  0.35                  3355.36  3386.46         31.10     3.07    835       8844.04
363      0.0003        400      7                0.0015        0.4                      0.1            0.5               0                   0                  0.5                   3890.08  3950.09         60.01     1.48    1011      8845.33
300      0.00025       400      4                0.0045        0.2                      0.1            0.2               0                   0                  0.5                   3001.06  3028.57         27.51     3.52    796       8848.86
325      0.0003        400      4                0.0015        0.1                      0.1            0.5               0                   0                  0.5                   3481.09  3526.48         45.39     2.20    895       8861.40
251      0.0003        400      10               0.0045        0.2                      0.1            0                 0                   0                  0.5                   3339.25  3362.57         23.31     2.69    665       8878.71
192      0.00025       400      4                0.0045        0.2                      0.1            0.8               0                   0                  0.35                  3252.90  3281.14         28.24     3.66    822       8882.92
13       0.0003        400      4                0.0045        0.1                      0.1            0                 0                   0                  0.35                  2908.59  2933.01         24.43     3.38    706       8904.72
370      0.00025       400      10               0.003         0.4                      0.1            0.5               0                   0                  0.5                   3335.79  3365.85         30.06     2.14    804       8916.35
121      0.0003        400      4                0.0045        0.1                      0.1            0.5               0                   0                  0.35                  2942.47  2966.50         24.03     3.26    693       8918.14
242      0.00025       400      7                0.003         0.2                      0.1            0                 0                   0                  0.5                   3311.08  3340.35         29.27     2.55    796       8924.50
397      0.0003        400      4                0.0015        0.2                      0.1            0.8               0                   0                  0.5                   3319.23  3370.51         51.28     1.82    945       8929.11
9        0.0003        400      7                0.003         0.1                      0.1            0                 0                   0                  0.35                  3227.94  3254.09         26.15     2.66    710       8938.12
102      0.00025       400      4                0.0045        0.4                      0.1            0.2               0                   0                  0.35                  3195.32  3223.78         28.46     3.45    822       8943.38
404      0.00025       400      7                0.003         0.2                      0.1            0.8               0                   0                  0.5                   3270.21  3299.29         29.08     2.26    794       8956.33
345      0.0003        400      7                0.0015        0.2                      0.1            0.5               0                   0                  0.5                   3731.30  3782.00         50.70     1.58    949       8974.85
63       0.0003        400      7                0.003         0.1                      0.1            0.2               0                   0                  0.35                  3381.45  3407.47         26.03     2.57    710       8997.23
201      0.0003        400      7                0.0015        0.4                      0.1            0.8               0                   0                  0.35                  3774.83  3835.08         60.25     1.44    1042      9002.74
80       0.00025       400      7                0.003         0.2                      0.1            0.2               0                   0                  0.35                  3233.29  3263.50         30.21     2.66    825       9044.73
12       0.00025       400      4                0.0045        0.1                      0.1            0                 0                   0                  0.35                  3113.41  3141.79         28.38     3.69    823       9046.28
237      0.0003        400      7                0.0015        0.2                      0.1            0                 0                   0                  0.5                   3684.42  3735.67         51.26     1.74    950       9073.53
198      0.00025       400      4                0.0015        0.4                      0.1            0.8               0                   0                  0.35                  3549.31  3612.50         63.19     1.67    1169      9074.94
399      0.0003        400      7                0.0015        0.2                      0.1            0.8               0                   0                  0.5                   3831.65  3883.00         51.35     1.84    947       9135.51
210      0.00025       400      4                0.0045        0.4                      0.1            0.8               0                   0                  0.35                  3122.85  3151.52         28.67     3.48    827       9157.14
28       0.00025       400      10               0.003         0.2                      0.1            0                 0                   0                  0.35                  3240.23  3270.36         30.13     2.73    832       9166.09
246      0.00025       400      4                0.0045        0.2                      0.1            0                 0                   0                  0.5                   2997.74  3024.92         27.17     2.96    790       9167.03
235      0.0003        400      4                0.0015        0.2                      0.1            0                 0                   0                  0.5                   3448.75  3499.81         51.06     2.03    944       9195.33
66       0.00025       400      4                0.0045        0.1                      0.1            0.2               0                   0                  0.35                  3242.73  3270.95         28.22     3.53    818       9203.35
341      0.0003        400      10               0.0045        0.1                      0.1            0.5               0                   0                  0.5                   3460.97  3484.46         23.48     2.71    674       9206.93
172      0.00025       400      10               0.003         0.1                      0.1            0.8               0                   0                  0.35                  3323.95  3354.30         30.34     2.50    834       9210.63
160      0.00025       400      10               0.0045        0.4                      0.1            0.5               0                   0                  0.35                  3579.23  3608.11         28.88     3.69    819       9225.12
67       0.0003        400      4                0.0045        0.1                      0.1            0.2               0                   0                  0.35                  2932.76  2957.41         24.65     4.56    698       9241.16
140      0.00025       400      7                0.0045        0.2                      0.1            0.5               0                   0                  0.35                  3360.90  3389.66         28.75     3.99    826       9242.43
233      0.0003        400      10               0.0045        0.1                      0.1            0                 0                   0                  0.5                   3534.94  3558.61         23.68     2.24    674       9257.06
357      0.0003        400      7                0.0045        0.2                      0.1            0.5               0                   0                  0.5                   3358.58  3381.86         23.28     2.80    666       9267.86
309      0.0003        400      7                0.0015        0.4                      0.1            0.2               0                   0                  0.5                   3771.99  3831.73         59.74     1.40    1009      9276.32
48       0.00025       400      4                0.0045        0.4                      0.1            0                 0                   0                  0.35                  3093.67  3121.94         28.28     3.78    820       9285.00
388      0.00025       400      10               0.003         0.1                      0.1            0.8               0                   0                  0.5                   3432.03  3461.09         29.05     2.22    805       9292.44
171      0.0003        400      7                0.003         0.1                      0.1            0.8               0                   0                  0.35                  3091.06  3117.38         26.31     2.21    711       9301.78
224      0.00025       400      7                0.003         0.1                      0.1            0                 0                   0                  0.5                   3400.84  3429.50         28.65     2.22    795       9303.44
291      0.0003        400      7                0.0015        0.2                      0.1            0.2               0                   0                  0.5                   3573.28  3624.81         51.53     1.81    955       9311.73
152      0.00025       400      7                0.003         0.4                      0.1            0.5               0                   0                  0.35                  3281.55  3312.85         31.29     3.09    838       9314.54
264      0.00025       400      4                0.0045        0.4                      0.1            0                 0                   0                  0.5                   3076.08  3103.53         27.46     3.22    793       9330.33
329      0.0003        400      10               0.0015        0.1                      0.1            0.5               0                   0                  0.5                   3828.05  3873.87         45.82     1.79    906       9334.11
217      0.0003        400      4                0.0015        0.1                      0.1            0                 0                   0                  0.5                   3325.95  3371.54         45.58     2.06    896       9335.27
354      0.00025       400      4                0.0045        0.2                      0.1            0.5               0                   0                  0.5                   3052.45  3079.49         27.04     2.73    788       9337.64
109      0.0003        400      4                0.0015        0.1                      0.1            0.5               0                   0                  0.35                  3642.41  3690.30         47.88     2.27    935       9357.86
46       0.00025       400      10               0.003         0.4                      0.1            0                 0                   0                  0.35                  3459.23  3490.37         31.14     2.81    833       9365.00
21       0.0003        400      7                0.0015        0.2                      0.1            0                 0                   0                  0.35                  3827.48  3879.10         51.62     1.85    975       9365.85
145      0.0003        400      4                0.0015        0.4                      0.1            0.5               0                   0                  0.35                  3493.60  3553.86         60.26     1.59    1046      9371.83
190      0.00025       400      10               0.003         0.2                      0.1            0.8               0                   0                  0.35                  3420.17  3450.93         30.76     2.72    837       9381.04
149      0.0003        400      10               0.0015        0.4                      0.1            0.5               0                   0                  0.35                  3869.56  3929.72         60.16     1.51    1044      9381.67
175      0.0003        400      4                0.0045        0.1                      0.1            0.8               0                   0                  0.35                  3145.77  3170.22         24.46     4.20    700       9386.14
170      0.00025       400      7                0.003         0.1                      0.1            0.8               0                   0                  0.35                  3241.46  3271.16         29.71     3.36    825       9387.43
239      0.0003        400      10               0.0015        0.2                      0.1            0                 0                   0                  0.5                   3816.72  3867.71         51.00     1.77    946       9405.26
50       0.00025       400      7                0.0045        0.4                      0.1            0                 0                   0                  0.35                  3356.09  3384.65         28.56     3.42    820       9437.78
411      0.0003        400      7                0.0045        0.2                      0.1            0.8               0                   0                  0.5                   3470.04  3493.42         23.38     2.66    663       9439.10
195      0.0003        400      7                0.0045        0.2                      0.1            0.8               0                   0                  0.35                  3149.01  3173.41         24.39     3.81    698       9443.18
401      0.0003        400      10               0.0015        0.2                      0.1            0.8               0                   0                  0.5                   3776.41  3827.44         51.03     1.86    946       9445.85
249      0.0003        400      7                0.0045        0.2                      0.1            0                 0                   0                  0.5                   3378.54  3402.16         23.62     2.45    673       9461.61
303      0.0003        400      7                0.0045        0.2                      0.1            0.2               0                   0                  0.5                   3270.58  3294.07         23.49     2.34    672       9465.77
181      0.0003        400      4                0.0015        0.2                      0.1            0.8               0                   0                  0.35                  3509.02  3560.90         51.88     2.05    977       9472.22
107      0.0003        400      10               0.0045        0.4                      0.1            0.2               0                   0                  0.35                  3303.41  3328.13         24.72     3.86    698       9486.72
134      0.00025       400      7                0.003         0.2                      0.1            0.5               0                   0                  0.35                  3331.48  3362.13         30.65     2.76    830       9487.68
131      0.0003        400      10               0.0015        0.2                      0.1            0.5               0                   0                  0.35                  3993.79  4046.11         52.32     1.93    974       9492.97
194      0.00025       400      7                0.0045        0.2                      0.1            0.8               0                   0                  0.35                  3401.67  3430.29         28.62     4.04    822       9536.60
372      0.00025       400      4                0.0045        0.4                      0.1            0.5               0                   0                  0.5                   3061.49  3088.69         27.21     3.05    786       9542.13
147      0.0003        400      7                0.0015        0.4                      0.1            0.5               0                   0                  0.35                  3928.47  3988.66         60.19     1.48    1041      9542.96
73       0.0003        400      4                0.0015        0.2                      0.1            0.2               0                   0                  0.35                  3660.99  3712.83         51.83     2.01    978       9562.72
296      0.00025       400      7                0.003         0.2                      0.1            0.2               0                   0                  0.5                   3508.02  3536.60         28.58     2.97    794       9573.69
417      0.0003        400      7                0.0015        0.4                      0.1            0.8               0                   0                  0.5                   3845.79  3905.81         60.02     1.36    1014      9597.99
336      0.00025       400      4                0.0045        0.1                      0.1            0.5               0                   0                  0.5                   3163.68  3190.69         27.00     3.15    789       9598.82
208      0.00025       400      10               0.003         0.4                      0.1            0.8               0                   0                  0.35                  3304.19  3335.41         31.22     2.44    830       9613.73
267      0.0003        400      7                0.0045        0.4                      0.1            0                 0                   0                  0.5                   3455.52  3478.97         23.45     2.98    668       9621.66
59       0.0003        400      10               0.0015        0.1                      0.1            0.2               0                   0                  0.35                  3860.96  3908.21         47.26     1.96    938       9638.67
255      0.0003        400      7                0.0015        0.4                      0.1            0                 0                   0                  0.5                   3893.50  3953.42         59.92     1.56    1015      9656.44
39       0.0003        400      7                0.0015        0.4                      0.1            0                 0                   0                  0.35                  3910.83  3970.95         60.12     1.58    1038      9657.87
167      0.0003        400      10               0.0015        0.1                      0.1            0.8               0                   0                  0.35                  3942.71  3990.44         47.73     1.98    941       9666.22
324      0.00025       400      4                0.0015        0.1                      0.1            0.5               0                   0                  0.5                   3466.96  3516.13         49.17     2.17    1012      9669.80
383      0.0003        400      10               0.0015        0.1                      0.1            0.8               0                   0                  0.5                   3849.24  3895.22         45.98     1.78    905       9670.36
415      0.0003        400      4                0.0015        0.4                      0.1            0.8               0                   0                  0.5                   3643.27  3703.73         60.45     1.53    1019      9672.62
193      0.0003        400      4                0.0045        0.2                      0.1            0.8               0                   0                  0.35                  3094.17  3118.65         24.48     3.11    697       9722.99
375      0.0003        400      7                0.0045        0.4                      0.1            0.5               0                   0                  0.5                   3432.71  3456.07         23.36     2.63    670       9726.90
93       0.0003        400      7                0.0015        0.4                      0.1            0.2               0                   0                  0.35                  3892.08  3952.67         60.59     1.47    1046      9734.98
1        0.0003        400      4                0.0015        0.1                      0.1            0                 0                   0                  0.35                  3497.03  3544.20         47.17     2.09    934       9735.97
75       0.0003        400      7                0.0015        0.2                      0.1            0.2               0                   0                  0.35                  3901.65  3953.90         52.25     2.03    984       9743.88
305      0.0003        400      10               0.0045        0.2                      0.1            0.2               0                   0                  0.5                   3417.91  3441.78         23.87     2.34    679       9762.86
52       0.00025       400      10               0.0045        0.4                      0.1            0                 0                   0                  0.35                  3621.12  3649.68         28.56     3.65    814       9774.52
311      0.0003        400      10               0.0015        0.4                      0.1            0.2               0                   0                  0.5                   3909.20  3969.83         60.63     1.42    1020      9780.58
41       0.0003        400      10               0.0015        0.4                      0.1            0                 0                   0                  0.35                  3876.40  3936.36         59.95     1.56    1039      9782.51
298      0.00025       400      10               0.003         0.2                      0.1            0.2               0                   0                  0.5                   3397.21  3426.45         29.24     2.23    799       9786.45
386      0.00025       400      7                0.003         0.1                      0.1            0.8               0                   0                  0.5                   3346.19  3374.98         28.79     2.45    802       9794.39
273      0.0003        400      7                0.0015        0.1                      0.1            0.2               0                   0                  0.5                   3851.76  3898.13         46.37     1.79    910       9801.61
377      0.0003        400      10               0.0045        0.4                      0.1            0.5               0                   0                  0.5                   3606.97  3630.47         23.50     2.44    668       9812.82
221      0.0003        400      10               0.0015        0.1                      0.1            0                 0                   0                  0.5                   3928.45  3974.82         46.37     1.80    907       9816.63
32       0.00025       400      7                0.0045        0.2                      0.1            0                 0                   0                  0.35                  3480.13  3508.61         28.49     4.38    817       9824.65
381      0.0003        400      7                0.0015        0.1                      0.1            0.8               0                   0                  0.5                   3798.99  3845.11         46.12     1.83    906       9830.19
3        0.0003        400      7                0.0015        0.1                      0.1            0                 0                   0                  0.35                  3810.51  3858.54         48.04     2.34    946       9831.18
100      0.00025       400      10               0.003         0.4                      0.1            0.2               0                   0                  0.35                  3378.93  3410.31         31.37     2.65    841       9831.70
419      0.0003        400      10               0.0015        0.4                      0.1            0.8               0                   0                  0.5                   3915.79  3975.05         59.26     1.40    1004      9832.09
49       0.0003        400      4                0.0045        0.4                      0.1            0                 0                   0                  0.35                  3104.87  3129.60         24.73     3.39    698       9841.87
177      0.0003        400      7                0.0045        0.1                      0.1            0.8               0                   0                  0.35                  3342.39  3366.83         24.44     4.49    695       9844.62
226      0.00025       400      10               0.003         0.1                      0.1            0                 0                   0                  0.5                   3395.51  3424.42         28.91     2.20    804       9850.69
413      0.0003        400      10               0.0045        0.2                      0.1            0.8               0                   0                  0.5                   3313.01  3336.41         23.40     2.22    670       9854.68
113      0.0003        400      10               0.0015        0.1                      0.1            0.5               0                   0                  0.35                  4048.69  4096.28         47.59     2.25    939       9860.41
365      0.0003        400      10               0.0015        0.4                      0.1            0.5               0                   0                  0.5                   3859.76  3919.43         59.67     1.38    1009      9862.84
86       0.00025       400      7                0.0045        0.2                      0.1            0.2               0                   0                  0.35                  3465.57  3493.99         28.42     3.23    820       9871.52
268      0.00025       400      10               0.0045        0.4                      0.1            0                 0                   0                  0.5                   3299.21  3326.46         27.25     2.85    783       9887.97
347      0.0003        400      10               0.0015        0.2                      0.1            0.5               0                   0                  0.5                   3900.56  3951.71         51.14     1.84    948       9895.72
275      0.0003        400      10               0.0015        0.1                      0.1            0.2               0                   0                  0.5                   3887.69  3932.63         44.94     1.93    889       9900.40
71       0.0003        400      10               0.0045        0.1                      0.1            0.2               0                   0                  0.35                  3423.17  3447.77         24.60     3.21    697       9901.36
55       0.0003        400      4                0.0015        0.1                      0.1            0.2               0                   0                  0.35                  3566.75  3613.79         47.04     2.23    931       9910.38
392      0.00025       400      7                0.0045        0.1                      0.1            0.8               0                   0                  0.5                   3404.84  3432.24         27.40     2.49    787       9911.01
57       0.0003        400      7                0.0015        0.1                      0.1            0.2               0                   0                  0.35                  3783.42  3830.79         47.37     2.01    940       9911.01
91       0.0003        400      4                0.0015        0.4                      0.1            0.2               0                   0                  0.35                  3641.11  3701.21         60.10     1.52    1039      9924.21
408      0.00025       400      4                0.0045        0.2                      0.1            0.8               0                   0                  0.5                   3125.93  3153.02         27.10     3.12    788       9928.20
68       0.00025       400      7                0.0045        0.1                      0.1            0.2               0                   0                  0.35                  3590.73  3619.49         28.76     3.33    826       9930.66
82       0.00025       400      10               0.003         0.2                      0.1            0.2               0                   0                  0.35                  3401.99  3432.48         30.48     3.38    830       9934.87
350      0.00025       400      7                0.003         0.2                      0.1            0.5               0                   0                  0.5                   3420.71  3449.93         29.21     2.43    796       9938.40
183      0.0003        400      7                0.0015        0.2                      0.1            0.8               0                   0                  0.35                  3813.29  3865.41         52.12     1.88    985       9940.61
85       0.0003        400      4                0.0045        0.2                      0.1            0.2               0                   0                  0.35                  3066.41  3091.23         24.82     3.28    704       9966.10
406      0.00025       400      10               0.003         0.2                      0.1            0.8               0                   0                  0.5                   3470.20  3499.67         29.48     2.34    804       9977.48
127      0.0003        400      4                0.0015        0.2                      0.1            0.5               0                   0                  0.35                  3637.42  3689.89         52.47     2.03    981       9986.40
428      0.00025       400      7                0.0045        0.4                      0.1            0.8               0                   0                  0.5                   3553.75  3580.93         27.18     3.37    781       10030.80
269      0.0003        400      10               0.0045        0.4                      0.1            0                 0                   0                  0.5                   3557.84  3581.18         23.34     2.40    666       10040.50
8        0.00025       400      7                0.003         0.1                      0.1            0                 0                   0                  0.35                  3361.00  3390.62         29.62     3.98    828       10043.09
334      0.00025       400      10               0.003         0.1                      0.1            0.5               0                   0                  0.5                   3457.35  3486.40         29.05     2.46    798       10051.71
129      0.0003        400      7                0.0015        0.2                      0.1            0.5               0                   0                  0.35                  3911.27  3962.57         51.31     1.96    972       10063.51
141      0.0003        400      7                0.0045        0.2                      0.1            0.5               0                   0                  0.35                  3406.81  3431.15         24.34     3.66    699       10086.57
23       0.0003        400      10               0.0015        0.2                      0.1            0                 0                   0                  0.35                  3986.87  4039.06         52.19     1.92    985       10090.38
327      0.0003        400      7                0.0015        0.1                      0.1            0.5               0                   0                  0.5                   3830.13  3876.00         45.87     1.97    899       10100.57
285      0.0003        400      7                0.0045        0.1                      0.1            0.2               0                   0                  0.5                   3322.99  3346.64         23.65     2.14    679       10103.38
62       0.00025       400      7                0.003         0.1                      0.1            0.2               0                   0                  0.35                  3339.12  3368.93         29.81     3.42    830       10117.30
203      0.0003        400      10               0.0015        0.4                      0.1            0.8               0                   0                  0.35                  4092.40  4152.83         60.43     1.56    1044      10119.59
104      0.00025       400      7                0.0045        0.4                      0.1            0.2               0                   0                  0.35                  3563.28  3591.75         28.47     3.07    819       10123.77
288      0.00025       400      4                0.0015        0.2                      0.1            0.2               0                   0                  0.5                   3533.92  3588.38         54.46     2.13    1072      10124.35
332      0.00025       400      7                0.003         0.1                      0.1            0.5               0                   0                  0.5                   3228.81  3257.11         28.30     2.39    780       10136.70
280      0.00025       400      10               0.003         0.1                      0.1            0.2               0                   0                  0.5                   3475.73  3504.29         28.56     2.41    795       10139.90
248      0.00025       400      7                0.0045        0.2                      0.1            0                 0                   0                  0.5                   3270.98  3298.09         27.11     2.71    788       10140.12
396      0.00025       400      4                0.0015        0.2                      0.1            0.8               0                   0                  0.5                   3630.91  3686.06         55.15     2.00    1072      10140.31
34       0.00025       400      10               0.0045        0.2                      0.1            0                 0                   0                  0.35                  3581.45  3610.18         28.73     3.29    818       10151.00
257      0.0003        400      10               0.0015        0.4                      0.1            0                 0                   0                  0.5                   3888.94  3949.17         60.24     1.44    1018      10164.04
161      0.0003        400      10               0.0045        0.4                      0.1            0.5               0                   0                  0.35                  3534.06  3558.55         24.49     3.45    706       10172.41
111      0.0003        400      7                0.0015        0.1                      0.1            0.5               0                   0                  0.35                  4039.03  4086.13         47.10     2.11    927       10178.20
323      0.0003        400      10               0.0045        0.4                      0.1            0.2               0                   0                  0.5                   3484.59  3508.04         23.44     2.33    672       10181.95
33       0.0003        400      7                0.0045        0.2                      0.1            0                 0                   0                  0.35                  3335.70  3360.14         24.45     3.62    695       10189.66
123      0.0003        400      7                0.0045        0.1                      0.1            0.5               0                   0                  0.35                  3519.95  3544.61         24.66     3.01    707       10193.93
430      0.00025       400      10               0.0045        0.4                      0.1            0.8               0                   0                  0.5                   3550.60  3578.05         27.44     2.69    787       10196.19
390      0.00025       400      4                0.0045        0.1                      0.1            0.8               0                   0                  0.5                   3140.79  3167.79         27.00     3.08    786       10200.33
219      0.0003        400      7                0.0015        0.1                      0.1            0                 0                   0                  0.5                   3747.77  3793.53         45.75     1.86    899       10214.35
176      0.00025       400      7                0.0045        0.1                      0.1            0.8               0                   0                  0.35                  3467.36  3495.89         28.53     3.23    822       10237.06
252      0.00025       400      4                0.0015        0.4                      0.1            0                 0                   0                  0.5                   3781.85  3844.64         62.78     1.69    1129      10239.84
374      0.00025       400      7                0.0045        0.4                      0.1            0.5               0                   0                  0.5                   3427.71  3455.49         27.77     2.39    791       10248.52
165      0.0003        400      7                0.0015        0.1                      0.1            0.8               0                   0                  0.35                  4080.62  4127.90         47.27     2.05    938       10253.21
159      0.0003        400      7                0.0045        0.4                      0.1            0.5               0                   0                  0.35                  3523.81  3548.41         24.60     4.90    700       10270.07
306      0.00025       400      4                0.0015        0.4                      0.1            0.2               0                   0                  0.5                   3714.44  3777.47         63.03     1.53    1137      10288.40
321      0.0003        400      7                0.0045        0.4                      0.1            0.2               0                   0                  0.5                   3509.81  3533.15         23.34     2.41    671       10297.13
359      0.0003        400      10               0.0045        0.2                      0.1            0.5               0                   0                  0.5                   3526.24  3549.95         23.71     2.65    678       10302.62
197      0.0003        400      10               0.0045        0.2                      0.1            0.8               0                   0                  0.35                  3642.69  3667.34         24.65     3.39    698       10304.35
339      0.0003        400      7                0.0045        0.1                      0.1            0.5               0                   0                  0.5                   3428.14  3451.61         23.47     2.51    669       10316.31
302      0.00025       400      7                0.0045        0.2                      0.1            0.2               0                   0                  0.5                   3476.56  3504.08         27.52     2.40    797       10317.25
356      0.00025       400      7                0.0045        0.2                      0.1            0.5               0                   0                  0.5                   3504.60  3532.18         27.58     2.62    792       10318.46
211      0.0003        400      4                0.0045        0.4                      0.1            0.8               0                   0                  0.35                  3321.54  3346.08         24.54     4.12    699       10330.17
213      0.0003        400      7                0.0045        0.4                      0.1            0.8               0                   0                  0.35                  3524.54  3549.10         24.56     3.45    702       10331.08
395      0.0003        400      10               0.0045        0.1                      0.1            0.8               0                   0                  0.5                   3327.01  3350.22         23.21     2.26    667       10350.04
244      0.00025       400      10               0.003         0.2                      0.1            0                 0                   0                  0.5                   3430.49  3459.49         29.00     2.32    797       10351.15
14       0.00025       400      7                0.0045        0.1                      0.1            0                 0                   0                  0.35                  3491.09  3519.62         28.53     4.58    819       10356.05
163      0.0003        400      4                0.0015        0.1                      0.1            0.8               0                   0                  0.35                  3688.56  3736.59         48.03     2.08    938       10362.66
270      0.00025       400      4                0.0015        0.1                      0.1            0.2               0                   0                  0.5                   3633.31  3682.48         49.17     2.18    1014      10387.47
118      0.00025       400      10               0.003         0.1                      0.1            0.5               0                   0                  0.35                  3508.38  3538.38         30.01     3.53    827       10424.28
10       0.00025       400      10               0.003         0.1                      0.1            0                 0                   0                  0.35                  3352.21  3382.01         29.80     2.71    827       10425.69
95       0.0003        400      10               0.0015        0.4                      0.1            0.2               0                   0                  0.35                  3799.20  3859.77         60.57     1.51    1049      10430.18
125      0.0003        400      10               0.0045        0.1                      0.1            0.5               0                   0                  0.35                  3651.72  3676.58         24.85     3.19    703       10438.47
232      0.00025       400      10               0.0045        0.1                      0.1            0                 0                   0                  0.5                   3699.69  3727.54         27.85     3.01    797       10441.50
338      0.00025       400      7                0.0045        0.1                      0.1            0.5               0                   0                  0.5                   3380.62  3408.10         27.48     3.03    791       10465.01
414      0.00025       400      4                0.0015        0.4                      0.1            0.8               0                   0                  0.5                   3724.75  3786.92         62.17     1.66    1128      10491.96
51       0.0003        400      7                0.0045        0.4                      0.1            0                 0                   0                  0.35                  3435.75  3460.39         24.65     3.34    707       10504.44
376      0.00025       400      10               0.0045        0.4                      0.1            0.5               0                   0                  0.5                   3636.36  3663.99         27.63     2.52    791       10509.90
216      0.00025       400      4                0.0015        0.1                      0.1            0                 0                   0                  0.5                   3625.19  3674.33         49.14     2.30    1011      10512.63
342      0.00025       400      4                0.0015        0.2                      0.1            0.5               0                   0                  0.5                   3772.34  3827.14         54.80     2.07    1070      10515.11
70       0.00025       400      10               0.0045        0.1                      0.1            0.2               0                   0                  0.35                  3622.64  3651.09         28.45     4.04    817       10532.72
293      0.0003        400      10               0.0015        0.2                      0.1            0.2               0                   0                  0.5                   3992.35  4043.05         50.70     1.83    943       10548.18
284      0.00025       400      7                0.0045        0.1                      0.1            0.2               0                   0                  0.5                   3425.91  3453.57         27.66     2.77    791       10572.48
122      0.00025       400      7                0.0045        0.1                      0.1            0.5               0                   0                  0.35                  3547.05  3575.92         28.86     3.77    829       10591.28
410      0.00025       400      7                0.0045        0.2                      0.1            0.8               0                   0                  0.5                   3501.67  3529.09         27.41     2.81    791       10603.87
15       0.0003        400      7                0.0045        0.1                      0.1            0                 0                   0                  0.35                  3487.83  3512.14         24.31     3.77    694       10624.78
77       0.0003        400      10               0.0015        0.2                      0.1            0.2               0                   0                  0.35                  4170.90  4223.14         52.24     1.93    980       10639.33
360      0.00025       400      4                0.0015        0.4                      0.1            0.5               0                   0                  0.5                   3657.70  3720.56         62.86     1.75    1128      10654.82
90       0.00025       400      4                0.0015        0.4                      0.1            0.2               0                   0                  0.35                  3770.54  3834.54         64.00     1.65    1166      10659.37
106      0.00025       400      10               0.0045        0.4                      0.1            0.2               0                   0                  0.35                  3647.77  3676.36         28.59     3.37    822       10660.80
378      0.00025       400      4                0.0015        0.1                      0.1            0.8               0                   0                  0.5                   3715.60  3764.84         49.23     2.38    1019      10663.61
394      0.00025       400      10               0.0045        0.1                      0.1            0.8               0                   0                  0.5                   3563.72  3591.33         27.61     2.57    791       10664.44
320      0.00025       400      7                0.0045        0.4                      0.1            0.2               0                   0                  0.5                   3469.57  3496.90         27.32     2.58    787       10669.62
215      0.0003        400      10               0.0045        0.4                      0.1            0.8               0                   0                  0.35                  3524.04  3548.65         24.61     3.95    703       10680.09
185      0.0003        400      10               0.0015        0.2                      0.1            0.8               0                   0                  0.35                  3931.75  3984.14         52.39     1.87    984       10691.80
54       0.00025       400      4                0.0015        0.1                      0.1            0.2               0                   0                  0.35                  3561.29  3612.37         51.08     2.70    1058      10695.47
64       0.00025       400      10               0.003         0.1                      0.1            0.2               0                   0                  0.35                  3597.44  3627.47         30.04     2.96    830       10702.88
143      0.0003        400      10               0.0045        0.2                      0.1            0.5               0                   0                  0.35                  3441.36  3465.75         24.40     3.45    695       10768.71
72       0.00025       400      4                0.0015        0.2                      0.1            0.2               0                   0                  0.35                  3549.62  3605.15         55.53     2.10    1102      10778.25
18       0.00025       400      4                0.0015        0.2                      0.1            0                 0                   0                  0.35                  3750.06  3805.90         55.84     2.29    1105      10780.23
136      0.00025       400      10               0.003         0.2                      0.1            0.5               0                   0                  0.35                  3568.07  3598.31         30.24     3.66    819       10802.42
69       0.0003        400      7                0.0045        0.1                      0.1            0.2               0                   0                  0.35                  3575.46  3600.14         24.68     3.64    700       10804.84
87       0.0003        400      7                0.0045        0.2                      0.1            0.2               0                   0                  0.35                  3384.52  3408.68         24.16     3.99    694       10821.73
89       0.0003        400      10               0.0045        0.2                      0.1            0.2               0                   0                  0.35                  3393.45  3418.04         24.58     3.27    701       10822.15
214      0.00025       400      10               0.0045        0.4                      0.1            0.8               0                   0                  0.35                  3688.17  3716.76         28.59     4.25    817       10848.49
144      0.00025       400      4                0.0015        0.4                      0.1            0.5               0                   0                  0.35                  3764.94  3828.49         63.56     1.73    1159      10849.84
179      0.0003        400      10               0.0045        0.1                      0.1            0.8               0                   0                  0.35                  3559.89  3584.61         24.72     3.67    704       10856.43
304      0.00025       400      10               0.0045        0.2                      0.1            0.2               0                   0                  0.5                   3555.88  3583.32         27.43     2.60    789       10909.34
212      0.00025       400      7                0.0045        0.4                      0.1            0.8               0                   0                  0.35                  3705.11  3733.81         28.70     4.42    826       10918.35
234      0.00025       400      4                0.0015        0.2                      0.1            0                 0                   0                  0.5                   3663.64  3717.30         53.66     2.35    1060      10935.18
346      0.00025       400      10               0.0015        0.2                      0.1            0.5               0                   0                  0.5                   4293.71  4348.88         55.17     1.85    1066      10958.94
35       0.0003        400      10               0.0045        0.2                      0.1            0                 0                   0                  0.35                  3507.05  3531.77         24.72     3.20    699       10987.98
196      0.00025       400      10               0.0045        0.2                      0.1            0.8               0                   0                  0.35                  3530.11  3558.53         28.42     3.29    815       11010.55
16       0.00025       400      10               0.0045        0.1                      0.1            0                 0                   0                  0.35                  3690.23  3719.04         28.82     3.49    823       11036.76
5        0.0003        400      10               0.0015        0.1                      0.1            0                 0                   0                  0.35                  4027.86  4075.80         47.94     2.16    937       11094.24
108      0.00025       400      4                0.0015        0.1                      0.1            0.5               0                   0                  0.35                  3717.88  3768.48         50.60     2.75    1050      11099.26
53       0.0003        400      10               0.0045        0.4                      0.1            0                 0                   0                  0.35                  3495.12  3519.62         24.50     2.89    700       11108.76
126      0.00025       400      4                0.0015        0.2                      0.1            0.5               0                   0                  0.35                  3602.19  3657.81         55.62     2.13    1108      11129.71
88       0.00025       400      10               0.0045        0.2                      0.1            0.2               0                   0                  0.35                  3777.33  3805.98         28.65     3.77    817       11135.25
322      0.00025       400      10               0.0045        0.4                      0.1            0.2               0                   0                  0.5                   3640.11  3667.71         27.60     2.90    791       11139.05
58       0.00025       400      10               0.0015        0.1                      0.1            0.2               0                   0                  0.35                  4137.81  4189.32         51.51     2.29    1056      11157.70
162      0.00025       400      4                0.0015        0.1                      0.1            0.8               0                   0                  0.35                  3827.03  3878.05         51.02     2.55    1048      11171.01
287      0.0003        400      10               0.0045        0.1                      0.1            0.2               0                   0                  0.5                   3429.75  3453.34         23.60     2.63    676       11176.88
105      0.0003        400      7                0.0045        0.4                      0.1            0.2               0                   0                  0.35                  3587.18  3611.30         24.12     3.08    695       11198.30
36       0.00025       400      4                0.0015        0.4                      0.1            0                 0                   0                  0.35                  3815.84  3879.35         63.51     1.66    1163      11210.94
266      0.00025       400      7                0.0045        0.4                      0.1            0                 0                   0                  0.5                   3506.32  3533.68         27.36     2.72    789       11230.90
180      0.00025       400      4                0.0015        0.2                      0.1            0.8               0                   0                  0.35                  3732.36  3787.67         55.32     2.23    1104      11234.48
17       0.0003        400      10               0.0045        0.1                      0.1            0                 0                   0                  0.35                  3400.04  3424.66         24.61     2.99    696       11237.26
290      0.00025       400      7                0.0015        0.2                      0.1            0.2               0                   0                  0.5                   4031.37  4085.57         54.19     1.78    1075      11281.35
286      0.00025       400      10               0.0045        0.1                      0.1            0.2               0                   0                  0.5                   3458.69  3486.15         27.46     2.92    786       11294.33
250      0.00025       400      10               0.0045        0.2                      0.1            0                 0                   0                  0.5                   3507.12  3534.91         27.79     2.90    796       11316.95
0        0.00025       400      4                0.0015        0.1                      0.1            0                 0                   0                  0.35                  3738.76  3789.38         50.62     2.33    1048      11339.08
158      0.00025       400      7                0.0045        0.4                      0.1            0.5               0                   0                  0.35                  3644.52  3673.06         28.54     2.92    820       11400.42
116      0.00025       400      7                0.003         0.1                      0.1            0.5               0                   0                  0.35                  3667.70  3698.08         30.38     2.99    831       11403.35
400      0.00025       400      10               0.0015        0.2                      0.1            0.8               0                   0                  0.5                   4012.77  4067.80         55.03     1.87    1075      11436.17
142      0.00025       400      10               0.0045        0.2                      0.1            0.5               0                   0                  0.35                  3584.15  3612.73         28.58     3.37    819       11447.90
326      0.00025       400      7                0.0015        0.1                      0.1            0.5               0                   0                  0.5                   4156.98  4206.32         49.34     2.22    1020      11451.76
340      0.00025       400      10               0.0045        0.1                      0.1            0.5               0                   0                  0.5                   3588.89  3616.23         27.34     2.42    794       11460.75
128      0.00025       400      7                0.0015        0.2                      0.1            0.5               0                   0                  0.35                  3978.19  4034.60         56.41     1.99    1110      11464.41
236      0.00025       400      7                0.0015        0.2                      0.1            0                 0                   0                  0.5                   4086.19  4141.52         55.33     1.85    1070      11513.02
230      0.00025       400      7                0.0045        0.1                      0.1            0                 0                   0                  0.5                   3551.71  3579.07         27.36     2.65    787       11541.63
412      0.00025       400      10               0.0045        0.2                      0.1            0.8               0                   0                  0.5                   3757.48  3785.25         27.76     2.44    791       11658.74
112      0.00025       400      10               0.0015        0.1                      0.1            0.5               0                   0                  0.35                  4184.06  4235.84         51.78     2.10    1067      11679.85
328      0.00025       400      10               0.0015        0.1                      0.1            0.5               0                   0                  0.5                   4083.63  4132.38         48.75     2.09    1021      11699.77
38       0.00025       400      7                0.0015        0.4                      0.1            0                 0                   0                  0.35                  4055.54  4119.27         63.72     1.54    1163      11719.70
416      0.00025       400      7                0.0015        0.4                      0.1            0.8               0                   0                  0.5                   4139.33  4202.75         63.42     1.70    1137      11723.36
4        0.00025       400      10               0.0015        0.1                      0.1            0                 0                   0                  0.35                  4291.22  4342.70         51.49     2.31    1067      11732.10
74       0.00025       400      7                0.0015        0.2                      0.1            0.2               0                   0                  0.35                  4072.59  4129.17         56.59     2.10    1108      11765.83
178      0.00025       400      10               0.0045        0.1                      0.1            0.8               0                   0                  0.35                  3681.46  3709.97         28.51     3.42    820       11784.23
40       0.00025       400      10               0.0015        0.4                      0.1            0                 0                   0                  0.35                  4099.67  4164.28         64.61     1.71    1168      11785.39
238      0.00025       400      10               0.0015        0.2                      0.1            0                 0                   0                  0.5                   4224.51  4280.05         55.54     1.79    1074      11785.75
148      0.00025       400      10               0.0015        0.4                      0.1            0.5               0                   0                  0.35                  4223.69  4287.42         63.73     1.58    1162      11815.24
220      0.00025       400      10               0.0015        0.1                      0.1            0                 0                   0                  0.5                   3979.53  4029.48         49.95     2.05    1021      11823.72
56       0.00025       400      7                0.0015        0.1                      0.1            0.2               0                   0                  0.35                  4163.11  4214.10         50.99     2.44    1056      11872.36
358      0.00025       400      10               0.0045        0.2                      0.1            0.5               0                   0                  0.5                   3782.19  3809.61         27.41     2.87    787       11919.07
308      0.00025       400      7                0.0015        0.4                      0.1            0.2               0                   0                  0.5                   4147.27  4210.14         62.87     1.65    1129      11944.56
344      0.00025       400      7                0.0015        0.2                      0.1            0.5               0                   0                  0.5                   4207.88  4262.65         54.77     2.07    1065      11949.22
124      0.00025       400      10               0.0045        0.1                      0.1            0.5               0                   0                  0.35                  3796.78  3825.06         28.28     2.76    820       11971.54
110      0.00025       400      7                0.0015        0.1                      0.1            0.5               0                   0                  0.35                  4236.42  4287.57         51.16     2.61    1059      11979.58
364      0.00025       400      10               0.0015        0.4                      0.1            0.5               0                   0                  0.5                   4202.30  4265.54         63.24     1.68    1132      11981.71
218      0.00025       400      7                0.0015        0.1                      0.1            0                 0                   0                  0.5                   3996.24  4045.75         49.51     2.13    1015      11984.57
380      0.00025       400      7                0.0015        0.1                      0.1            0.8               0                   0                  0.5                   4117.17  4167.79         50.62     2.05    1030      11986.45
398      0.00025       400      7                0.0015        0.2                      0.1            0.8               0                   0                  0.5                   4147.68  4203.14         55.46     1.90    1076      11993.78
254      0.00025       400      7                0.0015        0.4                      0.1            0                 0                   0                  0.5                   4063.48  4126.89         63.41     1.55    1137      12031.28
256      0.00025       400      10               0.0015        0.4                      0.1            0                 0                   0                  0.5                   4207.24  4271.48         64.23     1.70    1137      12086.53
272      0.00025       400      7                0.0015        0.1                      0.1            0.2               0                   0                  0.5                   4111.95  4161.54         49.59     2.29    1018      12094.33
382      0.00025       400      10               0.0015        0.1                      0.1            0.8               0                   0                  0.5                   4163.95  4213.66         49.71     2.12    1019      12144.93
202      0.00025       400      10               0.0015        0.4                      0.1            0.8               0                   0                  0.35                  4198.13  4262.09         63.96     1.74    1169      12210.95
310      0.00025       400      10               0.0015        0.4                      0.1            0.2               0                   0                  0.5                   4457.42  4520.68         63.26     1.69    1135      12254.41
362      0.00025       400      7                0.0015        0.4                      0.1            0.5               0                   0                  0.5                   4207.73  4271.94         64.21     1.65    1136      12379.49
94       0.00025       400      10               0.0015        0.4                      0.1            0.2               0                   0                  0.35                  4128.34  4192.88         64.55     1.62    1177      12428.93
182      0.00025       400      7                0.0015        0.2                      0.1            0.8               0                   0                  0.35                  4063.16  4119.57         56.41     2.09    1104      12457.94
2        0.00025       400      7                0.0015        0.1                      0.1            0                 0                   0                  0.35                  4271.39  4323.55         52.16     2.24    1065      12518.95
418      0.00025       400      10               0.0015        0.4                      0.1            0.8               0                   0                  0.5                   4317.21  4380.65         63.44     1.58    1127      12523.67
274      0.00025       400      10               0.0015        0.1                      0.1            0.2               0                   0                  0.5                   4089.58  4139.16         49.58     2.05    1016      12534.25
146      0.00025       400      7                0.0015        0.4                      0.1            0.5               0                   0                  0.35                  4318.63  4382.50         63.88     1.81    1159      12557.28
292      0.00025       400      10               0.0015        0.2                      0.1            0.2               0                   0                  0.5                   4318.47  4373.41         54.94     2.04    1063      12570.54
184      0.00025       400      10               0.0015        0.2                      0.1            0.8               0                   0                  0.35                  4136.55  4192.91         56.36     2.06    1103      12608.87
20       0.00025       400      7                0.0015        0.2                      0.1            0                 0                   0                  0.35                  4224.17  4280.21         56.04     2.27    1104      12732.57
76       0.00025       400      10               0.0015        0.2                      0.1            0.2               0                   0                  0.35                  4097.28  4153.97         56.68     1.88    1108      13179.38
200      0.00025       400      7                0.0015        0.4                      0.1            0.8               0                   0                  0.35                  4252.54  4316.80         64.26     1.64    1165      13242.79
166      0.00025       400      10               0.0015        0.1                      0.1            0.8               0                   0                  0.35                  4409.42  4460.76         51.35     2.36    1054      13254.00
130      0.00025       400      10               0.0015        0.2                      0.1            0.5               0                   0                  0.35                  4286.11  4342.85         56.74     2.12    1106      13308.10
164      0.00025       400      7                0.0015        0.1                      0.1            0.8               0                   0                  0.35                  4209.57  4260.89         51.32     2.20    1056      13338.35
22       0.00025       400      10               0.0015        0.2                      0.1            0                 0                   0                  0.35                  4273.19  4330.09         56.90     2.05    1115      13613.51
92       0.00025       400      7                0.0015        0.4                      0.1            0.2               0                   0                  0.35                  4252.58  4317.03         64.45     1.65    1170      13673.72
