variant  place_thresh  pred_momentum_coef  curv_impulse_coef  premium_ema_coef  premium_tdc_s  per_order_widen_frac  avg_pnl  avg_closed_pnl  avg_comm  sharpe  num_trds  sim_score
179      0.00015       0.7                 3                  0.8               120            0.1                   1299.23  1320.40         21.18     0.65    256       1127.38
182      0.00015       0                   5                  0.8               120            0.1                   1186.40  1210.92         24.52     0.57    296       1149.23
170      0.00015       0                   3                  0.8               120            0.1                   1280.99  1307.74         26.75     0.63    330       1172.65
116      0.00015       0.5                 1                  0.5               120            0.1                   1217.49  1234.39         16.90     0.57    210       1184.82
131      0.00015       0.7                 3                  0.5               120            0.1                   1510.04  1532.50         22.46     0.59    278       1276.88
41       0.00015       0.2                 5                  0                 120            0.1                   1483.52  1506.23         22.71     0.50    285       1279.90
140      0.00015       0.5                 5                  0.5               120            0.1                   1369.82  1390.69         20.87     0.53    257       1284.88
191      0.00015       0.7                 5                  0.8               120            0.1                   1172.37  1191.44         19.06     0.56    232       1328.72
95       0.00015       0.7                 5                  0.2               120            0.1                   1415.32  1435.56         20.25     0.54    256       1353.99
173      0.00015       0.2                 3                  0.8               120            0.1                   1463.94  1487.90         23.96     0.62    294       1362.11
77       0.00015       0.2                 3                  0.2               120            0.1                   1663.36  1688.61         25.24     0.56    312       1374.50
122      0.00015       0                   3                  0.5               120            0.1                   1587.89  1614.72         26.82     0.61    330       1387.35
281      0.00015       0.2                 5                  0.2               120            0.5                   1231.12  1251.86         20.74     0.73    257       1403.91
143      0.00015       0.7                 5                  0.5               120            0.1                   1368.06  1388.50         20.44     0.54    253       1418.50
134      0.00015       0                   5                  0.5               120            0.1                   1393.82  1418.27         24.45     0.61    302       1420.71
47       0.00015       0.7                 5                  0                 120            0.1                   1532.26  1553.71         21.45     0.56    268       1428.15
86       0.00015       0                   5                  0.2               120            0.1                   1549.72  1574.11         24.38     0.57    299       1430.20
38       0.00015       0                   5                  0                 120            0.1                   1567.30  1592.12         24.83     0.55    306       1430.82
158      0.00015       0                   1                  0.8               120            0.1                   1466.69  1499.62         32.93     0.70    401       1430.89
125      0.00015       0.2                 3                  0.5               120            0.1                   1710.90  1735.75         24.86     0.64    304       1431.72
29       0.00015       0.2                 3                  0                 120            0.1                   1827.51  1853.12         25.61     0.55    313       1442.31
89       0.00015       0.2                 5                  0.2               120            0.1                   1583.38  1605.74         22.35     0.56    276       1448.64
35       0.00015       0.7                 3                  0                 120            0.1                   1783.45  1807.48         24.03     0.57    297       1449.67
128      0.00015       0.5                 3                  0.5               120            0.1                   1469.59  1492.61         23.02     0.66    285       1471.51
230      0.00015       0                   5                  0                 120            0.5                   1308.88  1331.33         22.44     0.77    277       1497.23
44       0.00015       0.5                 5                  0                 120            0.1                   1463.42  1485.11         21.70     0.55    270       1514.99
188      0.00015       0.5                 5                  0.8               120            0.1                   1249.64  1269.21         19.58     0.64    238       1519.63
83       0.00015       0.7                 3                  0.2               120            0.1                   1699.87  1723.35         23.48     0.57    291       1521.40
26       0.00015       0                   3                  0                 120            0.1                   1706.84  1734.90         28.06     0.55    343       1558.56
74       0.00015       0                   3                  0.2               120            0.1                   1722.20  1749.53         27.33     0.56    336       1578.89
239      0.00015       0.7                 5                  0                 120            0.5                   1176.22  1195.71         19.49     0.71    247       1596.40
32       0.00015       0.5                 3                  0                 120            0.1                   1585.80  1610.30         24.50     0.55    302       1612.08
233      0.00015       0.2                 5                  0                 120            0.5                   1317.60  1339.03         21.44     0.84    264       1616.22
185      0.00015       0.2                 5                  0.8               120            0.1                   1352.74  1374.63         21.89     0.61    266       1617.32
187      0.0001        0.5                 5                  0.8               120            0.1                   1904.24  1933.82         29.57     0.61    368       1620.05
176      0.00015       0.5                 3                  0.8               120            0.1                   1506.25  1528.15         21.91     0.66    267       1630.71
80       0.00015       0.5                 3                  0.2               120            0.1                   1690.88  1714.80         23.92     0.58    296       1648.43
566      0.00015       0                   5                  0.8               120            1                     999.08   1020.65         21.57     0.97    265       1657.70
337      0.0001        0                   0                  0.8               120            0.5                   2160.42  2212.15         51.73     0.69    645       1661.52
422      0.00015       0                   5                  0                 120            1                     931.95   949.19          17.24     0.96    214       1676.61
278      0.00015       0                   5                  0.2               120            0.5                   1262.74  1285.28         22.54     0.79    278       1719.63
137      0.00015       0.2                 5                  0.5               120            0.1                   1583.73  1606.53         22.80     0.61    277       1744.37
85       0.0001        0                   5                  0.2               120            0.1                   1960.95  1997.14         36.19     0.58    457       1750.11
146      0.00015       0                   0                  0.8               120            0.1                   1647.71  1687.80         40.09     0.48    482       1764.43
263      0.00015       0.7                 1                  0.2               120            0.5                   1468.40  1494.50         26.10     0.72    326       1766.69
275      0.00015       0.7                 3                  0.2               120            0.5                   1356.97  1378.10         21.13     0.80    267       1770.29
374      0.00015       0                   5                  0.8               120            0.5                   1129.23  1152.12         22.89     0.92    280       1781.31
164      0.00015       0.5                 1                  0.8               120            0.1                   1761.58  1788.14         26.56     0.75    324       1797.22
479      0.00015       0.7                 5                  0.2               120            1                     1082.80  1101.19         18.39     0.94    231       1807.91
236      0.00015       0.5                 5                  0                 120            0.5                   1226.28  1246.00         19.72     0.79    249       1818.61
161      0.00015       0.2                 1                  0.8               120            0.1                   1881.65  1910.63         28.98     0.70    349       1851.17
167      0.00015       0.7                 1                  0.8               120            0.1                   1660.51  1686.13         25.62     0.69    312       1853.04
133      0.0001        0                   5                  0.5               120            0.1                   1914.92  1950.18         35.26     0.60    448       1854.17
227      0.00015       0.7                 3                  0                 120            0.5                   1333.81  1355.57         21.76     0.71    270       1879.59
287      0.00015       0.7                 5                  0.2               120            0.5                   1237.89  1256.95         19.07     0.83    240       1894.89
203      0.00015       0.7                 0                  0                 120            0.5                   1713.86  1746.97         33.12     0.65    400       1902.82
200      0.00015       0.5                 0                  0                 120            0.5                   1699.32  1733.28         33.96     0.67    405       1905.70
88       0.0001        0.2                 5                  0.2               120            0.1                   2078.51  2110.96         32.45     0.58    408       1915.10
269      0.00015       0.2                 3                  0.2               120            0.5                   1416.01  1439.15         23.14     0.79    285       1920.56
431      0.00015       0.7                 5                  0                 120            1                     1146.82  1165.74         18.93     0.94    236       1939.94
136      0.0001        0.2                 5                  0.5               120            0.1                   2227.53  2259.81         32.27     0.67    406       1946.27
92       0.00015       0.5                 5                  0.2               120            0.1                   1631.85  1653.19         21.34     0.64    263       1958.25
284      0.00015       0.5                 5                  0.2               120            0.5                   1287.01  1306.49         19.48     0.84    244       1962.38
190      0.0001        0.7                 5                  0.8               120            0.1                   2056.00  2084.33         28.33     0.73    358       1975.88
326      0.00015       0                   5                  0.5               120            0.5                   1255.76  1278.55         22.79     0.83    282       1978.08
46       0.0001        0.7                 5                  0                 120            0.1                   1982.31  2012.46         30.15     0.60    382       1978.59
23       0.00015       0.7                 1                  0                 120            0.1                   1752.36  1781.72         29.36     0.56    363       1982.46
377      0.00015       0.2                 5                  0.8               120            0.5                   1152.38  1172.56         20.18     0.81    242       1990.33
175      0.0001        0.5                 3                  0.8               120            0.1                   2276.06  2308.61         32.54     0.66    405       1991.28
71       0.00015       0.7                 1                  0.2               120            0.1                   1802.92  1831.37         28.45     0.56    352       1992.64
25       0.0001        0                   3                  0                 120            0.1                   2195.86  2236.10         40.23     0.56    501       2000.25
218      0.00015       0                   3                  0                 120            0.5                   1367.13  1392.67         25.54     0.73    316       2025.14
181      0.0001        0                   5                  0.8               120            0.1                   2019.60  2056.49         36.89     0.77    466       2029.06
142      0.0001        0.7                 5                  0.5               120            0.1                   1992.00  2020.18         28.18     0.65    359       2030.04
383      0.00015       0.7                 5                  0.8               120            0.5                   1160.29  1178.10         17.81     0.92    218       2032.49
184      0.0001        0.2                 5                  0.8               120            0.1                   2117.84  2150.59         32.75     0.74    412       2038.87
94       0.0001        0.7                 5                  0.2               120            0.1                   2037.85  2067.33         29.48     0.62    376       2046.68
121      0.0001        0                   3                  0.5               120            0.1                   2016.43  2055.90         39.47     0.61    501       2049.94
17       0.00015       0.2                 1                  0                 120            0.1                   1750.48  1782.48         32.00     0.54    384       2062.39
527      0.00015       0.7                 5                  0.5               120            1                     1099.45  1117.50         18.05     1.05    222       2067.01
272      0.00015       0.5                 3                  0.2               120            0.5                   1365.19  1387.15         21.97     0.81    272       2069.31
224      0.00015       0.5                 3                  0                 120            0.5                   1362.76  1385.29         22.54     0.74    280       2076.79
380      0.00015       0.5                 5                  0.8               120            0.5                   1051.92  1070.12         18.20     0.85    224       2081.50
139      0.0001        0.5                 5                  0.5               120            0.1                   2101.89  2131.53         29.65     0.64    375       2098.18
329      0.00015       0.2                 5                  0.5               120            0.5                   1204.29  1224.93         20.64     0.85    254       2108.10
169      0.0001        0                   3                  0.8               120            0.1                   2072.59  2113.24         40.65     0.65    511       2111.50
199      0.0001        0.5                 0                  0                 120            0.5                   2279.89  2325.09         45.20     0.67    565       2116.64
212      0.00015       0.5                 1                  0                 120            0.5                   1627.49  1655.17         27.68     0.77    337       2122.61
323      0.00015       0.7                 3                  0.5               120            0.5                   1304.09  1324.75         20.65     0.86    256       2124.77
149      0.00015       0.2                 0                  0.8               120            0.1                   1847.89  1883.02         35.12     0.54    421       2128.90
248      0.00015       0.5                 0                  0.2               120            0.5                   1819.71  1852.31         32.60     0.73    397       2133.83
221      0.00015       0.2                 3                  0                 120            0.5                   1324.31  1348.03         23.73     0.78    293       2150.68
215      0.00015       0.7                 1                  0                 120            0.5                   1634.96  1661.72         26.76     0.77    331       2154.45
314      0.00015       0                   3                  0.5               120            0.5                   1292.56  1317.46         24.89     0.85    311       2158.44
260      0.00015       0.5                 1                  0.2               120            0.5                   1651.05  1677.60         26.55     0.81    330       2162.27
332      0.00015       0.5                 5                  0.5               120            0.5                   1182.61  1201.96         19.35     0.86    242       2162.97
428      0.00015       0.5                 5                  0                 120            1                     1229.16  1248.34         19.18     0.87    236       2181.79
476      0.00015       0.5                 5                  0.2               120            1                     1108.72  1127.33         18.61     1.01    231       2192.96
172      0.0001        0.2                 3                  0.8               120            0.1                   2210.11  2245.80         35.69     0.72    450       2197.84
336      5e-05         0                   0                  0.8               120            0.5                   2250.18  2321.17         70.99     0.66    856       2202.58
14       0.00015       0                   1                  0                 120            0.1                   1961.66  1996.11         34.46     0.52    414       2203.84
91       0.0001        0.5                 5                  0.2               120            0.1                   2080.62  2111.18         30.56     0.58    382       2209.48
320      0.00015       0.5                 3                  0.5               120            0.5                   1285.94  1307.15         21.21     0.84    264       2218.00
416      0.00015       0.5                 3                  0                 120            1                     1400.44  1421.61         21.16     0.92    261       2218.49
180      5e-05         0                   5                  0.8               120            0.1                   2088.86  2143.16         54.30     0.68    667       2249.06
368      0.00015       0.5                 3                  0.8               120            0.5                   1306.55  1326.69         20.15     0.96    248       2253.28
245      0.00015       0.2                 0                  0.2               120            0.5                   1919.34  1953.52         34.17     0.70    412       2254.69
458      0.00015       0                   3                  0.2               120            1                     1291.12  1315.05         23.93     0.96    296       2260.93
183      5e-05         0.2                 5                  0.8               120            0.1                   2140.82  2188.32         47.51     0.61    585       2264.53
470      0.00015       0                   5                  0.2               120            1                     1248.63  1270.81         22.18     0.92    268       2265.61
37       0.0001        0                   5                  0                 120            0.1                   1971.86  2007.67         35.81     0.57    451       2267.87
0        5e-05         0                   0                  0                 120            0.1                   2345.14  2413.96         68.82     0.53    800       2279.38
10       0.0001        0.7                 0                  0                 120            0.1                   2381.52  2428.75         47.23     0.60    578       2308.32
371      0.00015       0.7                 3                  0.8               120            0.5                   1296.28  1315.89         19.61     0.82    242       2321.39
43       0.0001        0.5                 5                  0                 120            0.1                   2183.03  2213.72         30.69     0.62    386       2333.71
467      0.00015       0.7                 3                  0.2               120            1                     1263.86  1284.40         20.54     1.02    258       2335.29
178      0.0001        0.7                 3                  0.8               120            0.1                   2294.87  2326.37         31.50     0.72    392       2335.89
506      0.00015       0                   3                  0.5               120            1                     1304.54  1328.20         23.66     1.03    290       2346.52
197      0.00015       0.2                 0                  0                 120            0.5                   1823.45  1858.63         35.18     0.66    422       2347.97
13       0.0001        0                   1                  0                 120            0.1                   2306.53  2354.71         48.18     0.58    594       2354.11
569      0.00015       0.2                 5                  0.8               120            1                     1073.45  1092.74         19.29     0.93    233       2361.61
348      5e-05         0                   1                  0.8               120            0.5                   2070.91  2132.83         61.92     0.73    761       2362.41
410      0.00015       0                   3                  0                 120            1                     1389.29  1413.76         24.47     0.91    299       2362.90
51       5e-05         0.2                 0                  0.2               120            0.1                   2373.76  2437.55         63.78     0.55    750       2364.22
235      0.0001        0.5                 5                  0                 120            0.5                   1736.99  1765.69         28.71     0.80    364       2368.67
8        0.00015       0.5                 0                  0                 120            0.1                   2021.06  2058.35         37.29     0.59    436       2373.83
154      0.0001        0.7                 0                  0.8               120            0.1                   2442.30  2485.52         43.22     0.65    537       2379.30
257      0.00015       0.2                 1                  0.2               120            0.5                   1710.94  1738.75         27.81     0.78    344       2384.95
461      0.00015       0.2                 3                  0.2               120            1                     1299.25  1321.24         21.99     0.98    272       2394.56
413      0.00015       0.2                 3                  0                 120            1                     1323.14  1345.49         22.35     0.91    278       2397.24
229      0.0001        0                   5                  0                 120            0.5                   1673.19  1706.28         33.09     0.75    412       2401.55
518      0.00015       0                   5                  0.5               120            1                     1195.14  1217.12         21.98     1.10    270       2409.54
3        5e-05         0.2                 0                  0                 120            0.1                   2512.54  2575.59         63.05     0.55    742       2412.76
34       0.0001        0.7                 3                  0                 120            0.1                   2134.15  2167.93         33.78     0.59    428       2417.77
209      0.00015       0.2                 1                  0                 120            0.5                   1714.75  1743.24         28.48     0.78    349       2439.07
335      0.00015       0.7                 5                  0.5               120            0.5                   1222.49  1241.23         18.73     1.05    231       2446.58
425      0.00015       0.2                 5                  0                 120            1                     1293.91  1313.93         20.02     0.97    247       2449.30
194      0.00015       0                   0                  0                 120            0.5                   1871.25  1909.25         37.99     0.73    456       2457.15
382      0.0001        0.7                 5                  0.8               120            0.5                   1625.83  1652.07         26.23     0.86    329       2462.24
189      5e-05         0.7                 5                  0.8               120            0.1                   2341.96  2383.03         41.07     0.71    506       2468.26
79       0.0001        0.5                 3                  0.2               120            0.1                   2249.17  2282.54         33.38     0.61    424       2469.23
277      0.0001        0                   5                  0.2               120            0.5                   1723.14  1756.17         33.03     0.81    418       2472.44
311      0.00015       0.7                 1                  0.5               120            0.5                   1557.67  1582.31         24.64     0.92    304       2478.58
338      0.00015       0                   0                  0.8               120            0.5                   1589.37  1624.49         35.12     0.79    428       2480.05
254      0.00015       0                   1                  0.2               120            0.5                   1741.24  1771.63         30.40     0.86    375       2480.13
130      0.0001        0.7                 3                  0.5               120            0.1                   2234.28  2266.05         31.78     0.67    404       2480.67
365      0.00015       0.2                 3                  0.8               120            0.5                   1321.36  1343.29         21.93     0.87    269       2485.11
515      0.00015       0.7                 3                  0.5               120            1                     1245.13  1264.68         19.55     1.07    243       2487.88
40       0.0001        0.2                 5                  0                 120            0.1                   2251.26  2284.69         33.42     0.58    416       2488.01
127      0.0001        0.5                 3                  0.5               120            0.1                   2329.76  2362.78         33.02     0.64    415       2490.36
24       5e-05         0                   3                  0                 120            0.1                   2371.09  2426.70         55.61     0.57    677       2496.20
464      0.00015       0.5                 3                  0.2               120            1                     1326.22  1347.23         21.01     0.99    262       2497.19
67       0.0001        0.5                 1                  0.2               120            0.1                   2400.55  2440.85         40.30     0.61    504       2506.12
242      0.00015       0                   0                  0.2               120            0.5                   1916.74  1954.04         37.31     0.78    450       2509.86
419      0.00015       0.7                 3                  0                 120            1                     1343.01  1364.05         21.04     0.95    264       2514.91
101      0.00015       0.2                 0                  0.5               120            0.1                   2148.07  2185.27         37.19     0.61    443       2516.00
106      0.0001        0.7                 0                  0.5               120            0.1                   2451.13  2496.35         45.21     0.62    559       2516.51
73       0.0001        0                   3                  0.2               120            0.1                   2194.58  2234.26         39.69     0.58    499       2521.26
360      5e-05         0                   3                  0.8               120            0.5                   1867.19  1921.12         53.93     0.86    664       2526.83
473      0.00015       0.2                 5                  0.2               120            1                     1227.00  1246.65         19.66     1.02    243       2529.97
289      0.0001        0                   0                  0.5               120            0.5                   2339.12  2390.61         51.49     0.68    640       2541.98
151      0.0001        0.5                 0                  0.8               120            0.1                   2528.79  2573.55         44.76     0.64    556       2549.52
455      0.00015       0.7                 1                  0.2               120            1                     1493.76  1517.97         24.21     0.98    299       2551.04
64       0.0001        0.2                 1                  0.2               120            0.1                   2489.31  2533.38         44.07     0.59    545       2553.48
15       5e-05         0.2                 1                  0                 120            0.1                   2627.40  2684.77         57.37     0.58    688       2557.62
232      0.0001        0.2                 5                  0                 120            0.5                   1829.42  1860.23         30.81     0.78    387       2565.49
376      0.0001        0.2                 5                  0.8               120            0.5                   1625.14  1655.58         30.44     0.83    381       2578.68
341      0.00015       0.2                 0                  0.8               120            0.5                   1770.33  1801.87         31.54     0.81    377       2583.10
166      0.0001        0.7                 1                  0.8               120            0.1                   2426.32  2463.20         36.88     0.71    465       2590.05
214      0.0001        0.7                 1                  0                 120            0.5                   2151.73  2189.07         37.34     0.75    471       2594.01
124      0.0001        0.2                 3                  0.5               120            0.1                   2424.69  2460.56         35.86     0.64    449       2594.11
372      5e-05         0                   5                  0.8               120            0.5                   1822.88  1873.23         50.36     0.86    623       2598.43
45       5e-05         0.7                 5                  0                 120            0.1                   2303.71  2345.37         41.67     0.57    514       2600.21
102      5e-05         0.5                 0                  0.5               120            0.1                   2525.72  2584.35         58.63     0.63    704       2604.93
59       0.00015       0.7                 0                  0.2               120            0.1                   2159.56  2194.64         35.09     0.63    420       2610.41
174      5e-05         0.5                 3                  0.8               120            0.1                   2349.08  2395.36         46.28     0.66    568       2611.19
572      0.00015       0.5                 5                  0.8               120            1                     1096.19  1113.42         17.23     1.08    209       2612.07
521      0.00015       0.2                 5                  0.5               120            1                     1226.15  1245.95         19.80     1.11    242       2618.88
391      0.0001        0.5                 0                  0                 120            1                     2181.77  2223.84         42.07     0.80    527       2620.69
20       0.00015       0.5                 1                  0                 120            0.1                   1968.39  1998.49         30.10     0.60    368       2623.45
19       0.0001        0.5                 1                  0                 120            0.1                   2525.26  2566.59         41.33     0.65    514       2626.05
22       0.0001        0.7                 1                  0                 120            0.1                   2385.66  2426.35         40.69     0.66    509       2627.48
217      0.0001        0                   3                  0                 120            0.5                   1923.61  1960.72         37.11     0.83    464       2628.44
244      0.0001        0.2                 0                  0.2               120            0.5                   2419.11  2466.67         47.56     0.65    593       2628.87
266      0.00015       0                   3                  0.2               120            0.5                   1504.46  1529.83         25.38     0.93    311       2629.15
135      5e-05         0.2                 5                  0.5               120            0.1                   2252.55  2299.02         46.47     0.61    570       2629.75
241      0.0001        0                   0                  0.2               120            0.5                   2279.63  2331.58         51.95     0.66    643       2629.92
404      0.00015       0.5                 1                  0                 120            1                     1492.93  1518.39         25.46     0.98    315       2632.43
163      0.0001        0.5                 1                  0.8               120            0.1                   2500.39  2538.64         38.26     0.77    482       2634.09
171      5e-05         0.2                 3                  0.8               120            0.1                   2225.79  2277.34         51.55     0.60    636       2639.16
291      5e-05         0.2                 0                  0.5               120            0.5                   2562.34  2624.36         62.03     0.68    750       2641.48
390      5e-05         0.5                 0                  0                 120            1                     2465.22  2519.81         54.59     0.74    669       2643.57
220      0.0001        0.2                 3                  0                 120            0.5                   2013.64  2047.76         34.11     0.78    430       2645.00
421      0.0001        0                   5                  0                 120            1                     1529.30  1561.29         31.99     0.88    406       2653.73
186      5e-05         0.5                 5                  0.8               120            0.1                   2347.42  2389.87         42.45     0.74    523       2653.91
353      0.00015       0.2                 1                  0.8               120            0.5                   1587.89  1614.02         26.13     0.95    317       2655.37
512      0.00015       0.5                 3                  0.5               120            1                     1233.86  1253.96         20.10     1.08    252       2659.19
157      0.0001        0                   1                  0.8               120            0.1                   2061.26  2109.61         48.36     0.61    601       2660.79
132      5e-05         0                   5                  0.5               120            0.1                   2199.89  2251.91         52.01     0.60    639       2662.67
206      0.00015       0                   1                  0                 120            0.5                   1811.96  1843.12         31.16     0.78    377       2670.18
265      0.0001        0                   3                  0.2               120            0.5                   1933.09  1969.57         36.47     0.84    460       2672.38
202      0.0001        0.7                 0                  0                 120            0.5                   2246.83  2291.10         44.27     0.67    556       2674.91
575      0.00015       0.7                 5                  0.8               120            1                     1182.64  1199.35         16.71     1.03    205       2678.53
93       5e-05         0.7                 5                  0.2               120            0.1                   2282.88  2323.90         41.02     0.59    505       2693.13
7        0.0001        0.5                 0                  0                 120            0.1                   2465.44  2513.81         48.38     0.62    589       2696.19
42       5e-05         0.5                 5                  0                 120            0.1                   2385.13  2428.25         43.12     0.64    531       2697.97
11       0.00015       0.7                 0                  0                 120            0.1                   2201.93  2238.34         36.41     0.67    433       2698.59
554      0.00015       0                   3                  0.8               120            1                     1192.87  1216.70         23.83     1.06    290       2702.83
339      5e-05         0.2                 0                  0.8               120            0.5                   2683.12  2745.21         62.09     0.70    757       2706.39
528      5e-05         0                   0                  0.8               120            1                     2206.72  2273.56         66.84     0.79    816       2707.29
56       0.00015       0.5                 0                  0.2               120            0.1                   2096.64  2132.09         35.45     0.59    426       2707.93
517      0.0001        0                   5                  0.5               120            1                     1463.25  1495.39         32.14     0.96    406       2711.16
524      0.00015       0.5                 5                  0.5               120            1                     1231.57  1249.99         18.42     1.18    229       2716.57
280      0.0001        0.2                 5                  0.2               120            0.5                   1653.26  1683.55         30.30     0.73    381       2717.06
427      0.0001        0.5                 5                  0                 120            1                     1402.56  1424.92         22.37     0.97    288       2720.76
560      0.00015       0.5                 3                  0.8               120            1                     1161.37  1180.68         19.32     1.09    234       2723.47
208      0.0001        0.2                 1                  0                 120            0.5                   2265.02  2305.66         40.65     0.75    506       2725.53
58       0.0001        0.7                 0                  0.2               120            0.1                   2595.31  2641.50         46.19     0.64    572       2730.56
432      5e-05         0                   0                  0.2               120            1                     2598.94  2662.85         63.91     0.73    770       2733.02
76       0.0001        0.2                 3                  0.2               120            0.1                   2190.74  2227.07         36.32     0.57    460       2733.37
16       0.0001        0.2                 1                  0                 120            0.1                   2534.90  2579.38         44.49     0.65    547       2749.19
201      5e-05         0.7                 0                  0                 120            0.5                   2556.72  2611.60         54.88     0.70    667       2753.27
84       5e-05         0                   5                  0.2               120            0.1                   2247.94  2299.24         51.29     0.60    630       2764.84
565      0.0001        0                   5                  0.8               120            1                     1403.91  1436.49         32.58     0.99    414       2765.66
531      5e-05         0.2                 0                  0.8               120            1                     2384.99  2443.69         58.69     0.76    715       2766.75
9        5e-05         0.7                 0                  0                 120            0.1                   2483.18  2539.43         56.25     0.62    673       2769.75
395      0.00015       0.7                 0                  0                 120            1                     1701.64  1731.82         30.17     0.88    364       2769.93
379      0.0001        0.5                 5                  0.8               120            0.5                   1793.70  1820.78         27.08     0.94    338       2773.28
407      0.00015       0.7                 1                  0                 120            1                     1537.94  1563.09         25.15     0.95    310       2774.18
509      0.00015       0.2                 3                  0.5               120            1                     1291.87  1313.60         21.73     1.01    268       2775.95
110      0.00015       0                   1                  0.5               120            0.1                   1800.48  1833.69         33.21     0.57    405       2777.87
256      0.0001        0.2                 1                  0.2               120            0.5                   2314.21  2354.02         39.81     0.75    501       2781.46
563      0.00015       0.7                 3                  0.8               120            1                     1162.38  1181.17         18.80     1.09    228       2782.75
4        0.0001        0.2                 0                  0                 120            0.1                   2708.35  2759.93         51.58     0.59    620       2783.69
344      0.00015       0.5                 0                  0.8               120            0.5                   1758.14  1786.93         28.79     0.85    348       2785.73
250      0.0001        0.7                 0                  0.2               120            0.5                   2296.59  2339.88         43.29     0.70    544       2792.45
195      5e-05         0.2                 0                  0                 120            0.5                   2752.34  2813.56         61.22     0.67    731       2795.97
308      0.00015       0.5                 1                  0.5               120            0.5                   1670.59  1695.78         25.18     0.93    311       2799.02
168      5e-05         0                   3                  0.8               120            0.1                   2038.30  2097.43         59.13     0.60    721       2804.40
295      0.0001        0.5                 0                  0.5               120            0.5                   2286.83  2329.94         43.11     0.70    541       2805.33
385      0.0001        0                   0                  0                 120            1                     2229.99  2278.62         48.63     0.79    601       2808.12
223      0.0001        0.5                 3                  0                 120            0.5                   2038.68  2070.51         31.83     0.81    404       2815.83
426      5e-05         0.5                 5                  0                 120            1                     2073.83  2111.92         38.09     0.92    477       2819.97
393      5e-05         0.7                 0                  0                 120            1                     2574.29  2626.99         52.70     0.75    646       2821.91
211      0.0001        0.5                 1                  0                 120            0.5                   2313.77  2351.49         37.72     0.77    476       2830.94
247      0.0001        0.5                 0                  0.2               120            0.5                   2287.50  2331.80         44.30     0.69    555       2833.41
317      0.00015       0.2                 3                  0.5               120            0.5                   1459.83  1483.15         23.32     0.86    283       2833.62
78       5e-05         0.5                 3                  0.2               120            0.1                   2469.27  2515.92         46.66     0.65    576       2833.94
327      5e-05         0.2                 5                  0.5               120            0.5                   2101.90  2145.33         43.43     0.85    540       2835.95
18       5e-05         0.5                 1                  0                 120            0.1                   2762.24  2815.40         53.16     0.68    644       2838.22
196      0.0001        0.2                 0                  0                 120            0.5                   2395.69  2443.88         48.19     0.61    597       2839.43
452      0.00015       0.5                 1                  0.2               120            1                     1492.57  1517.58         25.02     0.98    306       2844.44
238      0.0001        0.7                 5                  0                 120            0.5                   1701.92  1729.98         28.07     0.78    357       2844.89
362      0.00015       0                   3                  0.8               120            0.5                   1326.31  1351.40         25.09     0.95    308       2844.99
152      0.00015       0.5                 0                  0.8               120            0.1                   2147.47  2179.83         32.36     0.60    386       2846.44
356      0.00015       0.5                 1                  0.8               120            0.5                   1531.04  1555.22         24.19     1.02    293       2848.25
193      0.0001        0                   0                  0                 120            0.5                   2416.95  2469.40         52.44     0.64    645       2850.41
66       5e-05         0.5                 1                  0.2               120            0.1                   2710.46  2762.97         52.51     0.66    638       2858.33
177      5e-05         0.7                 3                  0.8               120            0.1                   2559.04  2603.63         44.59     0.71    551       2864.07
155      0.00015       0.7                 0                  0.8               120            0.1                   2120.02  2150.91         30.89     0.69    374       2865.31
129      5e-05         0.7                 3                  0.5               120            0.1                   2457.23  2501.31         44.08     0.65    547       2873.38
75       5e-05         0.2                 3                  0.2               120            0.1                   2520.39  2571.37         50.98     0.60    623       2887.43
62       0.00015       0                   1                  0.2               120            0.1                   1831.97  1865.64         33.67     0.56    412       2894.50
292      0.0001        0.2                 0                  0.5               120            0.5                   2510.25  2557.33         47.08     0.74    583       2900.33
469      0.0001        0                   5                  0.2               120            1                     1660.72  1692.79         32.08     0.97    406       2906.56
69       5e-05         0.7                 1                  0.2               120            0.1                   2656.82  2707.71         50.89     0.68    617       2910.75
52       0.0001        0.2                 0                  0.2               120            0.1                   1860.60  1908.00         47.41     0.67    569       2910.94
480      5e-05         0                   0                  0.5               120            1                     2465.92  2530.66         64.74     0.74    786       2938.44
33       5e-05         0.7                 3                  0                 120            0.1                   2618.05  2663.34         45.28     0.65    557       2943.46
296      0.00015       0.5                 0                  0.5               120            0.5                   1914.52  1945.20         30.68     0.85    372       2944.55
312      5e-05         0                   3                  0.5               120            0.5                   2162.64  2215.07         52.43     0.85    652       2947.31
351      5e-05         0.2                 1                  0.8               120            0.5                   2460.71  2515.18         54.47     0.80    669       2950.57
113      0.00015       0.2                 1                  0.5               120            0.1                   2046.53  2076.98         30.45     0.67    369       2953.50
386      0.00015       0                   0                  0                 120            1                     1741.54  1776.46         34.91     0.86    420       2955.89
148      0.0001        0.2                 0                  0.8               120            0.1                   2674.62  2724.65         50.03     0.65    618       2957.29
305      0.00015       0.2                 1                  0.5               120            0.5                   1662.45  1690.08         27.63     0.97    336       2958.03
300      5e-05         0                   1                  0.5               120            0.5                   2336.59  2396.22         59.63     0.70    732       2961.76
90       5e-05         0.5                 5                  0.2               120            0.1                   2479.59  2522.22         42.63     0.64    526       2963.58
253      0.0001        0                   1                  0.2               120            0.5                   2258.08  2301.48         43.41     0.83    546       2974.42
21       5e-05         0.7                 1                  0                 120            0.1                   2718.16  2769.34         51.19     0.69    621       2979.19
299      0.00015       0.7                 0                  0.5               120            0.5                   1961.59  1991.80         30.21     0.81    364       2984.66
294      5e-05         0.5                 0                  0.5               120            0.5                   2675.17  2731.82         56.65     0.73    690       2989.14
259      0.0001        0.5                 1                  0.2               120            0.5                   2249.30  2286.11         36.80     0.82    468       2990.17
141      5e-05         0.7                 5                  0.5               120            0.1                   2501.17  2541.59         40.41     0.72    503       2991.12
424      0.0001        0.2                 5                  0                 120            1                     1601.19  1630.79         29.60     0.95    373       2991.52
503      0.00015       0.7                 1                  0.5               120            1                     1388.54  1411.63         23.08     1.14    287       2995.99
302      0.00015       0                   1                  0.5               120            0.5                   1729.43  1759.31         29.88     0.92    363       2996.75
354      5e-05         0.5                 1                  0.8               120            0.5                   2369.37  2418.21         48.85     0.81    603       2997.98
325      0.0001        0                   5                  0.5               120            0.5                   1722.28  1755.69         33.41     0.91    425       3003.10
27       5e-05         0.2                 3                  0                 120            0.1                   2668.55  2719.39         50.84     0.63    617       3004.16
520      0.0001        0.2                 5                  0.5               120            1                     1495.15  1524.05         28.90     0.99    366       3010.00
276      5e-05         0                   5                  0.2               120            0.5                   2170.04  2217.06         47.01     0.77    583       3010.90
119      0.00015       0.7                 1                  0.5               120            0.1                   1991.04  2018.33         27.29     0.66    335       3018.60
551      0.00015       0.7                 1                  0.8               120            1                     1387.39  1409.26         21.88     1.09    265       3026.78
446      0.00015       0                   1                  0.2               120            1                     1628.05  1656.28         28.23     1.02    346       3028.39
6        5e-05         0.5                 0                  0                 120            0.1                   2701.19  2759.30         58.10     0.64    688       3028.96
251      0.00015       0.7                 0                  0.2               120            0.5                   1947.46  1979.48         32.02     0.80    391       3033.08
96       5e-05         0                   0                  0.5               120            0.1                   2267.35  2338.66         71.31     0.56    843       3040.10
156      5e-05         0                   1                  0.8               120            0.1                   2252.63  2319.98         67.34     0.59    814       3041.94
226      0.0001        0.7                 3                  0                 120            0.5                   1972.84  2003.62         30.78     0.87    397       3043.68
246      5e-05         0.5                 0                  0.2               120            0.5                   2818.08  2874.67         56.59     0.71    685       3048.36
529      0.0001        0                   0                  0.8               120            1                     1863.93  1912.01         48.09     0.81    599       3057.96
160      0.0001        0.2                 1                  0.8               120            0.1                   2238.43  2280.59         42.16     0.62    532       3060.95
536      0.00015       0.5                 0                  0.8               120            1                     1602.79  1629.08         26.29     1.17    320       3064.49
334      0.0001        0.7                 5                  0.5               120            0.5                   1686.41  1713.32         26.91     0.91    343       3070.44
449      0.00015       0.2                 1                  0.2               120            1                     1609.55  1635.96         26.41     0.97    322       3073.06
359      0.00015       0.7                 1                  0.8               120            0.5                   1505.83  1528.72         22.89     0.93    282       3075.67
282      5e-05         0.5                 5                  0.2               120            0.5                   2232.87  2271.84         38.97     0.82    490       3080.28
537      5e-05         0.7                 0                  0.8               120            1                     2408.65  2458.57         49.91     0.85    618       3083.72
324      5e-05         0                   5                  0.5               120            0.5                   2100.97  2148.73         47.76     0.87    593       3084.95
293      0.00015       0.2                 0                  0.5               120            0.5                   1916.27  1949.24         32.97     0.81    400       3088.90
401      0.00015       0.2                 1                  0                 120            1                     1619.67  1646.49         26.82     1.01    326       3093.92
65       0.00015       0.2                 1                  0.2               120            0.1                   2001.96  2032.86         30.91     0.58    376       3096.77
290      0.00015       0                   0                  0.5               120            0.5                   1934.24  1970.79         36.55     0.81    439       3097.78
5        0.00015       0.2                 0                  0                 120            0.1                   1984.02  2022.97         38.95     0.60    455       3102.91
57       5e-05         0.7                 0                  0.2               120            0.1                   2606.31  2662.44         56.13     0.66    670       3107.57
205      0.0001        0                   1                  0                 120            0.5                   2349.89  2393.99         44.10     0.77    544       3109.06
117      5e-05         0.7                 1                  0.5               120            0.1                   2823.33  2874.03         50.70     0.67    619       3110.50
430      0.0001        0.7                 5                  0                 120            1                     1628.97  1655.73         26.76     0.97    342       3110.80
165      5e-05         0.7                 1                  0.8               120            0.1                   2689.03  2739.50         50.46     0.68    616       3112.54
31       0.0001        0.5                 3                  0                 120            0.1                   2249.81  2284.49         34.68     0.61    438       3120.08
68       0.00015       0.5                 1                  0.2               120            0.1                   1916.56  1945.84         29.29     0.61    360       3127.59
411      5e-05         0.2                 3                  0                 120            1                     2333.10  2377.46         44.36     0.87    551       3129.59
552      5e-05         0                   3                  0.8               120            1                     1834.47  1885.96         51.49     0.96    635       3130.47
286      0.0001        0.7                 5                  0.2               120            0.5                   1770.20  1797.71         27.51     0.90    353       3138.20
328      0.0001        0.2                 5                  0.5               120            0.5                   1736.42  1766.73         30.31     0.87    383       3146.04
408      5e-05         0                   3                  0                 120            1                     2223.94  2272.83         48.89     0.92    605       3155.43
557      0.00015       0.2                 3                  0.8               120            1                     1243.56  1264.13         20.57     0.97    251       3155.71
373      0.0001        0                   5                  0.8               120            0.5                   1494.71  1529.28         34.57     0.86    437       3156.17
82       0.0001        0.7                 3                  0.2               120            0.1                   2215.45  2248.40         32.96     0.61    420       3157.32
347      0.00015       0.7                 0                  0.8               120            0.5                   1877.30  1904.91         27.61     0.95    336       3159.78
343      0.0001        0.5                 0                  0.8               120            0.5                   2300.86  2342.15         41.30     0.80    518       3167.41
483      5e-05         0.2                 0                  0.5               120            1                     2569.44  2628.12         58.68     0.80    716       3183.93
81       5e-05         0.7                 3                  0.2               120            0.1                   2616.93  2661.90         44.97     0.70    550       3186.01
279      5e-05         0.2                 5                  0.2               120            0.5                   2224.30  2267.08         42.77     0.80    534       3190.81
144      5e-05         0                   0                  0.8               120            0.1                   2182.15  2258.00         75.85     0.62    901       3193.07
444      5e-05         0                   1                  0.2               120            1                     2453.74  2509.49         55.75     0.88    682       3198.56
107      0.00015       0.7                 0                  0.5               120            0.1                   2151.82  2185.54         33.72     0.67    405       3198.58
478      0.0001        0.7                 5                  0.2               120            1                     1613.14  1639.05         25.92     1.06    332       3201.84
298      0.0001        0.7                 0                  0.5               120            0.5                   2270.67  2312.25         41.58     0.73    524       3204.20
349      0.0001        0                   1                  0.8               120            0.5                   1948.97  1992.65         43.68     0.85    546       3206.04
271      0.0001        0.5                 3                  0.2               120            0.5                   1993.28  2024.53         31.25     0.86    400       3206.18
150      5e-05         0.5                 0                  0.8               120            0.1                   2644.02  2702.47         58.45     0.68    706       3207.17
331      0.0001        0.5                 5                  0.5               120            0.5                   1746.62  1774.26         27.64     0.90    347       3218.01
1        0.0001        0                   0                  0                 120            0.1                   2388.74  2445.23         56.48     0.56    676       3220.99
519      5e-05         0.2                 5                  0.5               120            1                     1885.52  1926.66         41.14     0.98    513       3221.45
346      0.0001        0.7                 0                  0.8               120            0.5                   2319.09  2358.91         39.83     0.85    500       3223.13
526      0.0001        0.7                 5                  0.5               120            1                     1575.71  1601.04         25.33     1.09    322       3225.18
309      5e-05         0.7                 1                  0.5               120            0.5                   2493.96  2541.63         47.67     0.79    591       3233.02
120      5e-05         0                   3                  0.5               120            0.1                   2169.63  2226.22         56.59     0.57    689       3241.55
420      5e-05         0                   5                  0                 120            1                     2081.64  2126.95         45.32     0.93    563       3242.31
481      0.0001        0                   0                  0.5               120            1                     2137.20  2184.52         47.32     0.88    591       3243.59
145      0.0001        0                   0                  0.8               120            0.1                   2323.06  2380.61         57.54     0.58    703       3244.63
340      0.0001        0.2                 0                  0.8               120            0.5                   2425.34  2470.64         45.29     0.76    570       3245.28
2        0.00015       0                   0                  0                 120            0.1                   2153.68  2196.47         42.79     0.59    495       3248.17
409      0.0001        0                   3                  0                 120            1                     1762.67  1797.52         34.85     0.95    441       3250.94
357      5e-05         0.7                 1                  0.8               120            0.5                   2459.63  2506.45         46.82     0.84    578       3253.03
316      0.0001        0.2                 3                  0.5               120            0.5                   1922.45  1955.19         32.74     0.84    417       3255.44
571      0.0001        0.5                 5                  0.8               120            1                     1429.19  1455.38         26.20     0.97    330       3257.84
303      5e-05         0.2                 1                  0.5               120            0.5                   2521.84  2575.36         53.52     0.74    660       3258.99
228      5e-05         0                   5                  0                 120            0.5                   2265.92  2313.10         47.18     0.78    584       3264.71
262      0.0001        0.7                 1                  0.2               120            0.5                   2239.29  2275.30         36.01     0.81    459       3265.14
50       0.00015       0                   0                  0.2               120            0.1                   2038.54  2080.13         41.59     0.57    492       3266.53
283      0.0001        0.5                 5                  0.2               120            0.5                   1781.56  1809.86         28.30     0.87    358       3266.79
370      0.0001        0.7                 3                  0.8               120            0.5                   1921.55  1950.48         28.93     0.93    363       3271.17
542      0.00015       0                   1                  0.8               120            1                     1420.99  1448.63         27.63     1.04    332       3273.56
39       5e-05         0.2                 5                  0                 120            0.1                   2364.02  2410.42         46.40     0.58    567       3273.93
472      0.0001        0.2                 5                  0.2               120            1                     1665.94  1695.20         29.26     1.01    370       3274.82
392      0.00015       0.5                 0                  0                 120            1                     1730.82  1761.72         30.90     1.02    373       3278.98
418      0.0001        0.7                 3                  0                 120            1                     1775.04  1804.13         29.09     0.99    376       3283.19
456      5e-05         0                   3                  0.2               120            1                     2188.45  2237.26         48.80     0.94    607       3284.46
399      5e-05         0.2                 1                  0                 120            1                     2565.87  2616.74         50.87     0.81    626       3285.41
350      0.00015       0                   1                  0.8               120            0.5                   1572.14  1601.38         29.24     0.95    356       3286.71
306      5e-05         0.5                 1                  0.5               120            0.5                   2549.68  2598.91         49.22     0.79    610       3295.69
405      5e-05         0.7                 1                  0                 120            1                     2394.66  2440.52         45.86     0.85    569       3295.71
109      0.0001        0                   1                  0.5               120            0.1                   2269.87  2316.97         47.10     0.57    593       3297.28
237      5e-05         0.7                 5                  0                 120            0.5                   2371.58  2410.13         38.55     0.80    482       3298.58
440      0.00015       0.5                 0                  0.2               120            1                     1740.95  1770.67         29.72     1.02    362       3299.15
500      0.00015       0.5                 1                  0.5               120            1                     1499.56  1523.03         23.47     1.10    293       3300.50
460      0.0001        0.2                 3                  0.2               120            1                     1838.15  1870.13         31.98     0.97    406       3304.01
482      0.00015       0                   0                  0.5               120            1                     1780.63  1814.04         33.41     1.06    400       3311.66
48       5e-05         0                   0                  0.2               120            0.1                   2396.23  2466.03         69.79     0.53    817       3312.86
564      5e-05         0                   5                  0.8               120            1                     1663.53  1711.84         48.31     1.00    596       3313.51
366      5e-05         0.5                 3                  0.8               120            0.5                   2250.67  2293.65         42.98     0.85    531       3317.00
53       0.00015       0.2                 0                  0.2               120            0.1                   1765.13  1802.91         37.79     0.61    448       3319.39
319      0.0001        0.5                 3                  0.5               120            0.5                   1864.47  1894.78         30.31     0.87    383       3320.04
437      0.00015       0.2                 0                  0.2               120            1                     1827.44  1858.93         31.49     0.98    379       3334.80
514      0.0001        0.7                 3                  0.5               120            1                     1681.50  1709.41         27.91     1.04    353       3336.27
70       0.0001        0.7                 1                  0.2               120            0.1                   2498.06  2537.10         39.04     0.65    493       3341.95
574      0.0001        0.7                 5                  0.8               120            1                     1498.75  1524.04         25.29     1.00    317       3345.10
367      0.0001        0.5                 3                  0.8               120            0.5                   1961.53  1991.47         29.94     0.95    374       3345.23
384      5e-05         0                   0                  0                 120            1                     2643.95  2707.82         63.87     0.70    771       3346.13
36       5e-05         0                   5                  0                 120            0.1                   2441.60  2492.33         50.73     0.60    624       3347.93
530      0.00015       0                   0                  0.8               120            1                     1585.72  1618.25         32.53     0.99    393       3348.55
267      5e-05         0.2                 3                  0.2               120            0.5                   2561.14  2608.50         47.36     0.81    586       3351.35
231      5e-05         0.2                 5                  0                 120            0.5                   2370.89  2413.30         42.41     0.75    532       3353.85
412      0.0001        0.2                 3                  0                 120            1                     1826.10  1858.52         32.41     0.95    411       3355.63
234      5e-05         0.5                 5                  0                 120            0.5                   2350.01  2389.63         39.61     0.80    493       3359.00
322      0.0001        0.7                 3                  0.5               120            0.5                   1898.10  1927.47         29.37     0.89    376       3360.68
342      5e-05         0.5                 0                  0.8               120            0.5                   2498.99  2554.84         55.85     0.76    683       3366.34
104      0.00015       0.5                 0                  0.5               120            0.1                   2192.15  2226.72         34.57     0.66    415       3367.61
396      5e-05         0                   1                  0                 120            1                     2516.08  2571.82         55.74     0.83    682       3368.83
345      5e-05         0.7                 0                  0.8               120            0.5                   2572.37  2625.66         53.29     0.78    653       3371.50
400      0.0001        0.2                 1                  0                 120            1                     2016.95  2054.38         37.42     0.91    472       3374.61
387      5e-05         0.2                 0                  0                 120            1                     2706.22  2764.51         58.29     0.69    709       3384.08
435      5e-05         0.2                 0                  0.2               120            1                     2611.25  2669.64         58.40     0.74    711       3387.91
285      5e-05         0.7                 5                  0.2               120            0.5                   2290.85  2328.90         38.05     0.85    475       3399.93
153      5e-05         0.7                 0                  0.8               120            0.1                   2613.23  2669.52         56.29     0.73    682       3400.04
105      5e-05         0.7                 0                  0.5               120            0.1                   2706.74  2763.15         56.41     0.68    681       3400.69
540      5e-05         0                   1                  0.8               120            1                     2039.96  2098.43         58.47     0.93    718       3405.83
568      0.0001        0.2                 5                  0.8               120            1                     1487.53  1516.39         28.86     1.02    362       3411.13
441      5e-05         0.7                 0                  0.2               120            1                     2502.10  2554.48         52.38     0.80    642       3415.61
534      5e-05         0.5                 0                  0.8               120            1                     2345.21  2397.76         52.56     0.80    644       3420.52
118      0.0001        0.7                 1                  0.5               120            0.1                   2368.37  2406.72         38.35     0.65    484       3429.95
97       0.0001        0                   0                  0.5               120            0.1                   2324.01  2380.12         56.11     0.57    688       3435.39
497      0.00015       0.2                 1                  0.5               120            1                     1627.99  1653.45         25.45     1.15    310       3436.57
361      0.0001        0                   3                  0.8               120            0.5                   1629.21  1666.60         37.39     0.89    473       3441.03
252      5e-05         0                   1                  0.2               120            0.5                   2598.27  2657.25         58.98     0.69    725       3446.41
216      5e-05         0                   3                  0                 120            0.5                   2448.03  2500.32         52.29     0.79    642       3453.04
573      5e-05         0.7                 5                  0.8               120            1                     1874.17  1910.28         36.11     1.05    448       3455.24
406      0.0001        0.7                 1                  0                 120            1                     1969.48  2003.92         34.44     0.95    437       3459.88
61       0.0001        0                   1                  0.2               120            0.1                   2443.61  2491.41         47.79     0.58    592       3460.69
219      5e-05         0.2                 3                  0                 120            0.5                   2665.94  2712.49         46.56     0.78    575       3461.00
268      0.0001        0.2                 3                  0.2               120            0.5                   2094.62  2128.29         33.67     0.87    426       3461.15
443      0.00015       0.7                 0                  0.2               120            1                     1874.53  1903.60         29.07     0.99    354       3463.51
415      0.0001        0.5                 3                  0                 120            1                     1858.38  1888.55         30.17     0.99    385       3478.37
159      5e-05         0.2                 1                  0.8               120            0.1                   2419.70  2478.22         58.52     0.62    719       3479.00
138      5e-05         0.5                 5                  0.5               120            0.1                   2452.78  2494.67         41.89     0.67    519       3492.28
388      0.0001        0.2                 0                  0                 120            1                     2352.59  2397.33         44.74     0.79    554       3492.75
525      5e-05         0.7                 5                  0.5               120            1                     2019.39  2055.31         35.91     1.01    450       3492.91
225      5e-05         0.7                 3                  0                 120            0.5                   2469.59  2512.19         42.59     0.78    531       3495.57
433      0.0001        0                   0                  0.2               120            1                     2268.49  2316.60         48.11     0.83    597       3513.05
398      0.00015       0                   1                  0                 120            1                     1624.79  1653.75         28.96     0.96    354       3521.41
475      0.0001        0.5                 5                  0.2               120            1                     1729.05  1755.94         26.89     1.04    344       3526.10
489      5e-05         0.7                 0                  0.5               120            1                     2508.46  2560.10         51.63     0.83    639       3526.38
222      5e-05         0.5                 3                  0                 120            0.5                   2461.07  2504.86         43.79     0.77    547       3530.97
434      0.00015       0                   0                  0.2               120            1                     1876.06  1910.37         34.31     0.97    416       3531.84
548      0.00015       0.5                 1                  0.8               120            1                     1435.67  1458.00         22.33     1.10    273       3533.54
457      0.0001        0                   3                  0.2               120            1                     1830.13  1865.18         35.05     1.01    442       3534.96
364      0.0001        0.2                 3                  0.8               120            0.5                   1793.39  1826.49         33.10     0.92    417       3537.62
545      0.00015       0.2                 1                  0.8               120            1                     1432.35  1456.72         24.37     1.08    295       3540.96
63       5e-05         0.2                 1                  0.2               120            0.1                   2592.61  2650.13         57.52     0.60    697       3545.89
523      0.0001        0.5                 5                  0.5               120            1                     1686.92  1713.23         26.31     1.06    331       3564.07
297      5e-05         0.7                 0                  0.5               120            0.5                   2622.47  2676.92         54.45     0.76    668       3565.82
111      5e-05         0.2                 1                  0.5               120            0.1                   2521.88  2580.05         58.16     0.61    701       3566.86
394      0.0001        0.7                 0                  0                 120            1                     2204.92  2245.88         40.96     0.83    512       3575.59
539      0.00015       0.7                 0                  0.8               120            1                     1598.39  1623.98         25.59     1.09    309       3576.54
270      5e-05         0.5                 3                  0.2               120            0.5                   2565.41  2608.47         43.07     0.80    537       3577.94
516      5e-05         0                   5                  0.5               120            1                     1870.19  1916.24         46.06     1.04    573       3589.23
488      0.00015       0.5                 0                  0.5               120            1                     1714.55  1742.76         28.21     1.25    342       3597.70
304      0.0001        0.2                 1                  0.5               120            0.5                   2240.41  2279.33         38.92     0.85    489       3600.88
463      0.0001        0.5                 3                  0.2               120            1                     1825.96  1855.43         29.47     1.05    377       3605.30
459      5e-05         0.2                 3                  0.2               120            1                     2211.01  2255.52         44.52     0.99    554       3606.07
264      5e-05         0                   3                  0.2               120            0.5                   2486.73  2538.37         51.63     0.81    642       3607.26
543      5e-05         0.2                 1                  0.8               120            1                     2220.44  2271.47         51.04     0.90    628       3611.82
204      5e-05         0                   1                  0                 120            0.5                   2626.43  2685.67         59.24     0.72    724       3614.47
255      5e-05         0.2                 1                  0.2               120            0.5                   2618.49  2672.43         53.95     0.74    662       3614.72
369      5e-05         0.7                 3                  0.8               120            0.5                   2279.10  2320.17         41.06     0.89    507       3617.36
375      5e-05         0.2                 5                  0.8               120            0.5                   1983.52  2027.53         44.00     0.92    549       3618.31
213      5e-05         0.7                 1                  0                 120            0.5                   2498.81  2547.49         48.68     0.74    602       3620.89
556      0.0001        0.2                 3                  0.8               120            1                     1635.64  1667.11         31.48     1.00    395       3622.00
429      5e-05         0.7                 5                  0                 120            1                     2080.79  2117.47         36.69     0.95    460       3631.28
98       0.00015       0                   0                  0.5               120            0.1                   2243.77  2285.00         41.23     0.62    491       3637.83
313      0.0001        0                   3                  0.5               120            0.5                   1945.27  1981.95         36.68     0.91    465       3638.14
115      0.0001        0.5                 1                  0.5               120            0.1                   2486.05  2525.43         39.38     0.66    495       3638.25
243      5e-05         0.2                 0                  0.2               120            0.5                   2698.58  2760.01         61.43     0.68    734       3639.96
108      5e-05         0                   1                  0.5               120            0.1                   2275.92  2340.03         64.12     0.57    773       3640.64
274      0.0001        0.7                 3                  0.2               120            0.5                   2040.70  2071.11         30.41     0.91    390       3646.69
438      5e-05         0.5                 0                  0.2               120            1                     2562.99  2616.85         53.85     0.79    661       3648.64
570      5e-05         0.5                 5                  0.8               120            1                     1897.41  1934.90         37.49     0.97    464       3652.02
423      5e-05         0.2                 5                  0                 120            1                     2180.62  2221.31         40.69     0.89    505       3652.40
484      0.0001        0.2                 0                  0.5               120            1                     2209.61  2252.60         42.98     0.89    536       3653.12
471      5e-05         0.2                 5                  0.2               120            1                     2069.28  2110.53         41.24     0.97    510       3655.59
60       5e-05         0                   1                  0.2               120            0.1                   2495.11  2557.96         62.85     0.59    752       3658.73
112      0.0001        0.2                 1                  0.5               120            0.1                   2526.62  2569.57         42.94     0.63    539       3666.53
468      5e-05         0                   5                  0.2               120            1                     2077.97  2122.79         44.82     0.99    557       3669.29
522      5e-05         0.5                 5                  0.5               120            1                     2037.26  2074.71         37.45     1.09    468       3680.91
466      0.0001        0.7                 3                  0.2               120            1                     1776.21  1805.18         28.97     1.08    372       3685.74
12       5e-05         0                   1                  0                 120            0.1                   2527.04  2590.07         63.03     0.58    750       3690.83
381      5e-05         0.7                 5                  0.8               120            0.5                   2195.11  2232.91         37.80     0.95    471       3691.94
207      5e-05         0.2                 1                  0                 120            0.5                   2754.29  2808.43         54.14     0.72    660       3693.28
397      0.0001        0                   1                  0                 120            1                     2068.84  2109.68         40.85     0.95    516       3696.21
511      0.0001        0.5                 3                  0.5               120            1                     1808.72  1837.34         28.62     1.07    363       3697.63
28       0.0001        0.2                 3                  0                 120            0.1                   2433.23  2470.09         36.86     0.62    462       3701.38
402      5e-05         0.5                 1                  0                 120            1                     2475.86  2523.15         47.30     0.84    587       3704.74
288      5e-05         0                   0                  0.5               120            0.5                   2653.37  2721.72         68.35     0.72    827       3705.50
87       5e-05         0.2                 5                  0.2               120            0.1                   2513.58  2560.34         46.76     0.64    572       3708.77
492      5e-05         0                   1                  0.5               120            1                     2287.41  2344.20         56.78     0.89    696       3709.38
436      0.0001        0.2                 0                  0.2               120            1                     2326.37  2370.51         44.14     0.83    547       3710.11
389      0.00015       0.2                 0                  0                 120            1                     1895.57  1928.21         32.64     1.01    389       3710.25
261      5e-05         0.7                 1                  0.2               120            0.5                   2580.71  2629.07         48.36     0.78    596       3718.29
240      5e-05         0                   0                  0.2               120            0.5                   2734.84  2802.11         67.28     0.72    802       3728.92
310      0.0001        0.7                 1                  0.5               120            0.5                   2219.24  2254.01         34.76     0.90    443       3732.16
355      0.0001        0.5                 1                  0.8               120            0.5                   2231.53  2266.49         34.96     1.00    438       3741.56
273      5e-05         0.7                 3                  0.2               120            0.5                   2518.07  2559.49         41.42     0.86    522       3766.14
490      0.0001        0.7                 0                  0.5               120            1                     2206.29  2244.45         38.16     0.95    483       3767.60
315      5e-05         0.2                 3                  0.5               120            0.5                   2464.71  2511.94         47.23     0.83    583       3776.09
378      5e-05         0.5                 5                  0.8               120            0.5                   2142.15  2181.65         39.50     0.93    487       3784.77
553      0.0001        0                   3                  0.8               120            1                     1568.03  1603.77         35.75     0.98    451       3784.89
486      5e-05         0.5                 0                  0.5               120            1                     2500.15  2553.34         53.19     0.80    654       3792.92
494      0.00015       0                   1                  0.5               120            1                     1618.45  1645.78         27.34     1.05    336       3801.40
49       0.0001        0                   0                  0.2               120            0.1                   2555.39  2611.81         56.42     0.61    679       3801.78
487      0.0001        0.5                 0                  0.5               120            1                     2256.40  2295.99         39.59     0.93    498       3807.81
561      5e-05         0.7                 3                  0.8               120            1                     2015.75  2054.65         38.90     1.03    479       3808.34
114      5e-05         0.5                 1                  0.5               120            0.1                   2716.27  2768.80         52.53     0.70    643       3811.00
363      5e-05         0.2                 3                  0.8               120            0.5                   2313.97  2361.87         47.90     0.86    591       3811.48
502      0.0001        0.7                 1                  0.5               120            1                     1955.91  1988.17         32.26     1.05    410       3811.58
450      5e-05         0.5                 1                  0.2               120            1                     2420.34  2467.09         46.75     0.88    580       3813.80
301      0.0001        0                   1                  0.5               120            0.5                   2170.57  2213.56         42.99     0.84    546       3817.29
507      5e-05         0.2                 3                  0.5               120            1                     2129.81  2174.51         44.71     0.99    550       3822.29
567      5e-05         0.2                 5                  0.8               120            1                     1807.27  1849.57         42.30     0.99    525       3830.38
504      5e-05         0                   3                  0.5               120            1                     2023.94  2073.96         50.02     1.08    616       3831.89
439      0.0001        0.5                 0                  0.2               120            1                     2259.65  2300.82         41.17     0.89    515       3833.24
126      5e-05         0.5                 3                  0.5               120            0.1                   2541.05  2587.07         46.02     0.68    568       3834.11
495      5e-05         0.2                 1                  0.5               120            1                     2376.89  2427.69         50.81     0.92    627       3836.88
333      5e-05         0.7                 5                  0.5               120            0.5                   2367.20  2404.50         37.30     0.89    468       3846.57
352      0.0001        0.2                 1                  0.8               120            0.5                   2169.54  2208.26         38.72     0.97    488       3862.92
477      5e-05         0.7                 5                  0.2               120            1                     2122.35  2158.71         36.36     1.02    457       3869.43
453      5e-05         0.7                 1                  0.2               120            1                     2447.85  2492.91         45.06     0.92    559       3871.78
559      0.0001        0.5                 3                  0.8               120            1                     1718.81  1747.11         28.30     1.08    356       3877.57
508      0.0001        0.2                 3                  0.5               120            1                     1874.96  1906.40         31.44     1.08    396       3877.90
358      0.0001        0.7                 1                  0.8               120            0.5                   2175.78  2209.63         33.85     0.95    426       3883.25
307      0.0001        0.5                 1                  0.5               120            0.5                   2310.24  2346.43         36.19     0.88    454       3885.10
318      5e-05         0.5                 3                  0.5               120            0.5                   2482.29  2525.08         42.79     0.87    534       3892.35
258      5e-05         0.5                 1                  0.2               120            0.5                   2684.28  2734.22         49.94     0.80    615       3893.82
510      5e-05         0.5                 3                  0.5               120            1                     2138.46  2178.63         40.16     1.04    504       3902.67
99       5e-05         0.2                 0                  0.5               120            0.1                   2697.94  2762.58         64.65     0.67    764       3904.50
485      0.00015       0.2                 0                  0.5               120            1                     1915.73  1946.28         30.56     1.11    366       3906.91
558      5e-05         0.5                 3                  0.8               120            1                     2047.08  2087.80         40.71     1.01    500       3915.84
198      5e-05         0.5                 0                  0                 120            0.5                   2779.25  2836.02         56.77     0.76    685       3917.68
442      0.0001        0.7                 0                  0.2               120            1                     2354.03  2394.09         40.06     0.90    506       3919.53
555      5e-05         0.2                 3                  0.8               120            1                     2065.27  2110.56         45.29     1.04    562       3920.28
417      5e-05         0.7                 3                  0                 120            1                     2308.75  2348.77         40.01     0.93    502       3928.33
162      5e-05         0.5                 1                  0.8               120            0.1                   2624.06  2676.49         52.43     0.68    639       3933.18
321      5e-05         0.7                 3                  0.5               120            0.5                   2410.77  2452.29         41.52     0.90    517       3945.24
501      5e-05         0.7                 1                  0.5               120            1                     2326.45  2370.96         44.51     0.95    555       3953.42
72       5e-05         0                   3                  0.2               120            0.1                   2572.35  2628.20         55.85     0.64    679       3959.95
330      5e-05         0.5                 5                  0.5               120            0.5                   2382.92  2421.76         38.84     0.88    486       3966.55
414      5e-05         0.5                 3                  0                 120            1                     2289.57  2330.74         41.17     0.94    513       3976.80
496      0.0001        0.2                 1                  0.5               120            1                     2073.20  2109.51         36.31     1.03    458       3998.58
546      5e-05         0.5                 1                  0.8               120            1                     2292.21  2337.86         45.64     0.96    561       3999.66
562      0.0001        0.7                 3                  0.8               120            1                     1771.08  1798.33         27.25     1.10    342       4008.21
192      5e-05         0                   0                  0                 120            0.5                   2747.96  2814.80         66.84     0.69    795       4015.29
210      5e-05         0.5                 1                  0                 120            0.5                   2685.26  2735.71         50.45     0.80    622       4019.70
100      0.0001        0.2                 0                  0.5               120            0.1                   2749.07  2799.95         50.89     0.66    624       4029.04
103      0.0001        0.5                 0                  0.5               120            0.1                   2685.48  2732.33         46.85     0.66    575       4029.55
30       5e-05         0.5                 3                  0                 120            0.1                   2731.75  2778.84         47.09     0.68    579       4030.31
447      5e-05         0.2                 1                  0.2               120            1                     2508.90  2559.53         50.62     0.87    624       4037.16
445      0.0001        0                   1                  0.2               120            1                     2050.23  2090.48         40.25     1.04    512       4043.86
462      5e-05         0.5                 3                  0.2               120            1                     2202.83  2243.61         40.78     1.02    508       4056.16
513      5e-05         0.7                 3                  0.5               120            1                     2164.03  2202.76         38.73     1.02    486       4056.20
448      0.0001        0.2                 1                  0.2               120            1                     2177.95  2214.88         36.94     0.99    469       4057.68
147      5e-05         0.2                 0                  0.8               120            0.1                   2714.75  2780.64         65.89     0.68    788       4061.86
538      0.0001        0.7                 0                  0.8               120            1                     2144.58  2181.09         36.51     0.97    460       4065.05
55       0.0001        0.5                 0                  0.2               120            0.1                   2646.63  2690.84         44.21     0.68    542       4078.70
474      5e-05         0.5                 5                  0.2               120            1                     2155.67  2193.41         37.74     1.01    472       4086.61
533      0.00015       0.2                 0                  0.8               120            1                     1764.96  1794.00         29.03     1.08    351       4087.66
498      5e-05         0.5                 1                  0.5               120            1                     2399.48  2445.74         46.25     0.99    575       4109.56
403      0.0001        0.5                 1                  0                 120            1                     2116.79  2152.23         35.43     0.98    445       4117.30
454      0.0001        0.7                 1                  0.2               120            1                     2113.28  2146.95         33.66     1.02    427       4138.74
491      0.00015       0.7                 0                  0.5               120            1                     1791.33  1818.73         27.40     1.14    332       4140.92
550      0.0001        0.7                 1                  0.8               120            1                     1915.46  1947.05         31.60     1.09    397       4193.55
499      0.0001        0.5                 1                  0.5               120            1                     2097.28  2130.83         33.55     1.08    422       4229.40
505      0.0001        0                   3                  0.5               120            1                     1707.02  1741.81         34.79     1.09    442       4250.64
549      5e-05         0.7                 1                  0.8               120            1                     2325.99  2369.55         43.56     1.03    536       4252.29
465      5e-05         0.7                 3                  0.2               120            1                     2352.01  2391.31         39.31     1.01    489       4254.50
532      0.0001        0.2                 0                  0.8               120            1                     2240.02  2281.94         41.92     0.94    526       4255.68
123      5e-05         0.2                 3                  0.5               120            0.1                   2638.91  2689.57         50.66     0.65    620       4259.44
541      0.0001        0                   1                  0.8               120            1                     1823.55  1864.34         40.79     1.04    510       4271.88
249      5e-05         0.7                 0                  0.2               120            0.5                   2803.23  2858.01         54.78     0.77    665       4304.85
451      0.0001        0.5                 1                  0.2               120            1                     2207.01  2241.13         34.12     1.03    434       4305.32
544      0.0001        0.2                 1                  0.8               120            1                     1934.55  1970.61         36.06     1.02    452       4322.11
535      0.0001        0.5                 0                  0.8               120            1                     2138.06  2175.76         37.70     1.02    476       4382.44
54       5e-05         0.5                 0                  0.2               120            0.1                   2872.40  2926.83         54.43     0.72    643       4631.63
547      0.0001        0.5                 1                  0.8               120            1                     1999.03  2031.50         32.47     1.12    409       4706.09
493      0.0001        0                   1                  0.5               120            1                     2088.74  2128.96         40.22     1.00    508       4744.91
