ticker,shock_et,session,venue,is_earnings,earnings_date,bucket,is_shock,close,ret_pct,cum_pct,notional,shares,prev_day_notional,vs_prev,vs_base,baseline,hl_ret_pct,hl_peak_nsig
AAPL,2026-01-29 17:20,postmarket,XNAS.BASIC,True,2026-01-29,17:10,False,259.76,,0.0,27297927.53,104702.0,1329762.16,20.52842858004021,0.4192781177214894,65106969.27935787,0.4360240777897761,30.45228584474952
AAPL,2026-01-29 17:20,postmarket,XNAS.BASIC,True,2026-01-29,17:15,False,259.2435,-0.19883738835848597,-0.19883738835848597,37884428.9271,145993.0,1736397.5439,21.81783144084071,0.5818797794833193,65106969.27935787,0.4360240777897761,30.45228584474952
AAPL,2026-01-29 17:20,postmarket,XNAS.BASIC,True,2026-01-29,17:20,True,265.83,2.540661578785963,2.336772405297194,224849415.43,851931.0,5538855.8438,40.594921003710276,3.4535383526336,65106969.27935787,0.4360240777897761,30.45228584474952
AAPL,2026-01-29 17:20,postmarket,XNAS.BASIC,True,2026-01-29,17:25,False,260.21,-2.1141330925779633,0.17323683400061185,186268054.6551,714840.0,1116023.22,166.90338634271427,2.8609541607730185,65106969.27935787,0.4360240777897761,30.45228584474952
AAPL,2026-01-29 17:20,postmarket,XNAS.BASIC,True,2026-01-29,17:30,False,260.0,-0.08070404673148346,0.09239297813365965,53099032.449999996,204092.0,1035463.5271999999,51.28044692562494,0.8155660298387597,65106969.27935787,0.4360240777897761,30.45228584474952
AMD,2026-02-24 07:05,premarket,XNAS.BASIC,False,,06:55,False,197.4,,0.0,84494.2,428.0,185620.05,0.4551997480875584,0.0018592928510705307,45444266.593802325,2.149321266968318,8.84136367122967
AMD,2026-02-24 07:05,premarket,XNAS.BASIC,False,,07:00,False,221.28,12.097264437689969,12.097264437689969,118332646.7,541108.0,682702.05,173.32985407030782,2.6039070617576687,45444266.593802325,2.149321266968318,8.84136367122967
AMD,2026-02-24 07:05,premarket,XNAS.BASIC,False,,07:05,True,225.8,2.0426608821402903,14.387031408308015,94789308.08000001,421167.0,239656.65000000002,395.5212929831073,2.0858364582547217,45444266.593802325,2.149321266968318,8.84136367122967
AMD,2026-02-24 07:05,premarket,XNAS.BASIC,False,,07:10,False,223.37,-1.07617360496014,13.156028368794326,62239788.73,277108.0,188209.33000000002,330.6944917661627,1.3695850630910664,45444266.593802325,2.149321266968318,8.84136367122967
AMD,2026-02-24 07:05,premarket,XNAS.BASIC,False,,07:15,False,221.07,-1.029681694050233,11.990881458966562,45424577.79000001,205266.0,60520.84,750.5609272772818,0.9995667483430131,45444266.593802325,2.149321266968318,8.84136367122967
AMD,2026-06-07 20:00,overnight,OCEA.MEMOIR,False,,19:50,False,,,,0.0,0.0,0.0,,0.0,160208002.43791473,2.1839302171071,10.392221760455405
AMD,2026-06-07 20:00,overnight,OCEA.MEMOIR,False,,19:55,False,,,,0.0,0.0,0.0,,0.0,160208002.43791473,2.1839302171071,10.392221760455405
AMD,2026-06-07 20:00,overnight,OCEA.MEMOIR,False,,20:00,True,477.52,,,4518237.699999999,9569.0,0.0,,0.028202322176452754,160208002.43791473,2.1839302171071,10.392221760455405
AMD,2026-06-07 20:00,overnight,OCEA.MEMOIR,False,,20:05,False,474.36,-0.6617523873345577,,4171750.59,8814.0,0.0,,0.026039589324613636,160208002.43791473,2.1839302171071,10.392221760455405
AMD,2026-06-07 20:00,overnight,OCEA.MEMOIR,False,,20:10,False,473.0,-0.2867020828063116,,3035987.48,6423.0,0.0,,0.018950286089338974,160208002.43791473,2.1839302171071,10.392221760455405
AMD,2026-07-23 16:00,postmarket,XNAS.BASIC,False,,15:50,False,537.4,,0.0,162280914.4354,301656.0,176463175.4852,0.9196304780824403,1.6085586873571054,100885914.6457571,2.178507861168799,13.32368411285048
AMD,2026-07-23 16:00,postmarket,XNAS.BASIC,False,,15:55,False,539.5662,0.4030889467808052,0.4030889467808052,203188743.25800002,376868.0,173845885.24479997,1.1687866121874617,2.0140447154735233,100885914.6457571,2.178507861168799,13.32368411285048
AMD,2026-07-23 16:00,postmarket,XNAS.BASIC,False,,16:00,True,551.28,2.1709662317617395,2.5828061034611105,190844315.51999998,347658.0,54137723.575,3.525163285737582,1.891684445644526,100885914.6457571,2.178507861168799,13.32368411285048
AMD,2026-07-23 16:00,postmarket,XNAS.BASIC,False,,16:05,False,556.06,0.8670729937599653,3.472273911425372,78962489.89999999,142341.0,21279227.4196,3.710778043909092,0.782690925460335,100885914.6457571,2.178507861168799,13.32368411285048
AMD,2026-07-23 16:00,postmarket,XNAS.BASIC,False,,16:10,False,554.7675,-0.23243894543752974,3.2317640491254407,42243357.1131,75940.0,8239828.6026,5.12672764816619,0.4187240335921027,100885914.6457571,2.178507861168799,13.32368411285048
AMD,2026-02-03 16:15,postmarket,XNAS.BASIC,True,2026-02-03,16:05,False,242.8537,,0.0,17305585.1936,71044.0,26112307.268,0.6627367323762912,0.23591219725589857,73356042.60778552,-6.973868601104616,34.98966375907853
AMD,2026-02-03 16:15,postmarket,XNAS.BASIC,True,2026-02-03,16:10,False,243.56,0.29083353475776175,0.29083353475776175,19303861.71,79590.0,4283941.88,4.50609794687504,0.2631529867718248,73356042.60778552,-6.973868601104616,34.98966375907853
AMD,2026-02-03 16:15,postmarket,XNAS.BASIC,True,2026-02-03,16:15,True,229.27,-5.867137460995231,-5.593367529504389,237030087.57999998,1013970.0,5676430.64,41.75688960413335,3.231227846454781,73356042.60778552,-6.973868601104616,34.98966375907853
AMD,2026-02-03 16:15,postmarket,XNAS.BASIC,True,2026-02-03,16:20,False,232.84,1.557116064029307,-4.1233466897971915,172825356.7988,747248.0,10371282.46,16.663836653312014,2.3559798300850194,73356042.60778552,-6.973868601104616,34.98966375907853
AMD,2026-02-03 16:15,postmarket,XNAS.BASIC,True,2026-02-03,16:25,False,230.4,-1.0479299089503513,-5.128066815535448,130093095.75999999,560320.0,24420785.6762,5.327146205897302,1.7734475734408384,73356042.60778552,-6.973868601104616,34.98966375907853
AMD,2026-05-05 16:15,postmarket,XNAS.BASIC,True,2026-05-05,16:05,False,355.94,,0.0,25884713.79,72820.0,4557061.75,5.680132333076242,0.2141320554847321,120882012.41707882,5.258426966292151,16.544022837502336
AMD,2026-05-05 16:15,postmarket,XNAS.BASIC,True,2026-05-05,16:10,False,355.76,-0.050570320840592764,-0.050570320840592764,18435265.7793,51772.0,8506943.959999999,2.1670844272612326,0.15250627790421672,120882012.41707882,5.258426966292151,16.544022837502336
AMD,2026-05-05 16:15,postmarket,XNAS.BASIC,True,2026-05-05,16:15,True,360.5,1.3323588936361652,1.281114794628313,441646987.0443,1254319.0,1217517.635,362.74381113526954,3.6535376787117575,120882012.41707882,5.258426966292151,16.544022837502336
AMD,2026-05-05 16:15,postmarket,XNAS.BASIC,True,2026-05-05,16:20,False,371.32,3.0013869625520107,4.320952969601621,371313243.37,1010821.0,6873484.09,54.02111047441153,3.0716997173149228,120882012.41707882,5.258426966292151,16.544022837502336
AMD,2026-05-05 16:15,postmarket,XNAS.BASIC,True,2026-05-05,16:25,False,379.74,2.2675859097274653,6.686520200033708,346008788.45,917551.0,4786825.759,72.2835561330905,2.862367870383949,120882012.41707882,5.258426966292151,16.544022837502336
AMZN,2026-02-05 16:00,postmarket,XNAS.BASIC,True,2026-02-05,15:50,False,222.41,,0.0,268886993.456,1210847.0,161536039.9797,1.6645634837265455,3.203907661974533,83924701.27877776,-8.819569120287252,74.2732445277444
AMZN,2026-02-05 16:00,postmarket,XNAS.BASIC,True,2026-02-05,15:55,False,222.82,0.18434422912638748,0.18434422912638748,333072785.47609997,1494444.0,189434286.4343,1.7582497431985047,3.96870981249861,83924701.27877776,-8.819569120287252,74.2732445277444
AMZN,2026-02-05 16:00,postmarket,XNAS.BASIC,True,2026-02-05,16:00,True,199.9882,-10.246746252580552,-10.08129130884402,499917031.802,2454828.0,277631941.86,1.8006466707425564,5.956732930646906,83924701.27877776,-8.819569120287252,74.2732445277444
AMZN,2026-02-05 16:00,postmarket,XNAS.BASIC,True,2026-02-05,16:05,False,203.1,1.5559918035163989,-8.682163571781842,521063721.37,2587532.0,24744232.36,21.057986919502078,6.208705106249364,83924701.27877776,-8.819569120287252,74.2732445277444
AMZN,2026-02-05 16:00,postmarket,XNAS.BASIC,True,2026-02-05,16:10,False,207.1772,2.0074839980305237,-6.848972618137672,345973175.01,1673080.0,9194572.3812,37.627978840800246,4.122423669531571,83924701.27877776,-8.819569120287252,74.2732445277444
AMZN,2026-04-29 16:00,postmarket,XNAS.BASIC,True,2026-04-29,15:50,False,262.4957,,0.0,269519993.2294,1027041.0,137966306.3162,1.9535203951296403,3.6070602372182505,74720125.3942054,-0.8918067625516946,23.617677522448588
AMZN,2026-04-29 16:00,postmarket,XNAS.BASIC,True,2026-04-29,15:55,False,262.5501,0.020724149005113546,0.020724149005113546,259717765.9125,989071.0,260374071.217,0.9974793753408993,3.47587433161135,74720125.3942054,-0.8918067625516946,23.617677522448588
AMZN,2026-04-29 16:00,postmarket,XNAS.BASIC,True,2026-04-29,16:00,True,259.0,-1.352160978038086,-1.33171705288887,209417372.0,806381.0,64423281.599999994,3.2506473870775316,2.80269031797209,74720125.3942054,-0.8918067625516946,23.617677522448588
AMZN,2026-04-29 16:00,postmarket,XNAS.BASIC,True,2026-04-29,16:05,False,263.0,1.5444015444015413,0.19211743278080284,251414389.7825,956917.0,3305893.52,76.05035923313707,3.3647479638999287,74720125.3942054,-0.8918067625516946,23.617677522448588
AMZN,2026-04-29 16:00,postmarket,XNAS.BASIC,True,2026-04-29,16:10,False,254.25,-3.3269961977186346,-3.141270504621596,152339151.25,588470.0,3342051.8421,45.582521889988605,2.0387967826110476,74720125.3942054,-0.8918067625516946,23.617677522448588
ARM,2026-06-24 16:05,postmarket,XNAS.BASIC,False,,15:55,False,357.46,,0.0,71974105.344,201395.0,68888560.9365,1.0447903739830504,2.647866049498775,27181928.3900801,2.085862487584156,12.347235800563087
ARM,2026-06-24 16:05,postmarket,XNAS.BASIC,False,,16:00,False,362.4693,1.4013595926817057,1.4013595926817057,2658019.9012999996,7337.0,784550.0588,3.387954498869766,0.09778628885910941,27181928.3900801,2.085862487584156,12.347235800563087
ARM,2026-06-24 16:05,postmarket,XNAS.BASIC,False,,16:05,True,375.41,3.570150630687907,5.021540871705943,16729593.9089,45336.0,1674032.4891,9.993589740838441,0.615467514622891,27181928.3900801,2.085862487584156,12.347235800563087
ARM,2026-06-24 16:05,postmarket,XNAS.BASIC,False,,16:10,False,368.53,-1.8326629551690288,3.0968499972024777,8934054.3488,24112.0,630295.63,14.174387261418898,0.3286762521256746,27181928.3900801,2.085862487584156,12.347235800563087
ARM,2026-06-24 16:05,postmarket,XNAS.BASIC,False,,16:15,False,368.9412,0.11157843323474914,3.211883847143726,3297669.9907,8934.0,1306404.5028,2.5242334848296575,0.12131847098469536,27181928.3900801,2.085862487584156,12.347235800563087
BABA,2026-03-25 01:35,overnight,OCEA.MEMOIR,False,,01:25,False,128.49,,0.0,2768789.59,21617.0,0.0,,0.45554017885103537,6078035.96377261,2.327927368666094,6.875573283259603
BABA,2026-03-25 01:35,overnight,OCEA.MEMOIR,False,,01:30,False,128.61,0.09339248190520788,0.09339248190520788,2501864.94,19412.0,0.0,,0.41162391188733666,6078035.96377261,2.327927368666094,6.875573283259603
BABA,2026-03-25 01:35,overnight,OCEA.MEMOIR,False,,01:35,True,132.0,2.6358759038954904,2.7317300957272916,6911323.23,52807.0,0.0,,1.1370981137976308,6078035.96377261,2.327927368666094,6.875573283259603
BABA,2026-03-25 01:35,overnight,OCEA.MEMOIR,False,,01:40,False,132.91,0.6893939393939341,3.4399564168417607,13812054.26,103715.0,0.0,,2.272453526488665,6078035.96377261,2.327927368666094,6.875573283259603
BABA,2026-03-25 01:35,overnight,OCEA.MEMOIR,False,,01:45,False,131.42,-1.1210593634790489,2.2803330998521165,6448336.7299999995,48909.0,0.0,,1.0609244118387127,6078035.96377261,2.327927368666094,6.875573283259603
BABA,2026-07-08 01:00,overnight,OCEA.MEMOIR,False,,00:50,False,105.05,,0.0,994612.56,9473.0,0.0,,0.17410539661355473,5712703.795205426,2.216514459665153,6.550093490638179
BABA,2026-07-08 01:00,overnight,OCEA.MEMOIR,False,,00:55,False,105.12,0.06663493574488033,0.06663493574488033,1259781.72,11987.0,0.0,,0.22052284962810656,5712703.795205426,2.216514459665153,6.550093490638179
BABA,2026-07-08 01:00,overnight,OCEA.MEMOIR,False,,01:00,True,107.45,2.216514459665153,2.2846263683960144,7845702.85,73628.0,0.0,,1.3733781990560692,5712703.795205426,2.216514459665153,6.550093490638179
BABA,2026-07-08 01:00,overnight,OCEA.MEMOIR,False,,01:05,False,108.34,0.8282922289436945,3.131841980009531,5770245.66,53522.0,0.0,,1.01007261479982,5712703.795205426,2.216514459665153,6.550093490638179
BABA,2026-07-08 01:00,overnight,OCEA.MEMOIR,False,,01:10,False,108.16,-0.16614362193096976,2.960495002379826,7570914.220000001,70320.0,0.0,,1.3252768726350102,5712703.795205426,2.216514459665153,6.550093490638179
BABA,2026-05-13 05:40,premarket,XNAS.BASIC,True,2026-05-13,05:30,False,137.1,,0.0,19599768.6,144380.0,324685.26999999996,60.36543819804331,1.4541846440839568,13478184.273047803,-2.4345930232558044,10.940107359423456
BABA,2026-05-13 05:40,premarket,XNAS.BASIC,True,2026-05-13,05:35,False,136.84,-0.189642596644779,-0.189642596644779,10395262.325,75537.0,100759.55,103.16900308705229,0.7712657813847602,13478184.273047803,-2.4345930232558044,10.940107359423456
BABA,2026-05-13 05:40,premarket,XNAS.BASIC,True,2026-05-13,05:40,True,134.0,-2.0754165448699236,-2.2611232676878146,8083816.527799999,59641.0,57945.984500000006,139.50606927387693,0.5997704411836192,13478184.273047803,-2.4345930232558044,10.940107359423456
BABA,2026-05-13 05:40,premarket,XNAS.BASIC,True,2026-05-13,05:45,False,133.9,-0.07462686567163423,-2.334062727935804,6824615.0274,51151.0,120212.5889,56.77121747271512,0.5063452828024556,13478184.273047803,-2.4345930232558044,10.940107359423456
BABA,2026-05-13 05:40,premarket,XNAS.BASIC,True,2026-05-13,05:50,False,132.01,-1.4115011202390004,-3.7126185266229017,6372018.46,47992.0,139876.12,45.554726997002774,0.47276534664554665,13478184.273047803,-2.4345930232558044,10.940107359423456
BB,2026-05-28 20:20,overnight,OCEA.MEMOIR,False,,20:10,False,9.05,,0.0,80789.89,8843.0,0.0,,0.02832416926134545,2852330.433932816,3.5795009511021547,5.140691399328216
BB,2026-05-28 20:20,overnight,OCEA.MEMOIR,False,,20:15,False,8.95,-1.1049723756906271,-1.1049723756906271,20510.590000000004,2283.0,0.0,,0.007190818341379837,2852330.433932816,3.5795009511021547,5.140691399328216
BB,2026-05-28 20:20,overnight,OCEA.MEMOIR,False,,20:20,True,9.23,3.1284916201117507,1.9889502762430844,54568.850000000006,5922.0,0.0,,0.019131321305140666,2852330.433932816,3.5795009511021547,5.140691399328216
BB,2026-05-28 20:20,overnight,OCEA.MEMOIR,False,,20:25,False,9.16,-0.7583965330444253,1.2154696132596676,11250.8,1229.0,0.0,,0.003944423782796899,2852330.433932816,3.5795009511021547,5.140691399328216
BB,2026-05-28 20:20,overnight,OCEA.MEMOIR,False,,20:30,False,9.13,-0.3275109170305601,0.8839779005524795,22826.27,2481.0,0.0,,0.00800267378857889,2852330.433932816,3.5795009511021547,5.140691399328216
BB,2026-06-02 17:15,postmarket,XNAS.BASIC,False,,17:05,False,10.79,,0.0,104013.42540000001,9655.0,28033.3122,3.710350908873337,0.04253039195880888,2445625.8362428937,7.27986846912676,6.971936812703256
BB,2026-06-02 17:15,postmarket,XNAS.BASIC,False,,17:10,False,10.9316,1.3123262279888914,1.3123262279888914,1088253.1827999998,100593.0,22221.5638,48.972844242402054,0.44497942680873653,2445625.8362428937,7.27986846912676,6.971936812703256
BB,2026-06-02 17:15,postmarket,XNAS.BASIC,False,,17:15,True,11.33,3.6444802224743,5.004633920296575,1642680.2163,147524.0,119407.63690000001,13.756910855506595,0.6716809218958761,2445625.8362428937,7.27986846912676,6.971936812703256
BB,2026-06-02 17:15,postmarket,XNAS.BASIC,False,,17:20,False,11.5493,1.935569285083849,7.037071362372571,4178045.0311000003,361481.0,44536.9092,93.81084377314626,1.7083745882888386,2445625.8362428937,7.27986846912676,6.971936812703256
BB,2026-06-02 17:15,postmarket,XNAS.BASIC,False,,17:25,False,11.34,-1.8122310443057232,5.097312326227987,1646327.8669999999,144384.0,2896120.7489000005,0.5684596775273631,0.6731724217998859,2445625.8362428937,7.27986846912676,6.971936812703256
BB,2026-06-03 16:30,postmarket,XNAS.BASIC,False,,16:20,False,10.0,,0.0,166963.49,16669.0,1036416.0,0.1610969822928245,0.05624475064221046,2968516.8499031006,-4.024650342479797,7.172502455010097
BB,2026-06-03 16:30,postmarket,XNAS.BASIC,False,,16:25,False,9.75,-2.500000000000002,-2.500000000000002,428658.1,43565.0,628760.1708,0.6817513575241239,0.1444014373757024,2968516.8499031006,-4.024650342479797,7.172502455010097
BB,2026-06-03 16:30,postmarket,XNAS.BASIC,False,,16:30,True,9.43,-3.2820512820512904,-5.700000000000005,1017252.1814,106390.0,787223.6,1.292202344289475,0.34268027868300815,2968516.8499031006,-4.024650342479797,7.172502455010097
BB,2026-06-03 16:30,postmarket,XNAS.BASIC,False,,16:35,False,9.38,-0.5302226935312682,-6.199999999999994,1675270.2,178189.0,697761.8271,2.4009198195359405,0.5643458618247981,2968516.8499031006,-4.024650342479797,7.172502455010097
BB,2026-06-03 16:30,postmarket,XNAS.BASIC,False,,16:40,False,9.4199,0.4253731343283551,-5.801,1290927.3978,137657.0,234500.3445,5.50501279881915,0.4348728550562678,2968516.8499031006,-4.024650342479797,7.172502455010097
BB,2026-06-24 21:05,overnight,OCEA.MEMOIR,False,,20:55,False,9.32,,0.0,561599.59,60252.0,0.0,,0.5100801698847908,1101002.593625323,-2.7903751320887515,5.674974587699829
BB,2026-06-24 21:05,overnight,OCEA.MEMOIR,False,,21:00,False,9.07,-2.682403433476399,-2.682403433476399,513693.97,56287.0,0.0,,0.46656926420902944,1101002.593625323,-2.7903751320887515,5.674974587699829
BB,2026-06-24 21:05,overnight,OCEA.MEMOIR,False,,21:05,True,8.81,-2.866593164277842,-5.4721030042918395,848735.8400000001,94820.0,0.0,,0.7708754229227814,1101002.593625323,-2.7903751320887515,5.674974587699829
BB,2026-06-24 21:05,overnight,OCEA.MEMOIR,False,,21:10,False,8.56,-2.8376844494892195,-8.154506437768239,304215.5,35094.0,0.0,,0.2763077051419973,1101002.593625323,-2.7903751320887515,5.674974587699829
BB,2026-06-24 21:05,overnight,OCEA.MEMOIR,False,,21:15,False,8.85,3.3878504672897103,-5.04291845493563,317792.44999999995,36177.0,0.0,,0.28863914748246855,1101002.593625323,-2.7903751320887515,5.674974587699829
BB,2026-06-29 08:35,premarket,XNAS.BASIC,False,,08:25,False,11.3801,,0.0,98735.1531,8672.0,236373.3733,0.4177084403440292,0.025873491364718424,3816073.8227480617,-2.677151440183767,5.365022362124175
BB,2026-06-29 08:35,premarket,XNAS.BASIC,False,,08:30,False,11.35,-0.2644967970404588,-0.2644967970404588,179041.405,15780.0,60603.090000000004,2.954327988886375,0.046917699530002084,3816073.8227480617,-2.677151440183767,5.365022362124175
BB,2026-06-29 08:35,premarket,XNAS.BASIC,False,,08:35,True,11.0848,-2.336563876651987,-2.5948805370778927,760376.0028,67965.0,52563.37,14.465891414496445,0.19925610407935765,3816073.8227480617,-2.677151440183767,5.365022362124175
BB,2026-06-29 08:35,premarket,XNAS.BASIC,False,,08:40,False,11.22,1.2196882217090144,-1.4068417676470268,1209260.98,109191.0,178486.788,6.775072785779527,0.3168861600086073,3816073.8227480617,-2.677151440183767,5.365022362124175
BB,2026-06-29 08:35,premarket,XNAS.BASIC,False,,08:45,False,11.25,0.2673796791443861,-1.1432236975070564,328497.5666,29198.0,159102.55880000003,2.0646906566282075,0.08608260265872941,3816073.8227480617,-2.677151440183767,5.365022362124175
BB,2026-06-25 07:00,premarket,XNAS.BASIC,True,2026-06-25,06:50,False,9.19,,0.0,56673.52,6168.0,0.0,,0.02544913549088021,2226933.013905685,2.742611404875261,5.349276653718742
BB,2026-06-25 07:00,premarket,XNAS.BASIC,True,2026-06-25,06:55,False,9.09,-1.088139281828071,-1.088139281828071,91523.439,10036.0,10289.880000000001,8.894509848511351,0.04109842479701825,2226933.013905685,2.742611404875261,5.349276653718742
BB,2026-06-25 07:00,premarket,XNAS.BASIC,True,2026-06-25,07:00,True,9.34,2.7502750275027577,1.6322089227421177,1644056.0068,177188.0,126530.45999999999,12.993361494141412,0.7382601975604952,2226933.013905685,2.742611404875261,5.349276653718742
BB,2026-06-25 07:00,premarket,XNAS.BASIC,True,2026-06-25,07:05,False,9.32,-0.21413276231262435,1.414581066376508,941180.4904,99700.0,107166.54999999999,8.782409160321015,0.42263529460606436,2226933.013905685,2.742611404875261,5.349276653718742
BB,2026-06-25 07:00,premarket,XNAS.BASIC,True,2026-06-25,07:10,False,9.19,-1.3948497854077369,0.0,409350.2707,44353.0,46967.6458,8.715579921614891,0.18381795417459143,2226933.013905685,2.742611404875261,5.349276653718742
BE,2026-07-01 09:25,premarket,XNAS.BASIC,False,,09:15,False,302.99,,0.0,14141715.01,46952.0,5439349.5046999995,2.5998908505108034,0.6403441249663466,22084554.942614987,-4.000402387499169,5.208487849649376
BE,2026-07-01 09:25,premarket,XNAS.BASIC,False,,09:20,False,297.41,-1.841644938776854,-1.841644938776854,15476455.2044,52052.0,3012546.9,5.137332535603014,0.7007818470697904,22084554.942614987,-4.000402387499169,5.208487849649376
BE,2026-07-01 09:25,premarket,XNAS.BASIC,False,,09:25,True,293.41,-1.344944689149663,-3.1618205221294327,13162199.780000001,44407.0,1215406.0444,10.829467107428844,0.5959911718484235,22084554.942614987,-4.000402387499169,5.208487849649376
BE,2026-07-01 09:25,premarket,XNAS.BASIC,False,,09:30,False,303.3652,3.3929313929313976,0.12383246971847672,134561771.7436,442789.0,65252545.47,2.062168928037682,6.093026193792376,22084554.942614987,-4.000402387499169,5.208487849649376
BE,2026-07-01 09:25,premarket,XNAS.BASIC,False,,09:35,False,306.3187,0.9735790393888166,1.098617116076439,111831696.126,365428.0,70642211.67,1.5830718416407135,5.063796685809881,22084554.942614987,-4.000402387499169,5.208487849649376
BOT,2026-07-02 04:25,premarket,XNAS.BASIC,False,,04:15,False,38.9,,0.0,77.89,2.0,0.0,,0.00016658917313706293,467557.39603746764,-7.329693187727515,6.202756758522952
BOT,2026-07-02 04:25,premarket,XNAS.BASIC,False,,04:20,False,38.4,-1.285347043701801,-1.285347043701801,9068.840000000002,235.0,15475.970000000001,0.5859949327893503,0.019396206918889745,467557.39603746764,-7.329693187727515,6.202756758522952
BOT,2026-07-02 04:25,premarket,XNAS.BASIC,False,,04:25,True,37.0,-3.645833333333326,-4.884318766066831,62917.4,1689.0,53152.22,1.183721018614086,0.1345661528043888,467557.39603746764,-7.329693187727515,6.202756758522952
BOT,2026-07-02 04:25,premarket,XNAS.BASIC,False,,04:30,False,34.12,-7.783783783783793,-12.287917737789211,149867.40999999997,4362.0,0.0,,0.32053264747840793,467557.39603746764,-7.329693187727515,6.202756758522952
BOT,2026-07-02 04:25,premarket,XNAS.BASIC,False,,04:35,False,35.24,3.282532239155933,-9.40874035989716,8601.44,246.0,793.0752,10.845680207879404,0.018396543553576308,467557.39603746764,-7.329693187727515,6.202756758522952
CBRS,2026-05-15 05:45,premarket,XNAS.BASIC,False,,05:35,False,310.1661,,0.0,1262499.5334,4057.0,0.0,,0.011006303555070235,114706951.98283978,-2.796228493665553,6.288796465908246
CBRS,2026-05-15 05:45,premarket,XNAS.BASIC,False,,05:40,False,307.77,-0.7725215618341275,-0.7725215618341275,909258.7042,2941.0,0.0,,0.007926796837353202,114706951.98283978,-2.796228493665553,6.288796465908246
CBRS,2026-05-15 05:45,premarket,XNAS.BASIC,False,,05:45,True,299.0,-2.8495304935503674,-3.600038817910778,12730736.174,42962.0,0.0,,0.11098487017512701,114706951.98283978,-2.796228493665553,6.288796465908246
CBRS,2026-05-15 05:45,premarket,XNAS.BASIC,False,,05:50,False,300.0,0.33444816053511683,-3.277630920980712,4073433.02,13729.0,0.0,,0.035511649028991614,114706951.98283978,-2.796228493665553,6.288796465908246
CBRS,2026-05-15 05:45,premarket,XNAS.BASIC,False,,05:55,False,302.03,0.6766666666666588,-2.623142890212693,2651491.1999999997,8778.0,0.0,,0.023115348757559735,114706951.98283978,-2.796228493665553,6.288796465908246
CBRS,2026-07-01 09:25,premarket,XNAS.BASIC,False,,09:15,False,209.79,,0.0,7074598.4656,33936.0,519373.4127,13.621410516226065,0.5670726422302471,12475647.630921187,3.380375703251648,7.371857198504241
CBRS,2026-07-01 09:25,premarket,XNAS.BASIC,False,,09:20,False,209.89,0.0476667143333831,0.0476667143333831,798481.35,3806.0,208505.3565,3.8295483790125076,0.06400319836069633,12475647.630921187,3.380375703251648,7.371857198504241
CBRS,2026-07-01 09:25,premarket,XNAS.BASIC,False,,09:25,True,216.0,2.9110486445280914,2.9601029601029616,6895325.3728,32183.0,3457583.83,1.9942612274421703,0.5527027996293975,12475647.630921187,3.380375703251648,7.371857198504241
CBRS,2026-07-01 09:25,premarket,XNAS.BASIC,False,,09:30,False,211.82,-1.9351851851851842,0.9676343009676458,8801729.38,41265.0,32717655.1185,0.2690207885657159,0.705512823092623,12475647.630921187,3.380375703251648,7.371857198504241
CBRS,2026-07-01 09:25,premarket,XNAS.BASIC,False,,09:35,False,218.14,2.9836653762628673,3.980170646837311,21274851.45,98950.0,48616331.019999996,0.43760709629132355,1.7053103838288746,12475647.630921187,3.380375703251648,7.371857198504241
CBRS,2026-07-08 04:35,premarket,XNAS.BASIC,False,,04:25,False,172.34,,0.0,352258.5,2042.0,28993.5,12.149568006622173,0.05612400974392258,6276431.452550386,-2.266026937973298,5.082574807343017
CBRS,2026-07-08 04:35,premarket,XNAS.BASIC,False,,04:30,False,172.42,0.04641986770337336,0.04641986770337336,156336.96,906.0,3769.8999999999996,41.469789649592826,0.024908574431490606,6276431.452550386,-2.266026937973298,5.082574807343017
CBRS,2026-07-08 04:35,premarket,XNAS.BASIC,False,,04:35,True,170.27,-1.2469551096160436,-1.2011140768248718,129115.19110000001,755.0,54687.229999999996,2.3609751508716026,0.020571433317818664,6276431.452550386,-2.266026937973298,5.082574807343017
CBRS,2026-07-08 04:35,premarket,XNAS.BASIC,False,,04:40,False,171.03,0.4463499148411376,-0.7601253336428027,287740.0366,1688.0,47313.57,6.081554120731114,0.045844527861939564,6276431.452550386,-2.266026937973298,5.082574807343017
CBRS,2026-07-08 04:35,premarket,XNAS.BASIC,False,,04:45,False,172.837,1.0565397883412153,0.2883834281072195,58149.407999999996,338.0,1696.5,34.27610256410256,0.009264724460006868,6276431.452550386,-2.266026937973298,5.082574807343017
CBRS,2026-06-23 16:55,postmarket,XNAS.BASIC,True,2026-06-23,16:45,False,219.5,,0.0,14448819.57,65455.0,35133.29,411.2572312470594,1.689105740371121,8554123.773698967,-3.688411780897327,9.56804207914066
CBRS,2026-06-23 16:55,postmarket,XNAS.BASIC,True,2026-06-23,16:50,False,218.8187,-0.31038724373575466,-0.31038724373575466,17950911.6802,83507.0,221582.2458,81.01240970543498,2.098509696036077,8554123.773698967,-3.688411780897327,9.56804207914066
CBRS,2026-06-23 16:55,postmarket,XNAS.BASIC,True,2026-06-23,16:55,True,210.09,-3.9890100800342942,-4.287015945330297,13215102.38,62319.0,78936.7634,167.4137855517902,1.5448808936611327,8554123.773698967,-3.688411780897327,9.56804207914066
CBRS,2026-06-23 16:55,postmarket,XNAS.BASIC,True,2026-06-23,17:00,False,211.48,0.6616212099576302,-3.653758542141239,14598542.125,69832.0,462544.625,31.561370159689996,1.7066087084086359,8554123.773698967,-3.688411780897327,9.56804207914066
CBRS,2026-06-23 16:55,postmarket,XNAS.BASIC,True,2026-06-23,17:05,False,209.99,-0.704558350671447,-4.3325740318906565,9389948.78,44670.0,315187.917,29.791588679460702,1.0977101838146077,8554123.773698967,-3.688411780897327,9.56804207914066
COIN,2025-11-30 20:00,overnight,OCEA.MEMOIR,False,,19:50,False,,,,0.0,0.0,0.0,,0.0,23265223.362223513,-3.297837061056041,15.441771879426035
COIN,2025-11-30 20:00,overnight,OCEA.MEMOIR,False,,19:55,False,,,,0.0,0.0,0.0,,0.0,23265223.362223513,-3.297837061056041,15.441771879426035
COIN,2025-11-30 20:00,overnight,OCEA.MEMOIR,False,,20:00,True,261.66,,,7044028.21,27014.0,0.0,,0.3027707106151241,23265223.362223513,-3.297837061056041,15.441771879426035
COIN,2025-11-30 20:00,overnight,OCEA.MEMOIR,False,,20:05,False,263.0,0.5121149583428686,,2377430.9,9081.0,0.0,,0.10218818289362785,23265223.362223513,-3.297837061056041,15.441771879426035
COIN,2025-11-30 20:00,overnight,OCEA.MEMOIR,False,,20:10,False,261.5,-0.5703422053231932,,2398858.46,9189.0,0.0,,0.1031091953277828,23265223.362223513,-3.297837061056041,15.441771879426035
COIN,2026-02-12 16:05,postmarket,XNAS.BASIC,True,2026-02-12,15:55,False,141.5401,,0.0,57675307.4141,407141.0,41619644.3214,1.3857712711024897,3.5908717254914686,16061645.14445478,-0.0070264193366975,21.117352029605755
COIN,2026-02-12 16:05,postmarket,XNAS.BASIC,True,2026-02-12,16:00,False,141.09,-0.3180017535666546,-0.3180017535666546,21560712.240000002,152830.0,346328.2,62.255144801953755,1.3423725929746215,16061645.14445478,-0.0070264193366975,21.117352029605755
COIN,2026-02-12 16:05,postmarket,XNAS.BASIC,True,2026-02-12,16:05,True,136.5,-3.253242611099305,-3.5608989961148807,19542930.46,141569.0,1409194.2820000001,13.86815906765083,1.2167452514506039,16061645.14445478,-0.0070264193366975,21.117352029605755
COIN,2026-02-12 16:05,postmarket,XNAS.BASIC,True,2026-02-12,16:10,False,141.97,4.007326007326006,0.30373017964520077,21543572.0022,155667.0,883509.4423999998,24.384088011191135,1.3413054396633732,16061645.14445478,-0.0070264193366975,21.117352029605755
COIN,2026-02-12 16:05,postmarket,XNAS.BASIC,True,2026-02-12,16:15,False,143.48,1.063604986969069,1.3705656559519053,17287663.78,121892.0,122722.0136,140.86848213188054,1.0763320708755977,16061645.14445478,-0.0070264193366975,21.117352029605755
COIN,2026-05-07 16:10,postmarket,XNAS.BASIC,True,2026-05-07,16:00,False,194.0,,0.0,1165552.0,6008.0,530118.96,2.1986612212473973,0.11103795387645851,10496879.30396124,-3.2418693915659547,13.211850001674533
COIN,2026-05-07 16:10,postmarket,XNAS.BASIC,True,2026-05-07,16:05,False,190.8981,-1.5989175257731914,-1.5989175257731914,4151165.6485,21345.0,648598.07,6.400212767361458,0.39546664568520495,10496879.30396124,-3.2418693915659547,13.211850001674533
COIN,2026-05-07 16:10,postmarket,XNAS.BASIC,True,2026-05-07,16:10,True,190.0,-0.47046041841171116,-2.0618556701030966,9349038.7294,48918.0,903145.9299999999,10.351636893718826,0.890649350028434,10496879.30396124,-3.2418693915659547,13.211850001674533
COIN,2026-05-07 16:10,postmarket,XNAS.BASIC,True,2026-05-07,16:15,False,186.25,-1.9736842105263164,-3.994845360824739,14911454.61,80540.0,2200835.09,6.775362078582635,1.420560737930255,10496879.30396124,-3.2418693915659547,13.211850001674533
COIN,2026-05-07 16:10,postmarket,XNAS.BASIC,True,2026-05-07,16:20,False,184.75,-0.8053691275167751,-4.768041237113407,9186995.914,49765.0,325311.4209,28.240619061524008,0.8752121128546344,10496879.30396124,-3.2418693915659547,13.211850001674533
CRCL,2026-03-08 20:00,overnight,OCEA.MEMOIR,False,,19:50,False,,,,0.0,0.0,0.0,,0.0,9751404.095494831,0.8704509676821903,9.769807078624137
CRCL,2026-03-08 20:00,overnight,OCEA.MEMOIR,False,,19:55,False,,,,0.0,0.0,0.0,,0.0,9751404.095494831,0.8704509676821903,9.769807078624137
CRCL,2026-03-08 20:00,overnight,OCEA.MEMOIR,False,,20:00,True,99.33,,,3370305.3899999997,33825.0,0.0,,0.34562257465641155,9751404.095494831,0.8704509676821903,9.769807078624137
CRCL,2026-03-08 20:00,overnight,OCEA.MEMOIR,False,,20:05,False,97.99,-1.349038558340887,,2044051.72,20842.0,0.0,,0.2096161434786972,9751404.095494831,0.8704509676821903,9.769807078624137
CRCL,2026-03-08 20:00,overnight,OCEA.MEMOIR,False,,20:10,False,97.97,-0.020410245943458527,,926328.56,9440.0,0.0,,0.09499437731515667,9751404.095494831,0.8704509676821903,9.769807078624137
CRCL,2026-03-30 20:45,overnight,OCEA.MEMOIR,False,,20:35,False,89.24,,0.0,146460.08,1641.0,0.0,,0.018406389532200737,7957023.822829456,2.091625692655885,9.100705070322457
CRCL,2026-03-30 20:45,overnight,OCEA.MEMOIR,False,,20:40,False,89.65,0.45943523083820104,0.45943523083820104,125706.56999999999,1405.0,0.0,,0.015798189473724574,7957023.822829456,2.091625692655885,9.100705070322457
CRCL,2026-03-30 20:45,overnight,OCEA.MEMOIR,False,,20:45,True,91.61,2.186279977691008,2.655759748991482,714667.25,7865.0,0.0,,0.08981589924986172,7957023.822829456,2.091625692655885,9.100705070322457
CRCL,2026-03-30 20:45,overnight,OCEA.MEMOIR,False,,20:50,False,91.43,-0.19648509987991725,2.454056476916189,568270.13,6217.0,0.0,,0.0714174222238193,7957023.822829456,2.091625692655885,9.100705070322457
CRCL,2026-03-30 20:45,overnight,OCEA.MEMOIR,False,,20:55,False,91.09,-0.37186918954391635,2.073061407440613,272139.69,2988.0,0.0,,0.034201190804431854,7957023.822829456,2.091625692655885,9.100705070322457
CRCL,2026-05-10 21:00,overnight,OCEA.MEMOIR,False,,20:50,False,119.56,,0.0,1218496.18,10185.0,0.0,,0.13705853663824147,8890334.085618863,-2.3394264631896755,10.407190614656582
CRCL,2026-05-10 21:00,overnight,OCEA.MEMOIR,False,,20:55,False,119.14,-0.3512880562060894,-0.3512880562060894,1488168.19,12486.0,0.0,,0.16739170605605058,8890334.085618863,-2.3394264631896755,10.407190614656582
CRCL,2026-05-10 21:00,overnight,OCEA.MEMOIR,False,,21:00,True,116.4,-2.2998153432935986,-2.6430244228838995,4782471.62,40772.0,0.0,,0.5379405963760346,8890334.085618863,-2.3394264631896755,10.407190614656582
CRCL,2026-05-10 21:00,overnight,OCEA.MEMOIR,False,,21:05,False,117.58,1.0137457044673504,-1.6560722649715642,1771856.35,15124.0,0.0,,0.19930143602434258,8890334.085618863,-2.3394264631896755,10.407190614656582
CRCL,2026-05-10 21:00,overnight,OCEA.MEMOIR,False,,21:10,False,118.35,0.6548732777683197,-1.0120441619270726,2143084.78,18150.0,0.0,,0.24105784544887754,8890334.085618863,-2.3394264631896755,10.407190614656582
CRCL,2026-06-30 09:20,premarket,XNAS.BASIC,False,,09:10,False,73.94,,0.0,508436.57210000005,6860.0,855281.918,0.5944666447397057,0.14188283981429856,3583495.8812881135,-2.2052840015190256,8.705798881272392
CRCL,2026-06-30 09:20,premarket,XNAS.BASIC,False,,09:15,False,73.79,-0.20286718961318728,-0.20286718961318728,252519.18,3424.0,649235.0437,0.388948782802742,0.07046727228530542,3583495.8812881135,-2.2052840015190256,8.705798881272392
CRCL,2026-06-30 09:20,premarket,XNAS.BASIC,False,,09:20,True,72.0004,-2.425260875457391,-2.6232080064917507,2524881.6308,34765.0,360399.33,7.005788914202476,0.7045861679328659,3583495.8812881135,-2.2052840015190256,8.705798881272392
CRCL,2026-06-30 09:20,premarket,XNAS.BASIC,False,,09:25,False,72.35,0.48555285803966175,-2.1503922098999206,2356549.576,32568.0,152124.66,15.490911046243257,0.6576119114033755,3583495.8812881135,-2.2052840015190256,8.705798881272392
CRCL,2026-06-30 09:20,premarket,XNAS.BASIC,False,,09:30,False,72.965,0.8500345542501897,-1.3186367324857895,6560023.045,89866.0,6913882.655,0.9488189737000967,1.830621064546041,3583495.8812881135,-2.2052840015190256,8.705798881272392
CRCL,2026-07-10 06:15,premarket,XNAS.BASIC,False,,06:05,False,67.0,,0.0,1910249.5869,28515.0,774.3599999999999,2466.8753382147843,0.5669752738778107,3369193.816574935,4.080144092648008,8.757560875662177
CRCL,2026-07-10 06:15,premarket,XNAS.BASIC,False,,06:10,False,67.14,0.2089552238806025,0.2089552238806025,2608681.2813,38890.0,25539.120000000003,102.14452499929519,0.7742746257180125,3369193.816574935,4.080144092648008,8.757560875662177
CRCL,2026-07-10 06:15,premarket,XNAS.BASIC,False,,06:15,True,68.4,1.8766756032171594,2.0895522388059806,4477667.1048,65731.0,4458.4919,1004.3008275511278,1.3290025295582193,3369193.816574935,4.080144092648008,8.757560875662177
CRCL,2026-07-10 06:15,premarket,XNAS.BASIC,False,,06:20,False,69.9147,2.214473684210505,4.350298507462691,4149583.7219000002,59541.0,9366.1464,443.0406641839381,1.2316251150307513,3369193.816574935,4.080144092648008,8.757560875662177
CRCL,2026-07-10 06:15,premarket,XNAS.BASIC,False,,06:25,False,70.05,0.19352153409797346,4.552238805970155,5375131.631200001,76593.0,9933.45,541.1142786443784,1.595376200905019,3369193.816574935,4.080144092648008,8.757560875662177
CRCL,2026-07-10 07:05,premarket,XNAS.BASIC,False,,06:55,False,70.3595,,0.0,1826153.6807,26008.0,39022.5583,46.79738490390057,0.5420150279619226,3369193.816574935,2.721678202413247,7.925548885752404
CRCL,2026-07-10 07:05,premarket,XNAS.BASIC,False,,07:00,False,70.38,0.029136079704938922,0.029136079704938922,4763566.8319999995,67826.0,204468.4967,23.29731429966541,1.4138595436585957,3369193.816574935,2.721678202413247,7.925548885752404
CRCL,2026-07-10 07:05,premarket,XNAS.BASIC,False,,07:05,True,71.8709,2.1183574879227285,2.148110773953782,9920935.9129,139212.0,100683.8094,98.53556368219816,2.9446023152759597,3369193.816574935,2.721678202413247,7.925548885752404
CRCL,2026-07-10 07:05,premarket,XNAS.BASIC,False,,07:10,False,73.19,1.8353742613491653,4.0229109075533565,10261758.6924,140670.0,127958.84,80.19577773915424,3.045760870721272,3369193.816574935,2.721678202413247,7.925548885752404
CRCL,2026-07-10 07:05,premarket,XNAS.BASIC,False,,07:15,False,72.34,-1.1613608416450205,2.8148295539337287,10172024.1152,139699.0,25011.46,406.69453583277425,3.0191270282992226,3369193.816574935,2.721678202413247,7.925548885752404
CRCL,2026-02-25 06:30,premarket,XNAS.BASIC,True,2026-02-25,06:20,False,63.05,,0.0,83095.05,1319.0,967.52,85.88458119728791,0.02868773412690627,2896535.8376653744,6.174167259948216,9.82791107228628
CRCL,2026-02-25 06:30,premarket,XNAS.BASIC,True,2026-02-25,06:25,False,65.8,4.361617763679626,4.361617763679626,3495502.17,53532.0,0.0,,1.206787129834857,2896535.8376653744,6.174167259948216,9.82791107228628
CRCL,2026-02-25 06:30,premarket,XNAS.BASIC,True,2026-02-25,06:30,True,67.87,3.1458966565349744,7.644726407613023,4033450.28,60013.0,18134.0,222.4247424727032,1.392508329277564,2896535.8376653744,6.174167259948216,9.82791107228628
CRCL,2026-02-25 06:30,premarket,XNAS.BASIC,True,2026-02-25,06:35,False,69.13,1.8564903491969709,9.643140364789836,6399880.89,92422.0,13056.48,490.1689345060843,2.2094948064438045,2896535.8376653744,6.174167259948216,9.82791107228628
CRCL,2026-02-25 06:30,premarket,XNAS.BASIC,True,2026-02-25,06:40,False,70.38,1.8081874728771874,11.625693893735134,5536459.6899999995,78962.0,6948.3,796.8078076651842,1.9114072810721443,2896535.8376653744,6.174167259948216,9.82791107228628
CRCL,2026-05-11 06:25,premarket,XNAS.BASIC,True,2026-05-11,06:15,False,123.0,,0.0,1848085.62,15038.0,70895.9829,26.067564682850318,0.20787583483386649,8890334.085618863,-6.002928257686668,15.722060002604916
CRCL,2026-05-11 06:25,premarket,XNAS.BASIC,True,2026-05-11,06:20,False,123.1,0.08130081300812275,0.08130081300812275,1593195.8339999998,12950.0,214115.44,7.440826471925611,0.1792053952817338,8890334.085618863,-6.002928257686668,15.722060002604916
CRCL,2026-05-11 06:25,premarket,XNAS.BASIC,True,2026-05-11,06:25,True,120.0,-2.5182778229081992,-2.4390243902439046,14425455.2191,121133.0,50346.1728,286.5253586683753,1.6225999023405466,8890334.085618863,-6.002928257686668,15.722060002604916
CRCL,2026-05-11 06:25,premarket,XNAS.BASIC,True,2026-05-11,06:30,False,117.9786,-1.6844999999999999,-4.082439024390238,11358553.5698,95730.0,182325.64,62.29816919770582,1.277629553671528,8890334.085618863,-6.002928257686668,15.722060002604916
CRCL,2026-05-11 06:25,premarket,XNAS.BASIC,True,2026-05-11,06:35,False,113.0,-4.219917849508303,-8.130081300813007,19695748.3587,174379.0,136006.8862,144.81434660401774,2.215411498490269,8890334.085618863,-6.002928257686668,15.722060002604916
CRWV,2026-02-08 20:05,overnight,OCEA.MEMOIR,False,,19:55,False,,,,0.0,0.0,0.0,,0.0,23338392.285609815,2.2305366090545897,8.289236494900523
CRWV,2026-02-08 20:05,overnight,OCEA.MEMOIR,False,,20:00,False,92.3,,,1348179.59,14737.0,0.0,,0.057766600779577786,23338392.285609815,2.2305366090545897,8.289236494900523
CRWV,2026-02-08 20:05,overnight,OCEA.MEMOIR,False,,20:05,True,92.92,0.6717226435536405,,871375.56,9402.0,0.0,,0.03733657183135448,23338392.285609815,2.2305366090545897,8.289236494900523
CRWV,2026-02-08 20:05,overnight,OCEA.MEMOIR,False,,20:10,False,92.86,-0.06457167455876656,,786860.68,8459.0,0.0,,0.033715290683719,23338392.285609815,2.2305366090545897,8.289236494900523
CRWV,2026-02-08 20:05,overnight,OCEA.MEMOIR,False,,20:15,False,92.62,-0.25845358604350555,,410578.18,4427.0,0.0,,0.017592393468043546,23338392.285609815,2.2305366090545897,8.289236494900523
CRWV,2026-03-16 06:05,premarket,XNAS.BASIC,False,,05:55,False,82.29,,0.0,5760.3,70.0,0.0,,0.0004828981931395956,11928601.27007106,2.6051867758453806,7.2206018974106625
CRWV,2026-03-16 06:05,premarket,XNAS.BASIC,False,,06:00,False,84.5,2.6856240126382325,2.6856240126382325,1509427.0,17947.0,24210.2,62.34673815168813,0.12653847386006292,11928601.27007106,2.6051867758453806,7.2206018974106625
CRWV,2026-03-16 06:05,premarket,XNAS.BASIC,False,,06:05,True,86.47,2.331360946745553,5.079596548790843,2229695.73,25979.0,53738.149999999994,41.49185876328084,0.18692013250491668,11928601.27007106,2.6051867758453806,7.2206018974106625
CRWV,2026-03-16 06:05,premarket,XNAS.BASIC,False,,06:10,False,85.72,-0.8673528391349605,4.168185684773351,781366.6,9104.0,50870.68,15.359861515513455,0.06550362295707327,11928601.27007106,2.6051867758453806,7.2206018974106625
CRWV,2026-03-16 06:05,premarket,XNAS.BASIC,False,,06:15,False,85.65,-0.08166122258514985,4.08312067079839,801663.0,9384.0,69755.0,11.49255250519676,0.06720511331126289,11928601.27007106,2.6051867758453806,7.2206018974106625
CRWV,2026-07-01 08:35,premarket,XNAS.BASIC,False,,08:25,False,99.905,,0.0,406666.9678,4067.0,455302.2176,0.8931802922982293,0.029692189006191774,13696092.521679586,-5.215606177445253,11.167932784481884
CRWV,2026-07-01 08:35,premarket,XNAS.BASIC,False,,08:30,False,96.0,-3.908713277613729,-3.908713277613729,7579322.709999999,77324.0,1491331.1804,5.082253230947065,0.5533930716372327,13696092.521679586,-5.215606177445253,11.167932784481884
CRWV,2026-07-01 08:35,premarket,XNAS.BASIC,False,,08:35,True,93.07,-3.052083333333344,-6.841499424453234,10037248.1984,106462.0,405719.336,24.73938831054382,0.7328548768571773,13696092.521679586,-5.215606177445253,11.167932784481884
CRWV,2026-07-01 08:35,premarket,XNAS.BASIC,False,,08:40,False,94.25,1.2678628988933127,-5.660377358490565,8653318.91,91639.0,280626.293,30.835738224999467,0.6318093205271967,13696092.521679586,-5.215606177445253,11.167932784481884
CRWV,2026-07-01 08:35,premarket,XNAS.BASIC,False,,08:45,False,91.1715,-3.266312997347487,-8.741804714478763,17276597.820699997,187272.0,260084.47000000003,66.42687208774902,1.2614253148007593,13696092.521679586,-5.215606177445253,11.167932784481884
CRWV,2026-07-22 17:00,postmarket,XNAS.BASIC,False,,16:50,False,82.8,,0.0,216154.42,2612.0,19735604.492799997,0.0109525107314984,0.01480159801399892,14603451.58648191,3.098303310092088,8.440561333926091
CRWV,2026-07-22 17:00,postmarket,XNAS.BASIC,False,,16:55,False,83.9328,1.3681159420289912,1.3681159420289912,1600952.9424,19014.0,872758.2614,1.834360112308643,0.10962839387107405,14603451.58648191,3.098303310092088,8.440561333926091
CRWV,2026-07-22 17:00,postmarket,XNAS.BASIC,False,,17:00,True,86.51,3.0705516794387933,4.48067632850242,7487081.7700000005,87150.0,1385417.76,5.404205133042326,0.5126926141851715,14603451.58648191,3.098303310092088,8.440561333926091
CRWV,2026-07-22 17:00,postmarket,XNAS.BASIC,False,,17:05,False,86.0701,-0.5084961276153099,3.9493961352657037,4618295.117099999,53725.0,2254334.04,2.0486294555974496,0.31624681944199085,14603451.58648191,3.098303310092088,8.440561333926091
CRWV,2026-07-22 17:00,postmarket,XNAS.BASIC,False,,17:10,False,85.01,-1.2316704639590226,2.6690821256038832,3424728.4230000004,39880.0,417633.4211,8.20032174144408,0.23451499823303384,14603451.58648191,3.098303310092088,8.440561333926091
CRWV,2026-02-26 17:40,postmarket,XNAS.BASIC,True,2026-02-26,17:30,False,87.21,,0.0,24813717.229999997,287036.0,1182829.6152000001,20.978268476820595,1.6164556751965353,15350694.492122738,3.595284872298632,9.770813915351008
CRWV,2026-02-26 17:40,postmarket,XNAS.BASIC,True,2026-02-26,17:35,False,86.68,-0.607728471505542,-0.607728471505542,14306195.11,165121.0,952827.432,15.014466029773164,0.9319575161463394,15350694.492122738,3.595284872298632,9.770813915351008
CRWV,2026-02-26 17:40,postmarket,XNAS.BASIC,True,2026-02-26,17:40,True,90.2588,4.128749423165656,3.495929365898398,18645146.918899998,209414.0,680622.2724,27.394265035074095,1.2146125980468063,15350694.492122738,3.595284872298632,9.770813915351008
CRWV,2026-02-26 17:40,postmarket,XNAS.BASIC,True,2026-02-26,17:45,False,88.83,-1.5830035409289733,1.8575851393188847,6542599.2299999995,73477.0,8801635.05,0.7433390719829946,0.4262086795719475,15350694.492122738,3.595284872298632,9.770813915351008
CRWV,2026-02-26 17:40,postmarket,XNAS.BASIC,True,2026-02-26,17:50,False,88.0,-0.9343690194754006,0.9058594197913106,22179153.4824,252722.0,424048.49,52.303342672909885,1.4448306227305423,15350694.492122738,3.595284872298632,9.770813915351008
CRWV,2026-05-07 16:10,postmarket,XNAS.BASIC,True,2026-05-07,16:00,False,129.7104,,0.0,22625048.31,173461.0,1948204.7,11.613280837480783,0.6735734366745485,33589579.21752454,-5.67472995588012,16.160672063097994
CRWV,2026-05-07 16:10,postmarket,XNAS.BASIC,True,2026-05-07,16:05,False,131.4219,1.3194778521999684,1.3194778521999684,50018041.5081,378001.0,11216798.049,4.459208527210598,1.4890940188379707,33589579.21752454,-5.67472995588012,16.160672063097994
CRWV,2026-05-07 16:10,postmarket,XNAS.BASIC,True,2026-05-07,16:10,True,123.5,-6.0278385870239255,-4.787896729946095,56579946.85,454415.0,31202043.26,1.8133410808558694,1.6844494086570991,33589579.21752454,-5.67472995588012,16.160672063097994
CRWV,2026-05-07 16:10,postmarket,XNAS.BASIC,True,2026-05-07,16:15,False,126.29,2.2591093117408922,-2.6369512390679417,34509199.42,277856.0,1093428.8038,31.5605362690922,1.0273781400034827,33589579.21752454,-5.67472995588012,16.160672063097994
CRWV,2026-05-07 16:10,postmarket,XNAS.BASIC,True,2026-05-07,16:20,False,128.22,1.528228680022159,-1.1490212041594172,28911272.9096,225139.0,1315914.4000000001,21.970481445905598,0.8607214970563326,33589579.21752454,-5.67472995588012,16.160672063097994
DRAM,2026-06-01 20:05,overnight,OCEA.MEMOIR,False,,19:55,False,,,,0.0,0.0,0.0,,0.0,11178742.336,-2.6162362710167586,8.850367116110904
DRAM,2026-06-01 20:05,overnight,OCEA.MEMOIR,False,,20:00,False,67.86,,,2200199.5900000003,32432.0,0.0,,0.1968199573680558,11178742.336,-2.6162362710167586,8.850367116110904
DRAM,2026-06-01 20:05,overnight,OCEA.MEMOIR,False,,20:05,True,66.22,-2.416740347774826,,7219991.930000001,108603.0,0.0,,0.6458679977575611,11178742.336,-2.6162362710167586,8.850367116110904
DRAM,2026-06-01 20:05,overnight,OCEA.MEMOIR,False,,20:10,False,67.0,1.1778918755662948,,4298997.86,64274.0,0.0,,0.3845690088191331,11178742.336,-2.6162362710167586,8.850367116110904
DRAM,2026-06-01 20:05,overnight,OCEA.MEMOIR,False,,20:15,False,66.19,-1.2089552238806034,,3696138.98,55606.0,0.0,,0.3306399654724093,11178742.336,-2.6162362710167586,8.850367116110904
DRAM,2026-06-07 20:00,overnight,OCEA.MEMOIR,False,,19:50,False,,,,0.0,0.0,0.0,,0.0,28119066.889516793,3.062022392038388,9.192770734712132
DRAM,2026-06-07 20:00,overnight,OCEA.MEMOIR,False,,19:55,False,,,,0.0,0.0,0.0,,0.0,28119066.889516793,3.062022392038388,9.192770734712132
DRAM,2026-06-07 20:00,overnight,OCEA.MEMOIR,False,,20:00,True,57.86,,,6421409.66,111444.0,0.0,,0.22836496265080536,28119066.889516793,3.062022392038388,9.192770734712132
DRAM,2026-06-07 20:00,overnight,OCEA.MEMOIR,False,,20:05,False,56.8,-1.8320082958866224,,7749503.57,134946.0,0.0,,0.27559604308523944,28119066.889516793,3.062022392038388,9.192770734712132
DRAM,2026-06-07 20:00,overnight,OCEA.MEMOIR,False,,20:10,False,57.83,1.8133802816901357,,3828874.18,66501.0,0.0,,0.13616647362603138,28119066.889516793,3.062022392038388,9.192770734712132
DRAM,2026-06-07 20:35,overnight,OCEA.MEMOIR,False,,20:25,False,57.93,,0.0,1634478.81,28254.0,0.0,,0.058127064330479546,28119066.889516793,1.1593351532533935,8.895833315685634
DRAM,2026-06-07 20:35,overnight,OCEA.MEMOIR,False,,20:30,False,57.79,-0.24167098221992145,-0.24167098221992145,2816877.57,48760.0,0.0,,0.1001767797298485,28119066.889516793,1.1593351532533935,8.895833315685634
DRAM,2026-06-07 20:35,overnight,OCEA.MEMOIR,False,,20:35,True,59.38,2.7513410624675716,2.5030208872777626,12072643.3,203735.0,0.0,,0.4293401110155921,28119066.889516793,1.1593351532533935,8.895833315685634
DRAM,2026-06-07 20:35,overnight,OCEA.MEMOIR,False,,20:40,False,58.43,-1.5998652745032094,0.8631106507854369,4292730.27,73269.0,0.0,,0.15266261454786728,28119066.889516793,1.1593351532533935,8.895833315685634
DRAM,2026-06-07 20:35,overnight,OCEA.MEMOIR,False,,20:45,False,58.24,-0.32517542358376783,0.5351286034869673,3301962.22,56879.0,0.0,,0.11742787315716444,28119066.889516793,1.1593351532533935,8.895833315685634
DRAM,2026-06-10 08:30,premarket,XNAS.BASIC,False,,08:20,False,56.93,,0.0,746996.1762,13101.0,596161.8,1.253009126381462,0.029873429940286148,25005370.246843666,3.5846100278551507,16.36459135978257
DRAM,2026-06-10 08:30,premarket,XNAS.BASIC,False,,08:25,False,57.44,0.8958369927981602,0.8958369927981602,1654561.4213,28913.0,827676.9824,1.9990424483018703,0.06616824326001929,25005370.246843666,3.5846100278551507,16.36459135978257
DRAM,2026-06-10 08:30,premarket,XNAS.BASIC,False,,08:30,True,59.52,3.6211699164345523,4.549446688916214,14839648.0863,251441.0,2021336.9488,7.34150142315946,0.5934584427188457,25005370.246843666,3.5846100278551507,16.36459135978257
DRAM,2026-06-10 08:30,premarket,XNAS.BASIC,False,,08:35,False,59.2851,-0.39465725806452356,4.136834709292114,5238490.8967,88481.0,1108062.18,4.727614561034834,0.20949463435204427,25005370.246843666,3.5846100278551507,16.36459135978257
DRAM,2026-06-10 08:30,premarket,XNAS.BASIC,False,,08:40,False,59.0,-0.4808965490485817,3.6360442648867064,6413201.160000001,109113.0,665721.0349999999,9.633466306198365,0.2564729534772442,25005370.246843666,3.5846100278551507,16.36459135978257
DRAM,2026-06-22 20:20,overnight,OCEA.MEMOIR,False,,20:10,False,79.43,,0.0,2535670.21,31842.0,0.0,,0.1089048875908903,23283346.285847545,-2.386420999495198,8.063465010902016
DRAM,2026-06-22 20:20,overnight,OCEA.MEMOIR,False,,20:15,False,79.18,-0.31474254060178675,-0.31474254060178675,7521838.13,94830.0,0.0,,0.32305657604603183,23283346.285847545,-2.386420999495198,8.063465010902016
DRAM,2026-06-22 20:20,overnight,OCEA.MEMOIR,False,,20:20,True,77.21,-2.488002020712321,-2.7949137605438934,4573601.71,58680.0,0.0,,0.19643231921435622,23283346.285847545,-2.386420999495198,8.063465010902016
DRAM,2026-06-22 20:20,overnight,OCEA.MEMOIR,False,,20:25,False,78.14,1.2045071881880753,-1.6240715095052316,5938740.86,76194.0,0.0,,0.2550638893177387,23283346.285847545,-2.386420999495198,8.063465010902016
DRAM,2026-06-22 20:20,overnight,OCEA.MEMOIR,False,,20:30,False,78.39,0.31993857179422047,-1.3093289689034449,3347535.52,42705.0,0.0,,0.14377381493633296,23283346.285847545,-2.386420999495198,8.063465010902016
DRAM,2026-06-24 16:00,postmarket,XNAS.BASIC,False,,15:50,False,69.3012,,0.0,33219146.2322,480004.0,53599646.695,0.6197642760824172,1.0760495480547316,30871390.905979324,8.343207937754293,20.47393316620117
DRAM,2026-06-24 16:00,postmarket,XNAS.BASIC,False,,15:55,False,69.655,0.5105250702729602,0.5105250702729602,36450766.596,524586.0,43065052.4338,0.8464117546828129,1.1807296505367382,30871390.905979324,8.343207937754293,20.47393316620117
DRAM,2026-06-24 16:00,postmarket,XNAS.BASIC,False,,16:00,True,72.8988,4.656952121168612,5.191252099530752,18648702.1348,258559.0,2626374.06,7.100550686523304,0.6040771597106117,30871390.905979324,8.343207937754293,20.47393316620117
DRAM,2026-06-24 16:00,postmarket,XNAS.BASIC,False,,16:05,False,75.8985,4.114882549507004,9.519748575782238,32178052.0189,430789.0,4911508.862,6.55156142908737,1.0423259553448754,30871390.905979324,8.343207937754293,20.47393316620117
DRAM,2026-06-24 16:00,postmarket,XNAS.BASIC,False,,16:10,False,75.63,-0.35376193205399753,9.13230939723988,28420829.8834,377856.0,1134923.1372,25.042074614425264,0.9206203235208075,30871390.905979324,8.343207937754293,20.47393316620117
DRAM,2026-06-24 16:20,postmarket,XNAS.BASIC,False,,16:10,False,75.63,,0.0,28420829.8834,377856.0,1134923.1372,25.042074614425264,0.9206203235208075,30871390.905979324,4.51544758383946,15.39614780588112
DRAM,2026-06-24 16:20,postmarket,XNAS.BASIC,False,,16:15,False,75.6392,0.012164484992727154,0.012164484992727154,29634531.874399997,393282.0,1454691.3484,20.371697341153993,0.9599351051157282,30871390.905979324,4.51544758383946,15.39614780588112
DRAM,2026-06-24 16:20,postmarket,XNAS.BASIC,False,,16:20,True,78.05,3.187236247871472,3.1997884437392488,28430349.3242,368425.0,2140547.8475,13.281809774728709,0.9209286815351578,30871390.905979324,4.51544758383946,15.39614780588112
DRAM,2026-06-24 16:20,postmarket,XNAS.BASIC,False,,16:25,False,79.1905,1.461242793081352,4.707787914848605,35313657.9993,447213.0,2768387.4164,12.7560390536747,1.1438959166708709,30871390.905979324,4.51544758383946,15.39614780588112
DRAM,2026-06-24 16:20,postmarket,XNAS.BASIC,False,,16:30,False,76.97,-2.803997954300075,1.7717836837233936,40526631.9239,520219.0,2308683.1722,17.554003256878765,1.312756916179329,30871390.905979324,4.51544758383946,15.39614780588112
DRAM,2026-07-02 21:05,overnight,OCEA.MEMOIR,False,,20:55,False,,,,0.0,0.0,0.0,,0.0,25395354.08612403,2.0508328926494013,6.77727110694077
DRAM,2026-07-02 21:05,overnight,OCEA.MEMOIR,False,,21:00,False,,,,0.0,0.0,0.0,,0.0,25395354.08612403,2.0508328926494013,6.77727110694077
DRAM,2026-07-02 21:05,overnight,OCEA.MEMOIR,False,,21:05,True,,,,0.0,0.0,0.0,,0.0,25395354.08612403,2.0508328926494013,6.77727110694077
DRAM,2026-07-02 21:05,overnight,OCEA.MEMOIR,False,,21:10,False,,,,0.0,0.0,0.0,,0.0,25395354.08612403,2.0508328926494013,6.77727110694077
DRAM,2026-07-02 21:05,overnight,OCEA.MEMOIR,False,,21:15,False,,,,0.0,0.0,0.0,,0.0,25395354.08612403,2.0508328926494013,6.77727110694077
DRAM,2026-07-14 08:30,premarket,XNAS.BASIC,False,,08:20,False,59.54,,0.0,1307713.654,22009.0,1475155.3781,0.886492144091516,0.05408346258052399,24179547.52902454,2.08507927994368,9.588861441614288
DRAM,2026-07-14 08:30,premarket,XNAS.BASIC,False,,08:25,False,59.5785,0.06466241182399024,0.06466241182399024,3186680.7457,53497.0,1622728.7552999998,1.9637790575239213,0.13179240603550524,24179547.52902454,2.08507927994368,9.588861441614288
DRAM,2026-07-14 08:30,premarket,XNAS.BASIC,False,,08:30,True,60.91,2.2348666045637344,2.300974135035272,11624270.7995,191231.0,2310144.0497,5.031838079971486,0.4807480696463202,24179547.52902454,2.08507927994368,9.588861441614288
DRAM,2026-07-14 08:30,premarket,XNAS.BASIC,False,,08:35,False,60.415,-0.8126744376949602,1.4696002687269116,9173272.08,151692.0,1277240.216,7.182104012296462,0.3793814615012389,24179547.52902454,2.08507927994368,9.588861441614288
DRAM,2026-07-14 08:30,premarket,XNAS.BASIC,False,,08:40,False,60.66,0.40552842837042746,1.8810883439704273,6538726.2315,107756.0,1992294.24,3.2820082998884743,0.2704238457585309,24179547.52902454,2.08507927994368,9.588861441614288
EWY,2026-03-04 01:25,overnight,OCEA.MEMOIR,False,,01:15,False,120.28,,0.0,7646258.73,63320.0,0.0,,0.18046130389032644,42370627.74769121,2.372322899505752,7.836708838333341
EWY,2026-03-04 01:25,overnight,OCEA.MEMOIR,False,,01:20,False,120.34,0.04988360492184096,0.04988360492184096,3615935.0700000003,30071.0,0.0,,0.08534060650534105,42370627.74769121,2.372322899505752,7.836708838333341
EWY,2026-03-04 01:25,overnight,OCEA.MEMOIR,False,,01:25,True,121.4,0.8808376267242846,0.9311606252078608,2663643.2399999998,22010.0,0.0,,0.06286532396596703,42370627.74769121,2.372322899505752,7.836708838333341
EWY,2026-03-04 01:25,overnight,OCEA.MEMOIR,False,,01:30,False,122.5,0.906095551894559,1.8456933821084043,3340468.3499999996,27326.0,0.0,,0.0788392461374855,42370627.74769121,2.372322899505752,7.836708838333341
EWY,2026-03-04 01:25,overnight,OCEA.MEMOIR,False,,01:35,False,123.01,0.41632653061225433,2.26970402394413,2324636.79,18858.0,0.0,,0.05486434621272918,42370627.74769121,2.372322899505752,7.836708838333341
EWY,2026-03-04 19:05,postmarket,XNAS.BASIC,False,,18:55,False,135.95,,0.0,1274819.694,9379.0,870013.9712,1.4652864622871011,0.030087344978490797,42370627.74769121,-0.9879413046636532,15.162325807968823
EWY,2026-03-04 19:05,postmarket,XNAS.BASIC,False,,19:00,False,,,,0.0,0.0,0.0,,0.0,42370627.74769121,-0.9879413046636532,15.162325807968823
EWY,2026-03-04 19:05,postmarket,XNAS.BASIC,False,,19:05,True,,,,0.0,0.0,0.0,,0.0,42370627.74769121,-0.9879413046636532,15.162325807968823
EWY,2026-03-04 19:05,postmarket,XNAS.BASIC,False,,19:10,False,,,,0.0,0.0,0.0,,0.0,42370627.74769121,-0.9879413046636532,15.162325807968823
EWY,2026-03-04 19:05,postmarket,XNAS.BASIC,False,,19:15,False,,,,0.0,0.0,0.0,,0.0,42370627.74769121,-0.9879413046636532,15.162325807968823
EWY,2026-04-01 21:15,overnight,OCEA.MEMOIR,False,,21:05,False,125.9,,0.0,803217.3999999999,6422.0,0.0,,0.03780955575310135,21243767.1906292,-2.368274656282288,8.011010986276103
EWY,2026-04-01 21:15,overnight,OCEA.MEMOIR,False,,21:10,False,126.5,0.4765687053216894,0.4765687053216894,1193561.8,9412.0,0.0,,0.05618409339970973,21243767.1906292,-2.368274656282288,8.011010986276103
EWY,2026-04-01 21:15,overnight,OCEA.MEMOIR,False,,21:15,True,123.23,-2.584980237154144,-2.1207307386814978,4574284.97,36883.0,0.0,,0.21532362546402573,21243767.1906292,-2.368274656282288,8.011010986276103
EWY,2026-04-01 21:15,overnight,OCEA.MEMOIR,False,,21:20,False,122.6,-0.5112391463117816,-2.6211278792692694,2894354.5700000003,23532.0,0.0,,0.13624488274738408,21243767.1906292,-2.368274656282288,8.011010986276103
EWY,2026-04-01 21:15,overnight,OCEA.MEMOIR,False,,21:25,False,122.45,-0.12234910277324484,-2.7402700555996806,4686464.99,38435.0,0.0,,0.22060423407705385,21243767.1906292,-2.368274656282288,8.011010986276103
EWY,2026-04-07 18:35,postmarket,XNAS.BASIC,False,,18:25,False,129.66,,0.0,311558.3839,2404.0,23025.56,13.530979654783641,0.05537366508040447,5626472.140639535,3.236862147753228,17.67946447923658
EWY,2026-04-07 18:35,postmarket,XNAS.BASIC,False,,18:30,False,130.64,0.7558229214869483,0.7558229214869483,2608413.9139,20253.0,31956.881999999998,81.62291658804511,0.46359669944149295,5626472.140639535,3.236862147753228,17.67946447923658
EWY,2026-04-07 18:35,postmarket,XNAS.BASIC,False,,18:35,True,135.5,3.7201469687691446,4.504087613759067,5689574.36,42450.0,1644727.55,3.4592807544325503,1.0112152371473917,5626472.140639535,3.236862147753228,17.67946447923658
EWY,2026-04-07 18:35,postmarket,XNAS.BASIC,False,,18:40,False,134.41,-0.8044280442804475,3.6634274255745725,2649273.2579,19804.0,371055.0254,7.13983931370843,0.47085868225748817,5626472.140639535,3.236862147753228,17.67946447923658
EWY,2026-04-07 18:35,postmarket,XNAS.BASIC,False,,18:45,False,133.7,-0.528234506361136,3.1158414314360616,1156639.7764,8669.0,123023.1868,9.401803078637206,0.2055710483387429,5626472.140639535,3.236862147753228,17.67946447923658
EWY,2026-05-11 21:30,overnight,OCEA.MEMOIR,False,,21:20,False,186.73,,0.0,1774271.0,9492.0,0.0,,0.10006006339706619,17732059.52268088,-2.09646995419025,7.523656501334794
EWY,2026-05-11 21:30,overnight,OCEA.MEMOIR,False,,21:25,False,185.9,-0.44449204734107184,-0.44449204734107184,3341078.75,17983.0,0.0,,0.18842023092277937,17732059.52268088,-2.09646995419025,7.523656501334794
EWY,2026-05-11 21:30,overnight,OCEA.MEMOIR,False,,21:30,True,181.22,-2.5174825174825166,-2.9507845552401823,3841053.67,21045.0,0.0,,0.21661633072497594,17732059.52268088,-2.09646995419025,7.523656501334794
EWY,2026-05-11 21:30,overnight,OCEA.MEMOIR,False,,21:35,False,178.65,-1.4181657653680624,-4.327103304236058,14245744.46,79330.0,0.0,,0.8033891631019188,17732059.52268088,-2.09646995419025,7.523656501334794
EWY,2026-05-11 21:30,overnight,OCEA.MEMOIR,False,,21:40,False,181.62,1.6624685138538986,-2.736571520377007,13553809.15,75216.0,0.0,,0.7643674516580251,17732059.52268088,-2.09646995419025,7.523656501334794
EWY,2026-06-01 20:05,overnight,OCEA.MEMOIR,False,,19:55,False,,,,0.0,0.0,0.0,,0.0,12287944.411266148,-3.256812243374385,10.487010775551356
EWY,2026-06-01 20:05,overnight,OCEA.MEMOIR,False,,20:00,False,213.97,,,11524620.76,53807.0,0.0,,0.9378802812156036,12287944.411266148,-3.256812243374385,10.487010775551356
EWY,2026-06-01 20:05,overnight,OCEA.MEMOIR,False,,20:05,True,207.5,-3.02378838154882,,10561427.76,50268.0,0.0,,0.8594950796096377,12287944.411266148,-3.256812243374385,10.487010775551356
EWY,2026-06-01 20:05,overnight,OCEA.MEMOIR,False,,20:10,False,210.94,1.6578313253011956,,12234661.370000001,58425.0,0.0,,0.9956637953849063,12287944.411266148,-3.256812243374385,10.487010775551356
EWY,2026-06-01 20:05,overnight,OCEA.MEMOIR,False,,20:15,False,207.21,-1.7682753389589356,,5224328.96,25121.0,0.0,,0.42515890251017874,12287944.411266148,-3.256812243374385,10.487010775551356
EWY,2026-06-09 20:00,overnight,OCEA.MEMOIR,False,,19:50,False,,,,0.0,0.0,0.0,,0.0,20259419.20311886,2.6235741444867067,8.65603043687654
EWY,2026-06-09 20:00,overnight,OCEA.MEMOIR,False,,19:55,False,,,,0.0,0.0,0.0,,0.0,20259419.20311886,2.6235741444867067,8.65603043687654
EWY,2026-06-09 20:00,overnight,OCEA.MEMOIR,False,,20:00,True,189.18,,,17415662.2,92842.0,0.0,,0.859632846598037,20259419.20311886,2.6235741444867067,8.65603043687654
EWY,2026-06-09 20:00,overnight,OCEA.MEMOIR,False,,20:05,False,190.2,0.5391690453536269,,12775199.25,67291.0,0.0,,0.6305807250403953,20259419.20311886,2.6235741444867067,8.65603043687654
EWY,2026-06-09 20:00,overnight,OCEA.MEMOIR,False,,20:10,False,189.81,-0.2050473186119839,,4572244.87,24133.0,0.0,,0.22568489373555783,20259419.20311886,2.6235741444867067,8.65603043687654
EWY,2026-06-10 08:30,premarket,XNAS.BASIC,False,,08:20,False,178.96,,0.0,2040342.3199999998,11405.0,2838691.27,0.7187616143970457,0.07382036134187904,27639289.25450129,3.3958692868674367,17.50986622645752
EWY,2026-06-10 08:30,premarket,XNAS.BASIC,False,,08:25,False,179.35,0.2179257934733947,0.2179257934733947,185855.3542,1037.0,788051.3349,0.23584168437908193,0.0067243174196214865,27639289.25450129,3.3958692868674367,17.50986622645752
EWY,2026-06-10 08:30,premarket,XNAS.BASIC,False,,08:30,True,185.75,3.5684415946473313,3.7941439427805035,27786556.580000002,150553.0,341887.5232,81.27397080748456,1.0053281878612246,27639289.25450129,3.3958692868674367,17.50986622645752
EWY,2026-06-10 08:30,premarket,XNAS.BASIC,False,,08:35,False,184.19,-0.8398384925975777,2.9224407688869025,14200164.089399999,76884.0,389448.5346,36.46223525782397,0.5137673389009951,27639289.25450129,3.3958692868674367,17.50986622645752
EWY,2026-06-10 08:30,premarket,XNAS.BASIC,False,,08:40,False,184.34,0.0814376459091104,3.0062583817612953,2207466.58,11984.0,316014.5857,6.985331310294644,0.07986698064750329,27639289.25450129,3.3958692868674367,17.50986622645752
EWY,2026-06-24 16:00,postmarket,XNAS.BASIC,False,,15:50,False,196.5894,,0.0,51853429.6646,264507.0,73445480.94060001,0.7060125279394268,1.721907630315232,30113943.832810078,4.235138973422603,13.199243244332372
EWY,2026-06-24 16:00,postmarket,XNAS.BASIC,False,,15:55,False,196.84,0.1274738108972162,0.1274738108972162,70683343.05,359761.0,131226695.47999999,0.5386353957283997,2.3471964828794127,30113943.832810078,4.235138973422603,13.199243244332372
EWY,2026-06-24 16:00,postmarket,XNAS.BASIC,False,,16:00,True,200.91,2.0676691729323293,2.1977787205210264,3565279.52,17828.0,143855174.96,0.024783811364390278,0.11839297900647332,30113943.832810078,4.235138973422603,13.199243244332372
EWY,2026-06-24 16:00,postmarket,XNAS.BASIC,False,,16:05,False,205.5,2.2846050470359813,4.532594331128736,24241388.7,118853.0,45182067.7101,0.5365267666707754,0.8049888395417758,30113943.832810078,4.235138973422603,13.199243244332372
EWY,2026-06-24 16:00,postmarket,XNAS.BASIC,False,,16:10,False,205.2,-0.14598540145985828,4.3799920036380335,16006467.78,77868.0,29038184.854,0.551221361131156,0.5315301067461132,30113943.832810078,4.235138973422603,13.199243244332372
GME,2026-05-31 20:00,overnight,OCEA.MEMOIR,False,,19:50,False,,,,0.0,0.0,0.0,,0.0,777740.916116279,-4.700910556354288,10.225727386496658
GME,2026-05-31 20:00,overnight,OCEA.MEMOIR,False,,19:55,False,,,,0.0,0.0,0.0,,0.0,777740.916116279,-4.700910556354288,10.225727386496658
GME,2026-05-31 20:00,overnight,OCEA.MEMOIR,False,,20:00,True,21.5,,,328127.2,15202.0,0.0,,0.4218978238132738,777740.916116279,-4.700910556354288,10.225727386496658
GME,2026-05-31 20:00,overnight,OCEA.MEMOIR,False,,20:05,False,21.65,0.6976744186046435,,44390.06999999999,2058.0,0.0,,0.05707565216147545,777740.916116279,-4.700910556354288,10.225727386496658
GME,2026-05-31 20:00,overnight,OCEA.MEMOIR,False,,20:10,False,21.56,-0.41570438799075626,,106752.18,4964.0,0.0,,0.13725930806505185,777740.916116279,-4.700910556354288,10.225727386496658
GME,2026-06-26 17:30,postmarket,XNAS.BASIC,False,,17:20,False,21.78,,0.0,18295.419,840.0,673.4944,27.164916293290634,0.03431291462996392,533193.3820633073,-3.0275108595498312,6.52894313038744
GME,2026-06-26 17:30,postmarket,XNAS.BASIC,False,,17:25,False,22.7,4.224058769513306,4.224058769513306,1048085.3099999998,46676.0,23312.328400000002,44.95841393517774,1.9656757665374738,533193.3820633073,-3.0275108595498312,6.52894313038744
GME,2026-06-26 17:30,postmarket,XNAS.BASIC,False,,17:30,True,22.23,-2.070484581497789,2.066115702479343,712616.8148,31683.0,315.92,2255.687562674095,1.3365072387852506,533193.3820633073,-3.0275108595498312,6.52894313038744
GME,2026-06-26 17:30,postmarket,XNAS.BASIC,False,,17:35,False,22.11,-0.5398110661268607,1.5151515151515138,355400.8615,15982.0,378.96,937.8321234431075,0.6665515241856517,533193.3820633073,-3.0275108595498312,6.52894313038744
GME,2026-06-26 17:30,postmarket,XNAS.BASIC,False,,17:40,False,22.28,0.7688828584351048,2.2956841138659367,342365.7048,15432.0,1958.9007,174.7744052569893,0.6421041901816967,533193.3820633073,-3.0275108595498312,6.52894313038744
GME,2026-06-02 16:45,postmarket,XNAS.BASIC,True,2026-06-02,16:35,False,20.9297,,0.0,11040.3652,528.0,5793.3971,1.905680727461268,0.010611870048322753,1040378.8540310077,-2.8055507671091218,6.043399401324272
GME,2026-06-02 16:45,postmarket,XNAS.BASIC,True,2026-06-02,16:40,False,23.2289,10.98534618269731,10.98534618269731,4747013.254,203851.0,28739.2223,165.1754248757107,4.562773681536705,1040378.8540310077,-2.8055507671091218,6.043399401324272
GME,2026-06-02 16:45,postmarket,XNAS.BASIC,True,2026-06-02,16:45,True,22.32,-3.912798281451124,6.642713464598149,2692364.0805,118622.0,1897.79,1418.6838799340287,2.587868899938018,1040378.8540310077,-2.8055507671091218,6.043399401324272
GME,2026-06-02 16:45,postmarket,XNAS.BASIC,True,2026-06-02,16:50,False,22.35,0.13440860215054862,6.786050445061331,1999002.7156,88791.0,13705.43,145.85479737593056,1.9214180563693206,1040378.8540310077,-2.8055507671091218,6.043399401324272
GME,2026-06-02 16:45,postmarket,XNAS.BASIC,True,2026-06-02,16:55,False,22.48,0.5816554809843444,7.407177360401729,1139516.9158,50737.0,16585.0637,68.70741869987512,1.0952903467663497,1040378.8540310077,-2.8055507671091218,6.043399401324272
GOOGL,2026-02-04 16:00,postmarket,XNAS.BASIC,True,2026-02-04,15:50,False,332.845,,0.0,225096066.6988,675766.0,144852167.784,1.5539709908550192,2.815364490532715,79952726.35416666,-0.8775082359987918,83.3458227307709
GOOGL,2026-02-04 16:00,postmarket,XNAS.BASIC,True,2026-02-04,15:55,False,333.2601,0.12471270411151814,0.12471270411151814,300962263.311,903612.0,182886577.2,1.6456224831736859,3.764252665729336,79952726.35416666,-0.8775082359987918,83.3458227307709
GOOGL,2026-02-04 16:00,postmarket,XNAS.BASIC,True,2026-02-04,16:00,True,333.04,-0.06604450997884648,0.058585828238366666,582624661.9200001,1810180.0,188867218.8,3.0848374091692827,7.287114379804225,79952726.35416666,-0.8775082359987918,83.3458227307709
GOOGL,2026-02-04 16:00,postmarket,XNAS.BASIC,True,2026-02-04,16:05,False,335.4143,0.7129173672832056,0.7719208640658559,406530162.96889997,1232953.0,3010560.7899999996,135.03469663168636,5.084631650559269,79952726.35416666,-0.8775082359987918,83.3458227307709
GOOGL,2026-02-04 16:00,postmarket,XNAS.BASIC,True,2026-02-04,16:10,False,330.2,-1.5545848820399222,-0.7946641830281487,194349566.2108,585658.0,278442350.4468,0.6979885276034293,2.4308059909037945,79952726.35416666,-0.8775082359987918,83.3458227307709
GOOGL,2026-07-22 16:00,postmarket,XNAS.BASIC,True,2026-07-22,15:50,False,343.64,,0.0,212903549.99,618984.0,113859740.6398,1.8698755924934802,4.291842108759126,49606566.27034108,0.7939751298966735,31.74814090695792
GOOGL,2026-07-22 16:00,postmarket,XNAS.BASIC,True,2026-07-22,15:55,False,342.15,-0.43359329530904267,-0.43359329530904267,441506133.0214,1289947.0,187900409.2576,2.3496815933813213,8.900155084617678,49606566.27034108,0.7939751298966735,31.74814090695792
GOOGL,2026-07-22 16:00,postmarket,XNAS.BASIC,True,2026-07-22,16:00,True,337.2499,-1.432149641969882,-1.8595332324525593,160864018.6792,468678.0,3556949.2199999997,45.22527838595346,3.242796887060047,49606566.27034108,0.7939751298966735,31.74814090695792
GOOGL,2026-07-22 16:00,postmarket,XNAS.BASIC,True,2026-07-22,16:05,False,339.3,0.607887504191984,-1.2629495984169403,245372537.46,725320.0,23620527.8647,10.388105586188026,4.946372142002178,49606566.27034108,0.7939751298966735,31.74814090695792
GOOGL,2026-07-22 16:00,postmarket,XNAS.BASIC,True,2026-07-22,16:10,False,350.089,3.1797819039198316,1.8766732627168103,132261261.7144,383662.0,69646483.98169999,1.8990371681814173,2.6662047317207023,49606566.27034108,0.7939751298966735,31.74814090695792
HOOD,2026-01-29 16:00,postmarket,XNAS.BASIC,False,,15:50,False,100.645,,0.0,28961964.25,287888.0,24127797.1456,1.2003567534668855,1.5210308683920426,19041010.180560723,4.2431418985593,22.90769903449505
HOOD,2026-01-29 16:00,postmarket,XNAS.BASIC,False,,15:55,False,101.245,0.5961548015301465,0.5961548015301465,42484557.730000004,419736.0,32610106.73,1.3028033941059107,2.231213434955945,19041010.180560723,4.2431418985593,22.90769903449505
HOOD,2026-01-29 16:00,postmarket,XNAS.BASIC,False,,16:00,True,105.21,3.916242777421086,4.535744448308399,40220366.43,382597.0,5141476.09,7.8227275058669,2.1123021335843633,19041010.180560723,4.2431418985593,22.90769903449505
HOOD,2026-01-29 16:00,postmarket,XNAS.BASIC,False,,16:05,False,104.82,-0.3706871970345027,4.1482438273138245,42887423.494,410608.0,1323723.21,32.399087037236434,2.2523712285908273,19041010.180560723,4.2431418985593,22.90769903449505
HOOD,2026-01-29 16:00,postmarket,XNAS.BASIC,False,,16:10,False,104.31,-0.48654836863193385,3.641512246013212,5912848.03,56772.0,9307050.190000001,0.635308492947968,0.3105322655641728,19041010.180560723,4.2431418985593,22.90769903449505
HOOD,2026-03-23 07:05,premarket,XNAS.BASIC,False,,06:55,False,68.58,,0.0,114949.29999999999,1673.0,3234.7200000000003,35.5360896770045,0.007348517213099792,15642516.260979328,4.304621266288233,18.004208199224628
HOOD,2026-03-23 07:05,premarket,XNAS.BASIC,False,,07:00,False,68.52,-0.08748906386701893,-0.08748906386701893,187290.05,2728.0,85424.76,2.192456262095439,0.011973140821799878,15642516.260979328,4.304621266288233,18.004208199224628
HOOD,2026-03-23 07:05,premarket,XNAS.BASIC,False,,07:05,True,71.5,4.349095154699367,4.257801108194803,1147123.74,16181.0,44892.96,25.55241935483871,0.07333370928701098,15642516.260979328,4.304621266288233,18.004208199224628
HOOD,2026-03-23 07:05,premarket,XNAS.BASIC,False,,07:10,False,72.51,1.4125874125874294,5.730533683289596,1731555.1,24061.0,12995.95,133.2380549324982,0.11069543231477472,15642516.260979328,4.304621266288233,18.004208199224628
HOOD,2026-03-23 07:05,premarket,XNAS.BASIC,False,,07:15,False,71.44,-1.4756585298579594,4.170312044327784,1172461.7800000003,16321.0,13288.32,88.23250644174736,0.07495352796434275,15642516.260979328,4.304621266288233,18.004208199224628
HOOD,2026-04-07 18:35,postmarket,XNAS.BASIC,False,,18:25,False,70.9001,,0.0,510619.14449999994,7201.0,84162.397,6.06706988751758,0.035026459287634544,14578097.669160204,2.2210396594219084,12.109503648194794
HOOD,2026-04-07 18:35,postmarket,XNAS.BASIC,False,,18:30,False,71.32,0.5922417598846819,0.5922417598846819,2601071.6665999996,36662.0,87428.2566,29.7509268485173,0.17842325697285843,14578097.669160204,2.2210396594219084,12.109503648194794
HOOD,2026-04-07 18:35,postmarket,XNAS.BASIC,False,,18:35,True,72.8245,2.109506449803722,2.7142415878115944,5948943.322,82038.0,352333.0862,16.884429975512187,0.4080740475888648,14578097.669160204,2.2210396594219084,12.109503648194794
HOOD,2026-04-07 18:35,postmarket,XNAS.BASIC,False,,18:40,False,72.5245,-0.411949275312562,2.291111013947811,3581562.4787,49233.0,47425.8865,75.51914667319924,0.2456810593522606,14578097.669160204,2.2210396594219084,12.109503648194794
HOOD,2026-04-07 18:35,postmarket,XNAS.BASIC,False,,18:45,False,72.563,0.05308550903486697,2.345412770926991,3178238.8172,43787.0,101914.96860000001,31.185201358144752,0.21801464699495923,14578097.669160204,2.2210396594219084,12.109503648194794
HOOD,2026-06-23 09:25,premarket,XNAS.BASIC,False,,09:15,False,99.14,,0.0,11355118.15,114536.0,671058.3675,16.92120790074196,0.42663383614878725,26615606.1425,2.038564176648805,8.621003980717543
HOOD,2026-06-23 09:25,premarket,XNAS.BASIC,False,,09:20,False,99.6484,0.512810167439981,0.512810167439981,11015708.1108,110725.0,979298.7014,11.24856807739253,0.4138815419728516,26615606.1425,2.038564176648805,8.621003980717543
HOOD,2026-06-23 09:25,premarket,XNAS.BASIC,False,,09:25,True,100.63,0.9850634832069494,1.502925156344559,3825568.995,38280.0,1115755.75,3.4286796146916565,0.1437340549194295,26615606.1425,2.038564176648805,8.621003980717543
HOOD,2026-06-23 09:25,premarket,XNAS.BASIC,False,,09:30,False,101.75,1.112988174500651,2.632640710106915,45245738.489,441625.0,37348525.474999994,1.211446447043436,1.6999702447787304,26615606.1425,2.038564176648805,8.621003980717543
HOOD,2026-06-23 09:25,premarket,XNAS.BASIC,False,,09:35,False,102.62,0.8550368550368503,3.5101876134759014,64995483.82180001,636901.0,68318233.2798,0.9513636506905625,2.4420065233086965,26615606.1425,2.038564176648805,8.621003980717543
HOOD,2026-02-10 16:05,postmarket,XNAS.BASIC,True,2026-02-10,15:55,False,85.6407,,0.0,59111230.8543,690236.0,52677660.715,1.1221309004989288,2.2618977174406787,26133467.66235917,-7.665230883238394,43.96189792434943
HOOD,2026-02-10 16:05,postmarket,XNAS.BASIC,True,2026-02-10,16:00,False,86.3,0.7698442446173459,0.7698442446173459,21065188.26,244669.0,13530404.147799999,1.5568779786541067,0.8060617340247133,26133467.66235917,-7.665230883238394,43.96189792434943
HOOD,2026-02-10 16:05,postmarket,XNAS.BASIC,True,2026-02-10,16:05,True,79.7,-7.647740440324446,-6.936771885330217,99120860.1666,1229699.0,8821345.25,11.236478944818536,3.7928705615048095,26133467.66235917,-7.665230883238394,43.96189792434943
HOOD,2026-02-10 16:05,postmarket,XNAS.BASIC,True,2026-02-10,16:10,False,79.97,0.338770388958598,-6.621501225468728,70485156.87,895392.0,1643414.3342,42.88946214182291,2.6971222411299793,26133467.66235917,-7.665230883238394,43.96189792434943
HOOD,2026-02-10 16:05,postmarket,XNAS.BASIC,True,2026-02-10,16:15,False,80.68,0.887832937351507,-5.792456156944059,41016254.7382,512691.0,1461452.95,28.065395289119643,1.5694914761456231,26133467.66235917,-7.665230883238394,43.96189792434943
IBM,2026-06-18 23:45,overnight,OCEA.MEMOIR,False,,23:35,False,,,,0.0,0.0,0.0,,0.0,7330720.5858281655,-4.081632653061218,7.450841671879844
IBM,2026-06-18 23:45,overnight,OCEA.MEMOIR,False,,23:40,False,,,,0.0,0.0,0.0,,0.0,7330720.5858281655,-4.081632653061218,7.450841671879844
IBM,2026-06-18 23:45,overnight,OCEA.MEMOIR,False,,23:45,True,,,,0.0,0.0,0.0,,0.0,7330720.5858281655,-4.081632653061218,7.450841671879844
IBM,2026-06-18 23:45,overnight,OCEA.MEMOIR,False,,23:50,False,,,,0.0,0.0,0.0,,0.0,7330720.5858281655,-4.081632653061218,7.450841671879844
IBM,2026-06-18 23:45,overnight,OCEA.MEMOIR,False,,23:55,False,,,,0.0,0.0,0.0,,0.0,7330720.5858281655,-4.081632653061218,7.450841671879844
IBM,2026-07-22 16:10,postmarket,XNAS.BASIC,True,2026-07-22,16:00,False,206.75,,0.0,1891990.3802999998,9156.0,305462.9765,6.1938451657168345,0.12814199738650867,14764795.45260465,2.1682153919466263,6.419864077832714
IBM,2026-07-22 16:10,postmarket,XNAS.BASIC,True,2026-07-22,16:05,False,209.9246,1.5354776299879136,1.5354776299879136,20700866.9914,99296.0,3652810.0925999996,5.667107368471357,1.4020422469007636,14764795.45260465,2.1682153919466263,6.419864077832714
IBM,2026-07-22 16:10,postmarket,XNAS.BASIC,True,2026-07-22,16:10,True,214.58,2.2176533860252645,3.78718258766626,66916192.8132,312436.0,5004128.0636,13.372198305624513,4.532144927303774,14764795.45260465,2.1682153919466263,6.419864077832714
IBM,2026-07-22 16:10,postmarket,XNAS.BASIC,True,2026-07-22,16:15,False,211.6537,-1.3637338055736858,2.3718016928657715,23693897.8321,111496.0,19381177.937,1.2225210412452137,1.6047562533567081,14764795.45260465,2.1682153919466263,6.419864077832714
IBM,2026-07-22 16:10,postmarket,XNAS.BASIC,True,2026-07-22,16:20,False,212.61,0.45182295419359253,2.8343409915356776,13563765.2781,64122.0,2810899.8048,4.825417560219684,0.9186558203017451,14764795.45260465,2.1682153919466263,6.419864077832714
INTC,2026-02-01 20:10,overnight,OCEA.MEMOIR,False,,20:00,False,46.28,,0.0,2665695.66,57767.0,0.0,,0.06665884263673286,39990128.15939664,-0.7187995396208291,12.938817973707677
INTC,2026-02-01 20:10,overnight,OCEA.MEMOIR,False,,20:05,False,45.97,-0.6698357821953382,-0.6698357821953382,1518882.49,32979.0,0.0,,0.03798143591703149,39990128.15939664,-0.7187995396208291,12.938817973707677
INTC,2026-02-01 20:10,overnight,OCEA.MEMOIR,False,,20:10,True,44.58,-3.0237111159451824,-3.673292999135702,3982769.06,88417.0,0.0,,0.09959380585441192,39990128.15939664,-0.7187995396208291,12.938817973707677
INTC,2026-02-01 20:10,overnight,OCEA.MEMOIR,False,,20:15,False,45.7,2.512337371018414,-1.253241140881589,3797807.05,83141.0,0.0,,0.09496861412552422,39990128.15939664,-0.7187995396208291,12.938817973707677
INTC,2026-02-01 20:10,overnight,OCEA.MEMOIR,False,,20:20,False,45.68,-0.04376367614880028,-1.2964563526361328,748250.78,16330.0,0.0,,0.018710887272417518,39990128.15939664,-0.7187995396208291,12.938817973707677
INTC,2026-03-23 07:05,premarket,XNAS.BASIC,False,,06:55,False,43.2,,0.0,244573.12000000002,5664.0,8116.530000000001,30.13271927781946,0.007687135537995503,31815897.975408264,3.172841219185041,12.854645884959448
INTC,2026-03-23 07:05,premarket,XNAS.BASIC,False,,07:00,False,43.27,0.16203703703703276,0.16203703703703276,717635.9,16586.0,20802.73,34.497198204274156,0.022555890157640326,31815897.975408264,3.172841219185041,12.854645884959448
INTC,2026-03-23 07:05,premarket,XNAS.BASIC,False,,07:05,True,44.6,3.073723133810957,3.240740740740744,3420517.14,77350.0,132028.72,25.907371820313035,0.1075096840781879,31815897.975408264,3.172841219185041,12.854645884959448
INTC,2026-03-23 07:05,premarket,XNAS.BASIC,False,,07:10,False,44.97,0.829596412556044,4.097222222222219,3429384.45,76795.0,64791.02,52.92993458044032,0.1077883909689019,31815897.975408264,3.172841219185041,12.854645884959448
INTC,2026-03-23 07:05,premarket,XNAS.BASIC,False,,07:15,False,44.9,-0.15565932844118224,3.935185185185186,3340133.23,74346.0,62774.92,53.20808421579829,0.10498315127178613,31815897.975408264,3.172841219185041,12.854645884959448
INTC,2026-04-07 09:05,premarket,XNAS.BASIC,False,,08:55,False,49.75,,0.0,892619.5432000001,17886.0,935027.5231999999,0.9546452067476425,0.028253768708562096,31592937.29652067,4.276210323821728,17.232442540474185
INTC,2026-04-07 09:05,premarket,XNAS.BASIC,False,,09:00,False,49.91,0.32160804020100464,0.32160804020100464,515836.8477,10358.0,1618207.7409,0.3187704734455828,0.016327600148682887,31592937.29652067,4.276210323821728,17.232442540474185
INTC,2026-04-07 09:05,premarket,XNAS.BASIC,False,,09:05,True,52.05,4.287717892205967,4.623115577889436,38621987.1126,741507.0,1754244.3662,22.016309618403948,1.2224880121182478,31592937.29652067,4.276210323821728,17.232442540474185
INTC,2026-04-07 09:05,premarket,XNAS.BASIC,False,,09:10,False,51.5929,-0.8781940441882741,3.7043216080401953,21983158.653500002,424670.0,3668049.0456,5.993147414391815,0.6958250968301389,31592937.29652067,4.276210323821728,17.232442540474185
INTC,2026-04-07 09:05,premarket,XNAS.BASIC,False,,09:15,False,51.5396,-0.10330878861238846,3.597185929648239,17686054.7696,341565.0,1971914.5178,8.968976398293243,0.5598103969759015,31592937.29652067,4.276210323821728,17.232442540474185
INTC,2026-04-22 18:15,postmarket,XNAS.BASIC,False,,18:05,False,65.4152,,0.0,372581.7276,5693.0,1541670.7357,0.24167399625110492,0.00795149932491059,46856789.18852067,1.17640015565601,11.745813549499807
INTC,2026-04-22 18:15,postmarket,XNAS.BASIC,False,,18:10,False,66.93,2.3156697525957393,2.3156697525957393,11742394.242400002,176314.0,436409.675,26.906814663080056,0.2506017686179134,46856789.18852067,1.17640015565601,11.745813549499807
INTC,2026-04-22 18:15,postmarket,XNAS.BASIC,False,,18:15,True,68.27,2.0020917376363245,4.36412332301972,24784766.31,366937.0,232089.1629,106.7898474892556,0.5289471758357689,46856789.18852067,1.17640015565601,11.745813549499807
INTC,2026-04-22 18:15,postmarket,XNAS.BASIC,False,,18:20,False,67.5295,-1.0846638347736914,3.2321234208563254,14780344.104799999,217191.0,206715.3639,71.50094616068351,0.315436553822194,46856789.18852067,1.17640015565601,11.745813549499807
INTC,2026-04-22 18:15,postmarket,XNAS.BASIC,False,,18:25,False,66.95,-0.8581434780355224,2.346243686482663,15591539.0945,232354.0,274769.42770000006,56.74408257502076,0.33274877268627984,46856789.18852067,1.17640015565601,11.745813549499807
INTC,2026-05-11 21:35,overnight,OCEA.MEMOIR,False,,21:25,False,125.8,,0.0,7163965.2,56864.0,0.0,,0.03259146152251575,219811105.89504522,-0.5356143576624839,10.131840496679272
INTC,2026-05-11 21:35,overnight,OCEA.MEMOIR,False,,21:30,False,125.0,-0.6359300476947549,-0.6359300476947549,6246376.4,49803.0,0.0,,0.028417019124513675,219811105.89504522,-0.5356143576624839,10.131840496679272
INTC,2026-05-11 21:35,overnight,OCEA.MEMOIR,False,,21:35,True,122.03,-2.3760000000000003,-2.99682034976152,15020127.9,121430.0,0.0,,0.06833197912744121,219811105.89504522,-0.5356143576624839,10.131840496679272
INTC,2026-05-11 21:35,overnight,OCEA.MEMOIR,False,,21:40,False,124.46,1.9913136114070307,-1.0651828298887112,23850204.330000002,195418.0,0.0,,0.10850318155165431,219811105.89504522,-0.5356143576624839,10.131840496679272
INTC,2026-05-11 21:35,overnight,OCEA.MEMOIR,False,,21:45,False,124.97,0.4097702072955123,-0.6597774244833099,11800491.44,94316.0,0.0,,0.053684691644445226,219811105.89504522,-0.5356143576624839,10.131840496679272
INTC,2026-05-31 20:00,overnight,OCEA.MEMOIR,False,,19:50,False,,,,0.0,0.0,0.0,,0.0,94569067.31871964,-2.1658469238070577,8.642982137771991
INTC,2026-05-31 20:00,overnight,OCEA.MEMOIR,False,,19:55,False,,,,0.0,0.0,0.0,,0.0,94569067.31871964,-2.1658469238070577,8.642982137771991
INTC,2026-05-31 20:00,overnight,OCEA.MEMOIR,False,,20:00,True,113.11,,,12834804.950000001,113472.0,0.0,,0.13571884881494853,94569067.31871964,-2.1658469238070577,8.642982137771991
INTC,2026-05-31 20:00,overnight,OCEA.MEMOIR,False,,20:05,False,112.05,-0.937140836353989,,7273767.91,64612.0,0.0,,0.07691487413623019,94569067.31871964,-2.1658469238070577,8.642982137771991
INTC,2026-05-31 20:00,overnight,OCEA.MEMOIR,False,,20:10,False,112.3,0.22311468094600162,,5622953.6,50048.0,0.0,,0.05945869785359461,94569067.31871964,-2.1658469238070577,8.642982137771991
INTC,2026-05-31 23:05,overnight,OCEA.MEMOIR,False,,22:55,False,112.16,,0.0,705687.9,6292.0,0.0,,0.007462142960780913,94569067.31871964,4.275471364078953,9.804487527558877
INTC,2026-05-31 23:05,overnight,OCEA.MEMOIR,False,,23:00,False,112.82,0.5884450784593431,0.5884450784593431,4287962.71,38044.0,0.0,,0.04534212752197897,94569067.31871964,4.275471364078953,9.804487527558877
INTC,2026-05-31 23:05,overnight,OCEA.MEMOIR,False,,23:05,True,114.85,1.7993263605743604,2.398359486447932,14235171.11,124478.0,0.0,,0.1505267156968375,94569067.31871964,4.275471364078953,9.804487527558877
INTC,2026-05-31 23:05,overnight,OCEA.MEMOIR,False,,23:10,False,117.71,2.4902046147148527,4.948288159771752,25014200.96,214168.0,0.0,,0.26450721857810394,94569067.31871964,4.275471364078953,9.804487527558877
INTC,2026-05-31 23:05,overnight,OCEA.MEMOIR,False,,23:15,False,116.94,-0.6541500297340908,4.261768901569196,22137295.16,187983.0,0.0,,0.23408600494485363,94569067.31871964,4.275471364078953,9.804487527558877
INTC,2026-06-01 07:00,premarket,XNAS.BASIC,False,,06:50,False,109.03,,0.0,2455850.1128,22512.0,615592.0702,3.9894115465167017,0.02596885199811918,94569067.31871964,-2.375928813870287,9.895930407110589
INTC,2026-06-01 07:00,premarket,XNAS.BASIC,False,,06:55,False,109.0,-0.02751536274420152,-0.02751536274420152,1614837.2486999999,14817.0,444032.0819,3.636758050882629,0.017075744685708116,94569067.31871964,-2.375928813870287,9.895930407110589
INTC,2026-06-01 07:00,premarket,XNAS.BASIC,False,,07:00,True,106.21,-2.559633027522945,-2.5864440979546988,30547811.149,284486.0,9403808.283,3.248451077445259,0.3230211739960045,94569067.31871964,-2.375928813870287,9.895930407110589
INTC,2026-06-01 07:00,premarket,XNAS.BASIC,False,,07:05,False,107.2996,1.0258921005555033,-1.5870861230853905,16450681.1426,153885.0,7660296.9435,2.147525254430106,0.1739541438762148,94569067.31871964,-2.375928813870287,9.895930407110589
INTC,2026-06-01 07:00,premarket,XNAS.BASIC,False,,07:10,False,107.2,-0.09282420437727312,-1.6784371273961263,12169482.7,113608.0,3365972.4232,3.615443375626524,0.1286835436262264,94569067.31871964,-2.375928813870287,9.895930407110589
INTC,2026-06-08 09:00,premarket,XNAS.BASIC,False,,08:50,False,103.5,,0.0,4462215.0696,43163.0,3365180.4547,1.3259957763536334,0.04308059220871044,103578313.12954392,9.08564256058706,23.701748410636707
INTC,2026-06-08 09:00,premarket,XNAS.BASIC,False,,08:55,False,103.54,0.038647342995168366,0.038647342995168366,5142913.5283,49710.0,2309704.1658,2.2266546532026004,0.04965241634962554,103578313.12954392,9.08564256058706,23.701748410636707
INTC,2026-06-08 09:00,premarket,XNAS.BASIC,False,,09:00,True,109.41,5.669306548193931,5.7101449275362315,98360458.74419999,909212.0,1912835.0004,51.42129808563283,0.9496240648482271,103578313.12954392,9.08564256058706,23.701748410636707
INTC,2026-06-08 09:00,premarket,XNAS.BASIC,False,,09:05,False,112.9,3.189836395210688,9.082125603864743,166048748.0744,1488798.0,3277784.0888,50.65884255213119,1.6031227296270525,103578313.12954392,9.08564256058706,23.701748410636707
INTC,2026-06-08 09:00,premarket,XNAS.BASIC,False,,09:10,False,112.31,-0.5225863596102776,8.512077294685994,136335144.1328,1209814.0,5161104.2856,26.415886327503355,1.316251829302217,103578313.12954392,9.08564256058706,23.701748410636707
INTC,2026-06-10 08:30,premarket,XNAS.BASIC,False,,08:20,False,104.32,,0.0,1090816.5573,10461.0,3094665.505,0.3524828630227033,0.009057200674732598,120436390.50011498,2.0583190394511064,8.384807622323926
INTC,2026-06-10 08:30,premarket,XNAS.BASIC,False,,08:25,False,104.9678,0.6209739263803637,0.6209739263803637,3658179.0148,34949.0,2990322.1784,1.2233394251710172,0.03037436608328533,120436390.50011498,2.0583190394511064,8.384807622323926
INTC,2026-06-10 08:30,premarket,XNAS.BASIC,False,,08:30,True,106.9897,1.9262097519429755,2.559144938650304,21879427.3822,205345.0,4750712.8224,4.605504100150341,0.18166791026653287,120436390.50011498,2.0583190394511064,8.384807622323926
INTC,2026-06-10 08:30,premarket,XNAS.BASIC,False,,08:35,False,106.6899,-0.2802138897482709,2.27175996932516,18460496.3363,172792.0,7708892.16,2.3947015930626274,0.1532800531437579,120436390.50011498,2.0583190394511064,8.384807622323926
INTC,2026-06-10 08:30,premarket,XNAS.BASIC,False,,08:40,False,106.68,-0.009279228867953293,2.2622699386503298,4989477.59,46745.0,2505621.3654,1.9913134757307893,0.04142832219797584,120436390.50011498,2.0583190394511064,8.384807622323926
INTC,2026-06-21 20:20,overnight,OCEA.MEMOIR,False,,20:10,False,132.87,,0.0,3657594.3000000003,27498.0,0.0,,0.021119852839598295,173182755.00207362,3.7191934279312777,7.92338473107112
INTC,2026-06-21 20:20,overnight,OCEA.MEMOIR,False,,20:15,False,133.88,0.7601414916835969,0.7601414916835969,3553990.07,26608.0,0.0,,0.020521616427440745,173182755.00207362,3.7191934279312777,7.92338473107112
INTC,2026-06-21 20:20,overnight,OCEA.MEMOIR,False,,20:20,True,136.04,1.6133851210038852,2.3857906224128644,13266767.879999999,97767.0,0.0,,0.07660559436094633,173182755.00207362,3.7191934279312777,7.92338473107112
INTC,2026-06-21 20:20,overnight,OCEA.MEMOIR,False,,20:25,False,138.94,2.13172596295208,4.568375103484601,24400481.25,176403.0,0.0,,0.14089440516007404,173182755.00207362,3.7191934279312777,7.92338473107112
INTC,2026-06-21 20:20,overnight,OCEA.MEMOIR,False,,20:30,False,139.26,0.23031524399019787,4.809212011740782,10294284.440000001,74165.0,0.0,,0.059441740835435616,173182755.00207362,3.7191934279312777,7.92338473107112
INTC,2026-06-21 20:40,overnight,OCEA.MEMOIR,False,,20:30,False,139.26,,0.0,10294284.440000001,74165.0,0.0,,0.059441740835435616,173182755.00207362,2.12933190425153,8.316677487238623
INTC,2026-06-21 20:40,overnight,OCEA.MEMOIR,False,,20:35,False,139.82,0.40212552060894247,0.40212552060894247,17981592.939999998,128635.0,0.0,,0.10383015872327873,173182755.00207362,2.12933190425153,8.316677487238623
INTC,2026-06-21 20:40,overnight,OCEA.MEMOIR,False,,20:40,True,142.6,1.9882706336718625,2.3983914979175625,24938241.69,175604.0,0.0,,0.14399956675652492,173182755.00207362,2.12933190425153,8.316677487238623
INTC,2026-06-21 20:40,overnight,OCEA.MEMOIR,False,,20:45,False,143.09,0.3436185133239844,2.7502513284503927,16977774.02,118834.0,0.0,,0.09803386035634272,173182755.00207362,2.12933190425153,8.316677487238623
INTC,2026-06-21 20:40,overnight,OCEA.MEMOIR,False,,20:50,False,143.15,0.04193165140820021,2.793336205658492,16260794.99,114257.0,0.0,,0.09389384635788535,173182755.00207362,2.12933190425153,8.316677487238623
INTC,2026-01-22 16:00,postmarket,XNAS.BASIC,True,2026-01-22,15:50,False,54.2023,,0.0,159491241.8746,2946228.0,117462366.9524,1.357807151453296,1.8363021875429109,86854572.7149677,-6.291494252873564,28.26533112102564
INTC,2026-01-22 16:00,postmarket,XNAS.BASIC,True,2026-01-22,15:55,False,54.3145,0.207002285880864,0.207002285880864,136807999.34350002,2519820.0,196620486.496,0.695797278206222,1.5751387067721285,86854572.7149677,-6.291494252873564,28.26533112102564
INTC,2026-01-22 16:00,postmarket,XNAS.BASIC,True,2026-01-22,16:00,True,51.5307,-5.125334855333286,-4.9289421297620155,92409950.7583,1794092.0,52975019.18799999,1.7444061781337286,1.0639618372375568,86854572.7149677,-6.291494252873564,28.26533112102564
INTC,2026-01-22 16:00,postmarket,XNAS.BASIC,True,2026-01-22,16:05,False,51.771,0.46632395833938745,-4.485603009466388,136055843.9175,2613006.0,12187318.871,11.163722337752887,1.5664787663396496,86854572.7149677,-6.291494252873564,28.26533112102564
INTC,2026-01-22 16:00,postmarket,XNAS.BASIC,True,2026-01-22,16:10,False,50.2901,-2.8604817368797164,-7.217774891471396,89005496.4013,1753686.0,5770529.2869,15.424147764635098,1.0247646568176787,86854572.7149677,-6.291494252873564,28.26533112102564
INTC,2026-04-23 16:00,postmarket,XNAS.BASIC,True,2026-04-23,15:50,False,66.648,,0.0,111484858.09,1673962.0,77049787.9073,1.4469197270747776,2.5738130111472475,43315057.31269379,13.576347305389236,84.12721859054705
INTC,2026-04-23 16:00,postmarket,XNAS.BASIC,True,2026-04-23,15:55,False,66.635,-0.019505461529212287,-0.019505461529212287,121380342.4295,1822177.0,72404116.5538,1.6764287475189084,2.80226669338675,43315057.31269379,13.576347305389236,84.12721859054705
INTC,2026-04-23 16:00,postmarket,XNAS.BASIC,True,2026-04-23,16:00,True,78.01,17.070608539056042,17.04777337654544,144914509.5943,1888209.0,32696349.044200003,4.432131226590461,3.3455920085284467,43315057.31269379,13.576347305389236,84.12721859054705
INTC,2026-04-23 16:00,postmarket,XNAS.BASIC,True,2026-04-23,16:05,False,75.97,-2.615049352647103,13.98691633657425,192941281.30879998,2519286.0,7100426.481,27.173196120696513,4.45436975682489,43315057.31269379,13.576347305389236,84.12721859054705
INTC,2026-04-23 16:00,postmarket,XNAS.BASIC,True,2026-04-23,16:10,False,75.9,-0.09214163485585791,13.88188692833996,97535611.9974,1280018.0,1638908.2398,59.5125520934,2.251771509692,43315057.31269379,13.576347305389236,84.12721859054705
INTC,2026-07-23 16:00,postmarket,XNAS.BASIC,True,2026-07-23,15:50,False,99.67,,0.0,181984337.6,1825269.0,88998900.782,2.044793092959259,3.057434963547884,59521899.8178863,8.551779128874703,43.9807308207335
INTC,2026-07-23 16:00,postmarket,XNAS.BASIC,True,2026-07-23,15:55,False,100.275,0.6070031102638707,0.6070031102638707,190033954.64,1901234.0,173807529.1075,1.0933585881798247,3.1926728686656416,59521899.8178863,8.551779128874703,43.9807308207335
INTC,2026-07-23 16:00,postmarket,XNAS.BASIC,True,2026-07-23,16:00,True,108.84,8.54151084517576,9.200361191933393,292622421.71999997,2740173.0,56223499.638000004,5.204628377886034,4.916214412095547,59521899.8178863,8.551779128874703,43.9807308207335
INTC,2026-07-23 16:00,postmarket,XNAS.BASIC,True,2026-07-23,16:05,False,108.1157,-0.6654722528482204,8.473663088191042,186886843.7168,1719577.0,4597684.6226,40.6480346211992,3.139799708823148,59521899.8178863,8.551779128874703,43.9807308207335
INTC,2026-07-23 16:00,postmarket,XNAS.BASIC,True,2026-07-23,16:10,False,110.8001,2.4828956386537815,11.16695093809572,201836605.6509,1825160.0,12202413.2958,16.54071213276893,3.390963767427467,59521899.8178863,8.551779128874703,43.9807308207335
LITE,2026-05-25 20:00,overnight,OCEA.MEMOIR,False,,19:50,False,,,,0.0,0.0,0.0,,0.0,20893833.168670543,-4.540856802856008,13.90656533142358
LITE,2026-05-25 20:00,overnight,OCEA.MEMOIR,False,,19:55,False,,,,0.0,0.0,0.0,,0.0,20893833.168670543,-4.540856802856008,13.90656533142358
LITE,2026-05-25 20:00,overnight,OCEA.MEMOIR,False,,20:00,True,971.02,,,4030147.31,4157.0,0.0,,0.19288692876341346,20893833.168670543,-4.540856802856008,13.90656533142358
LITE,2026-05-25 20:00,overnight,OCEA.MEMOIR,False,,20:05,False,960.0,-1.1348890857036942,,1425486.98,1476.0,0.0,,0.06822524945482288,20893833.168670543,-4.540856802856008,13.90656533142358
LITE,2026-05-25 20:00,overnight,OCEA.MEMOIR,False,,20:10,False,967.99,0.8322916666666735,,1493939.77,1550.0,0.0,,0.07150146925840789,20893833.168670543,-4.540856802856008,13.90656533142358
LLY,2026-06-07 22:15,overnight,OCEA.MEMOIR,False,,22:05,False,1171.0,,0.0,406029.57,348.0,0.0,,0.013710550139954645,29614389.34654909,3.354686446392452,5.760552348042021
LLY,2026-06-07 22:15,overnight,OCEA.MEMOIR,False,,22:10,False,1185.05,1.1998292058069904,1.1998292058069904,804053.6,680.0,0.0,,0.027150774260138337,29614389.34654909,3.354686446392452,5.760552348042021
LLY,2026-06-07 22:15,overnight,OCEA.MEMOIR,False,,22:15,True,1223.04,3.2057719083582903,4.444064901793343,3090249.78,2555.0,0.0,,0.1043496032904052,29614389.34654909,3.354686446392452,5.760552348042021
LLY,2026-06-07 22:15,overnight,OCEA.MEMOIR,False,,22:20,False,1200.5,-1.8429487179487114,2.5192143467122063,1221429.67,1014.0,0.0,,0.041244465847557005,29614389.34654909,3.354686446392452,5.760552348042021
LLY,2026-06-07 22:15,overnight,OCEA.MEMOIR,False,,22:25,False,1200.0,-0.04164931278634043,2.4765157984628416,311103.88,260.0,0.0,,0.010505159379092596,29614389.34654909,3.354686446392452,5.760552348042021
META,2025-12-04 09:05,premarket,XNAS.BASIC,False,,08:55,False,643.6,,0.0,1067844.86,1659.0,1329247.266,0.8033455379700589,0.02381294686054553,44843037.11983074,2.2669911663962594,17.607034526549462
META,2025-12-04 09:05,premarket,XNAS.BASIC,False,,09:00,False,669.61,4.041330018645128,4.041330018645128,289652172.712,432623.0,4128939.8156,70.15170616380345,6.459245209863548,44843037.11983074,2.2669911663962594,17.607034526549462
META,2025-12-04 09:05,premarket,XNAS.BASIC,False,,09:05,True,680.0001,1.5516644016666303,5.655702299564935,280913995.9977,414880.0,16915204.7564,16.607188623679768,6.264383816087974,44843037.11983074,2.2669911663962594,17.607034526549462
META,2025-12-04 09:05,premarket,XNAS.BASIC,False,,09:10,False,682.84,0.4176322915246722,6.096954630205098,346525772.3918,507137.0,7320658.515,47.33532805577122,7.72752682798457,44843037.11983074,2.2669911663962594,17.607034526549462
META,2025-12-04 09:05,premarket,XNAS.BASIC,False,,09:15,False,678.2944,-0.6656903520590562,5.390677439403357,255461534.7716,375464.0,6658022.0249,38.36898313286023,5.696793776232171,44843037.11983074,2.2669911663962594,17.607034526549462
META,2026-01-28 16:00,postmarket,XNAS.BASIC,True,2026-01-28,15:50,False,669.19,,0.0,224895826.1864,335081.0,95243618.5161,2.3612692345197233,3.5556023599103614,63251118.49460853,3.425149700598795,66.18799446509225
META,2026-01-28 16:00,postmarket,XNAS.BASIC,True,2026-01-28,15:55,False,670.03,0.12552488829777886,0.12552488829777886,318689294.8445,475603.0,150685811.3576,2.114925698533106,5.0384768274361,63251118.49460853,3.425149700598795,66.18799446509225
META,2026-01-28 16:00,postmarket,XNAS.BASIC,True,2026-01-28,16:00,True,652.65,-2.5939137053564765,-2.4716448243398803,215763100.4174,331934.0,230733783.695,0.9351170728540157,3.4112139919832636,63251118.49460853,3.425149700598795,66.18799446509225
META,2026-01-28 16:00,postmarket,XNAS.BASIC,True,2026-01-28,16:05,False,691.275,5.918179728797979,3.3002585214961355,435494806.735,642231.0,1063017.03,409.6781090468513,6.885171631741519,63251118.49460853,3.425149700598795,66.18799446509225
META,2026-01-28 16:00,postmarket,XNAS.BASIC,True,2026-01-28,16:10,False,692.23,0.13815051896857167,3.4429683647394516,351354230.8998,504137.0,1380063.1249999998,254.59286936588504,5.5549093717567875,63251118.49460853,3.425149700598795,66.18799446509225
MRVL,2026-06-01 23:20,overnight,OCEA.MEMOIR,False,,23:10,False,228.87,,0.0,8756395.79,38756.0,0.0,,0.23118725970959175,37875771.35954393,13.23753537992598,13.830688871464544
MRVL,2026-06-01 23:20,overnight,OCEA.MEMOIR,False,,23:15,False,229.0,0.056800803949830225,0.056800803949830225,7646155.84,33450.0,0.0,,0.2018745906827142,37875771.35954393,13.23753537992598,13.830688871464544
MRVL,2026-06-01 23:20,overnight,OCEA.MEMOIR,False,,23:20,True,236.01,3.0611353711790246,3.1196749246297006,8262938.76,35371.0,0.0,,0.21815895659423729,37875771.35954393,13.23753537992598,13.830688871464544
MRVL,2026-06-01 23:20,overnight,OCEA.MEMOIR,False,,23:25,False,240.22,1.7838227193762934,4.95914711408223,23473830.34,98295.0,0.0,,0.619758476128964,37875771.35954393,13.23753537992598,13.830688871464544
MRVL,2026-06-01 23:20,overnight,OCEA.MEMOIR,False,,23:30,False,240.18,-0.01665140288068523,4.941669943636118,53358310.120000005,216449.0,0.0,,1.4087715762534507,37875771.35954393,13.23753537992598,13.830688871464544
MRVL,2026-06-02 00:00,overnight,OCEA.MEMOIR,False,,23:50,False,,,,0.0,0.0,0.0,,0.0,53918959.500337206,-2.235070428000463,9.623279745475154
MRVL,2026-06-02 00:00,overnight,OCEA.MEMOIR,False,,23:55,False,,,,0.0,0.0,0.0,,0.0,53918959.500337206,-2.235070428000463,9.623279745475154
MRVL,2026-06-02 00:00,overnight,OCEA.MEMOIR,False,,00:00,True,259.0,,,25143086.59,97479.0,0.0,,0.46631253316085886,53918959.500337206,-2.235070428000463,9.623279745475154
MRVL,2026-06-02 00:00,overnight,OCEA.MEMOIR,False,,00:05,False,261.9,1.119691119691102,,28175897.029999997,107485.0,0.0,,0.5225601029972359,53918959.500337206,-2.235070428000463,9.623279745475154
MRVL,2026-06-02 00:00,overnight,OCEA.MEMOIR,False,,00:10,False,255.56,-2.420771286750656,,21161876.52,82603.0,0.0,,0.3924756099914661,53918959.500337206,-2.235070428000463,9.623279745475154
MRVL,2026-06-02 04:10,premarket,XNAS.BASIC,False,,04:00,False,262.0,,0.0,181736371.1,704063.0,10730903.249999998,16.935794393635973,3.37054670164515,53918959.500337206,3.0840195181457863,10.603577084789135
MRVL,2026-06-02 04:10,premarket,XNAS.BASIC,False,,04:05,False,262.25,0.0954198473282375,0.0954198473282375,28507670.0,109323.0,774038.99,36.82975969983114,0.5287132812683768,53918959.500337206,3.0840195181457863,10.603577084789135
MRVL,2026-06-02 04:10,premarket,XNAS.BASIC,False,,04:10,True,270.0,2.9551954242135414,3.053435114503822,42546893.82960001,159649.0,1990298.87,21.377138112729774,0.7890896676026161,53918959.500337206,3.0840195181457863,10.603577084789135
MRVL,2026-06-02 04:10,premarket,XNAS.BASIC,False,,04:15,False,265.05,-1.8333333333333313,1.1641221374045774,32883238.060000002,123308.0,267940.625,122.72583920411472,0.6098641065170101,53918959.500337206,3.0840195181457863,10.603577084789135
MRVL,2026-06-02 04:10,premarket,XNAS.BASIC,False,,04:20,False,266.4,0.5093378607809784,1.6793893129770865,23006940.75,86908.0,1065094.58,21.600842950491774,0.42669482058265823,53918959.500337206,3.0840195181457863,10.603577084789135
MRVL,2026-06-02 04:25,premarket,XNAS.BASIC,False,,04:15,False,265.05,,0.0,32883238.060000002,123308.0,267940.625,122.72583920411472,0.6098641065170101,53918959.500337206,2.8548978522786816,9.826783635082029
MRVL,2026-06-02 04:25,premarket,XNAS.BASIC,False,,04:20,False,266.4,0.5093378607809784,0.5093378607809784,23006940.75,86908.0,1065094.58,21.600842950491774,0.42669482058265823,53918959.500337206,2.8548978522786816,9.826783635082029
MRVL,2026-06-02 04:25,premarket,XNAS.BASIC,False,,04:25,True,274.46,3.02552552552553,3.5502735332956004,43524553.44,159912.0,1110630.4736000001,39.18905025081782,0.8072216868303588,53918959.500337206,2.8548978522786816,9.826783635082029
MRVL,2026-06-02 04:25,premarket,XNAS.BASIC,False,,04:30,False,270.99,-1.2643008088610297,2.241086587436336,42609477.154,155426.0,450585.82550000004,94.56461952995899,0.7902503599635212,53918959.500337206,2.8548978522786816,9.826783635082029
MRVL,2026-06-02 04:25,premarket,XNAS.BASIC,False,,04:35,False,270.33,-0.24355142256172746,1.9920769666100568,16907807.64,62182.0,300844.5588,56.20114157105374,0.31357815129749045,53918959.500337206,2.8548978522786816,9.826783635082029
MRVL,2026-06-02 09:25,premarket,XNAS.BASIC,False,,09:15,False,255.75,,0.0,14414482.5275,56302.0,1655282.155,8.708172491293485,0.26733606622008077,53918959.500337206,-2.216739272909518,7.825658852339687
MRVL,2026-06-02 09:25,premarket,XNAS.BASIC,False,,09:20,False,258.0,0.8797653958944274,0.8797653958944274,43240029.1718,168023.0,4676664.4424,9.245912274520558,0.8019447996122696,53918959.500337206,-2.216739272909518,7.825658852339687
MRVL,2026-06-02 09:25,premarket,XNAS.BASIC,False,,09:25,True,255.75,-0.8720930232558155,0.0,49898051.33,194237.0,2252636.3099999996,22.1509575729071,0.9254268218897648,53918959.500337206,-2.216739272909518,7.825658852339687
MRVL,2026-06-02 09:25,premarket,XNAS.BASIC,False,,09:30,False,262.755,2.7390029325513154,2.7390029325513154,515724862.7952,1960018.0,97017202.89,5.315808407504171,9.564814817911586,53918959.500337206,-2.216739272909518,7.825658852339687
MRVL,2026-06-02 09:25,premarket,XNAS.BASIC,False,,09:35,False,268.5356,2.1999961941732815,4.9992570869990205,698913303.2973,2613151.0,171796090.037,4.068272468522269,12.962292109752767,53918959.500337206,-2.216739272909518,7.825658852339687
MRVL,2026-06-03 20:30,overnight,OCEA.MEMOIR,False,,20:20,False,288.0,,0.0,4052761.64,14089.0,0.0,,0.02136300831707366,189709313.40044314,2.2613843665026057,7.1773516540633295
MRVL,2026-06-03 20:30,overnight,OCEA.MEMOIR,False,,20:25,False,290.47,0.8576388888889008,0.8576388888889008,9904352.39,34093.0,0.0,,0.05220804510052518,189709313.40044314,2.2613843665026057,7.1773516540633295
MRVL,2026-06-03 20:30,overnight,OCEA.MEMOIR,False,,20:30,True,297.16,2.3031638379178654,3.1805555555555642,13831902.67,46916.0,0.0,,0.0729110364803402,189709313.40044314,2.2613843665026057,7.1773516540633295
MRVL,2026-06-03 20:30,overnight,OCEA.MEMOIR,False,,20:35,False,295.0,-0.7268811414726128,2.430555555555558,18503436.65,62562.0,0.0,,0.09753573147430292,189709313.40044314,2.2613843665026057,7.1773516540633295
MRVL,2026-06-03 20:30,overnight,OCEA.MEMOIR,False,,20:40,False,294.0,-0.3389830508474523,2.083333333333326,9120056.93,31005.0,0.0,,0.04807384923031774,189709313.40044314,2.2613843665026057,7.1773516540633295
MRVL,2026-06-05 17:15,postmarket,XNAS.BASIC,False,,17:05,False,259.5538,,0.0,10179670.5272,39272.0,3978111.46,2.5589203896262878,0.05163703295862972,197138951.3288979,7.479730501313253,22.14175537423576
MRVL,2026-06-05 17:15,postmarket,XNAS.BASIC,False,,17:10,False,262.43,1.1081324950742433,1.1081324950742433,15217477.84,58090.0,5295313.570800001,2.8737633072220476,0.07719163431386948,197138951.3288979,7.479730501313253,22.14175537423576
MRVL,2026-06-05 17:15,postmarket,XNAS.BASIC,False,,17:15,True,277.58,5.772968029569792,6.9450726593099255,121791868.97899999,443296.0,3102857.442,39.25151936741798,0.617797082504552,197138951.3288979,7.479730501313253,22.14175537423576
MRVL,2026-06-05 17:15,postmarket,XNAS.BASIC,False,,17:20,False,282.02,1.5995388716766312,8.655700667838406,87153443.69,310320.0,4741505.3744,18.380964864144772,0.4420914441438671,197138951.3288979,7.479730501313253,22.14175537423576
MRVL,2026-06-05 17:15,postmarket,XNAS.BASIC,False,,17:25,False,280.63,-0.49287284589745184,8.120166223727022,58867719.9553,209954.0,2720578.06,21.637945560474012,0.298610292681773,197138951.3288979,7.479730501313253,22.14175537423576
MRVL,2026-06-10 08:30,premarket,XNAS.BASIC,False,,08:20,False,255.95,,0.0,4011924.8200000003,15742.0,7679566.0,0.522415566192152,0.019526255952124386,205463086.71957755,3.6660588897079016,12.569133303998612
MRVL,2026-06-10 08:30,premarket,XNAS.BASIC,False,,08:25,False,257.2492,0.5075991404571045,0.5075991404571045,8581611.5674,33381.0,3765068.1975,2.279271215617868,0.04176716949216504,205463086.71957755,3.6660588897079016,12.569133303998612
MRVL,2026-06-10 08:30,premarket,XNAS.BASIC,False,,08:30,True,267.0,3.7904102325682754,4.3172494627857105,67978016.96000001,255090.0,3985799.73,17.05505082163273,0.3308526998466568,205463086.71957755,3.6660588897079016,12.569133303998612
MRVL,2026-06-10 08:30,premarket,XNAS.BASIC,False,,08:35,False,264.3,-1.0112359550561778,3.2623559288923687,32849274.3637,123681.0,4793207.8924,6.853296393796115,0.15987920209012393,205463086.71957755,3.6660588897079016,12.569133303998612
MRVL,2026-06-10 08:30,premarket,XNAS.BASIC,False,,08:40,False,263.775,-0.19863791146426113,3.0572377417464214,22701577.8316,86115.0,3635196.9168000002,6.2449375786728485,0.1104898120341384,205463086.71957755,3.6660588897079016,12.569133303998612
MRVL,2026-06-24 16:05,postmarket,XNAS.BASIC,False,,15:55,False,275.165,,0.0,198647829.555,721905.0,220856853.285,0.8994415459621675,2.4575923838495375,80830259.26530619,2.414422148299167,9.20904536045135
MRVL,2026-06-24 16:05,postmarket,XNAS.BASIC,False,,16:00,False,279.96,1.742590809150868,1.742590809150868,291816103.55999994,1043969.0,2718799.8344,107.33269138380669,3.6102334226367216,80830259.26530619,2.414422148299167,9.20904536045135
MRVL,2026-06-24 16:05,postmarket,XNAS.BASIC,False,,16:05,True,286.25,2.2467495356479628,4.028491995711647,46037998.708000004,161841.0,114147672.305,0.40331964531863174,0.5695639124067532,80830259.26530619,2.414422148299167,9.20904536045135
MRVL,2026-06-24 16:05,postmarket,XNAS.BASIC,False,,16:10,False,284.9,-0.47161572052402123,3.537877273635792,25330781.95,88925.0,3649797.3999999994,6.940325495875471,0.3133824161921553,80830259.26530619,2.414422148299167,9.20904536045135
MRVL,2026-06-24 16:05,postmarket,XNAS.BASIC,False,,16:15,False,285.07,0.05967005967006944,3.5996583867861087,13208794.360000001,46333.0,4704417.774900001,2.8077426351193426,0.16341397986421471,80830259.26530619,2.414422148299167,9.20904536045135
MRVL,2026-07-14 08:30,premarket,XNAS.BASIC,False,,08:20,False,225.8,,0.0,1067546.5904,4740.0,720628.0444,1.481411386492524,0.028517049996512684,37435379.554706715,2.175162474026271,7.512047088921573
MRVL,2026-07-14 08:30,premarket,XNAS.BASIC,False,,08:25,False,226.1,0.13286093888396078,0.13286093888396078,2893354.852,12804.0,1690555.4471999998,1.7114817835712808,0.07728931525248076,37435379.554706715,2.175162474026271,7.512047088921573
MRVL,2026-07-14 08:30,premarket,XNAS.BASIC,False,,08:30,True,230.927,2.1348960636886405,2.2705934455270027,14592519.9672,63393.0,1752269.26,8.32778403428706,0.38980558340206,37435379.554706715,2.175162474026271,7.512047088921573
MRVL,2026-07-14 08:30,premarket,XNAS.BASIC,False,,08:35,False,229.6801,-0.5399541846557443,1.7183790965456192,10944550.417100001,47691.0,1397281.64,7.832744740781108,0.2923584733822728,37435379.554706715,2.175162474026271,7.512047088921573
MRVL,2026-07-14 08:30,premarket,XNAS.BASIC,False,,08:40,False,229.8927,0.09256352640041321,1.812533215234713,5723336.9661,24873.0,1127737.74,5.075060240601684,0.1528857736766398,37435379.554706715,2.175162474026271,7.512047088921573
MRVL,2026-05-27 16:05,postmarket,XNAS.BASIC,True,2026-05-27,15:55,False,198.77,,0.0,215012338.44,1081518.0,103597754.495,2.0754536571579574,3.744073609929958,57427380.1320969,3.768465480856187,18.46978334522605
MRVL,2026-05-27 16:05,postmarket,XNAS.BASIC,True,2026-05-27,16:00,False,198.43,-0.17105196961312297,-0.17105196961312297,10172281.530000001,51072.0,3308345.6035,3.0747336430747843,0.17713295481356256,57427380.1320969,3.768465480856187,18.46978334522605
MRVL,2026-05-27 16:05,postmarket,XNAS.BASIC,True,2026-05-27,16:05,True,204.38,2.9985385274404086,2.822357498616479,116883767.4807,571725.0,4422266.67,26.430737041169884,2.035331704351461,57427380.1320969,3.768465480856187,18.46978334522605
MRVL,2026-05-27 16:05,postmarket,XNAS.BASIC,True,2026-05-27,16:10,False,202.4,-0.9687836383207693,1.8262313226341975,70979064.4274,348961.0,3206303.616,22.13734971111357,1.2359794973082687,57427380.1320969,3.768465480856187,18.46978334522605
MRVL,2026-05-27 16:05,postmarket,XNAS.BASIC,True,2026-05-27,16:15,False,211.3801,4.436808300395256,6.344066005936511,123890574.7973,582281.0,1969851.2496,62.893365589131335,2.157343317983889,57427380.1320969,3.768465480856187,18.46978334522605
MSFT,2026-01-28 16:00,postmarket,XNAS.BASIC,True,2026-01-28,15:50,False,481.4735,,0.0,354994926.73429996,738111.0,189685455.48999998,1.8714926024099667,3.8626710595670395,91904001.46941085,-4.393735089720985,77.7488978540608
MSFT,2026-01-28 16:00,postmarket,XNAS.BASIC,True,2026-01-28,15:55,False,482.99,0.3149706058588997,0.3149706058588997,388843256.01,805603.0,222423453.9908,1.7482115713664061,4.2309719902611835,91904001.46941085,-4.393735089720985,77.7488978540608
MSFT,2026-01-28 16:00,postmarket,XNAS.BASIC,True,2026-01-28,16:00,True,448.49,-7.143005031160065,-6.850532791524355,206062246.27,461102.0,464349587.78000003,0.44376532615256326,2.2421466201184437,91904001.46941085,-4.393735089720985,77.7488978540608
MSFT,2026-01-28 16:00,postmarket,XNAS.BASIC,True,2026-01-28,16:05,False,455.72,1.6120760775045095,-5.348892514333603,371559268.97470003,822007.0,6470623.8087,57.42248042223139,4.042906326536491,91904001.46941085,-4.393735089720985,77.7488978540608
MSFT,2026-01-28 16:00,postmarket,XNAS.BASIC,True,2026-01-28,16:10,False,461.27,1.2178530676731247,-4.19618109823282,445230638.08,969039.0,640137.3215999999,695.5236369708334,4.8445185297855575,91904001.46941085,-4.393735089720985,77.7488978540608
MSTR,2026-06-29 08:00,premarket,XNAS.BASIC,False,,07:50,False,83.75,,0.0,267145.45999999996,3188.0,710215.4726,0.37614705720507274,0.010490350429260204,25465828.02943023,4.859182627558001,18.5459935841046
MSTR,2026-06-29 08:00,premarket,XNAS.BASIC,False,,07:55,False,84.0,0.29850746268655914,0.29850746268655914,363546.8212,4340.0,1014058.5008,0.3585067537160771,0.014275868853738348,25465828.02943023,4.859182627558001,18.5459935841046
MSTR,2026-06-29 08:00,premarket,XNAS.BASIC,False,,08:00,True,88.08,4.857142857142849,5.170149253731338,22948200.47,265909.0,1369966.92,16.750915759338188,0.9011370234448819,25465828.02943023,4.859182627558001,18.5459935841046
MSTR,2026-06-29 08:00,premarket,XNAS.BASIC,False,,08:05,False,87.81,-0.3065395095367851,4.847761194029854,16562499.8356,187070.0,893552.6864,18.535560451760283,0.6503813587549216,25465828.02943023,4.859182627558001,18.5459935841046
MSTR,2026-06-29 08:00,premarket,XNAS.BASIC,False,,08:10,False,88.8,1.1274342330030773,6.02985074626865,8969747.015,101841.0,911943.47,9.8358585921998,0.35222679602775475,25465828.02943023,4.859182627558001,18.5459935841046
MSTR,2026-07-06 07:55,premarket,XNAS.BASIC,False,,07:45,False,103.867,,0.0,349922.64719999995,3359.0,906854.6126999999,0.38586410908598334,0.01422865820776558,24592807.142490957,-4.018115243784937,10.797415203711695
MSTR,2026-07-06 07:55,premarket,XNAS.BASIC,False,,07:50,False,103.61,-0.24743181183629614,-0.24743181183629614,1596563.9483999999,15362.0,697115.9600000001,2.290241566697167,0.06491995562562229,24592807.142490957,-4.018115243784937,10.797415203711695
MSTR,2026-07-06 07:55,premarket,XNAS.BASIC,False,,07:55,True,102.31,-1.2547051442910906,-1.499032416455659,4418174.0649999995,42921.0,1855639.2622,2.380944483661076,0.17965310098196832,24592807.142490957,-4.018115243784937,10.797415203711695
MSTR,2026-07-06 07:55,premarket,XNAS.BASIC,False,,08:00,False,99.5483,-2.6993451275535207,-4.157913485515142,9112162.4626,90638.0,1183991.7558,7.696136749231917,0.3705214459579195,24592807.142490957,-4.018115243784937,10.797415203711695
MSTR,2026-07-06 07:55,premarket,XNAS.BASIC,False,,08:05,False,98.6818,-0.8704317401703521,-4.99215342697874,7529472.6071999995,76134.0,1496629.7968000001,5.030951958392814,0.30616564280662084,24592807.142490957,-4.018115243784937,10.797415203711695
MSTR,2026-02-05 17:05,postmarket,XNAS.BASIC,True,2026-02-05,16:55,False,102.52,,0.0,4765572.7636,46239.0,486596.31999999995,9.793688459460608,0.18332738213720248,25994877.077519376,4.216099617609581,9.32312620295997
MSTR,2026-02-05 17:05,postmarket,XNAS.BASIC,True,2026-02-05,17:00,False,102.0432,-0.4650799843932907,-0.4650799843932907,7384751.134,72470.0,270261.1,27.324506316299313,0.28408486456688825,25994877.077519376,4.216099617609581,9.32312620295997
MSTR,2026-02-05 17:05,postmarket,XNAS.BASIC,True,2026-02-05,17:05,True,103.75,1.6726249274817029,1.1997658993367244,5192370.9848,50075.0,2021109.7974000003,2.5690692269561897,0.19974593337432678,25994877.077519376,4.216099617609581,9.32312620295997
MSTR,2026-02-05 17:05,postmarket,XNAS.BASIC,True,2026-02-05,17:10,False,105.99,2.159036144578308,3.384705423332024,3586554.0608,34168.0,1127371.06,3.1813430272017094,0.13797157224881387,25994877.077519376,4.216099617609581,9.32312620295997
MSTR,2026-02-05 17:05,postmarket,XNAS.BASIC,True,2026-02-05,17:15,False,103.41,-2.4341919048966876,0.8681232930159988,2630600.19,25274.0,486843.44,5.403380170840959,0.10119686975842516,25994877.077519376,4.216099617609581,9.32312620295997
MU,2026-01-29 16:10,postmarket,XNAS.BASIC,False,,16:00,False,435.9,,0.0,180980044.42000002,415204.0,42360081.2,4.272419676570403,1.2362620747566073,146392943.79036176,0.611491594770075,19.476721812816365
MU,2026-01-29 16:10,postmarket,XNAS.BASIC,False,,16:05,False,448.26,2.835512732278045,2.835512732278045,212768129.75,478696.0,17150853.4402,12.405687594023242,1.4534042710056374,146392943.79036176,0.611491594770075,19.476721812816365
MU,2026-01-29 16:10,postmarket,XNAS.BASIC,False,,16:10,True,455.8999,1.7043456922321898,4.588185363615516,128703010.8827,284656.0,18749453.622500002,6.864360608794054,0.8791613007455183,146392943.79036176,0.611491594770075,19.476721812816365
MU,2026-01-29 16:10,postmarket,XNAS.BASIC,False,,16:15,False,449.9,-1.3160564413372322,3.211745813259914,100015709.93,221568.0,41192706.461,2.4279955973442005,0.6832003465496597,146392943.79036176,0.611491594770075,19.476721812816365
MU,2026-01-29 16:10,postmarket,XNAS.BASIC,False,,16:20,False,446.83,-0.6823738608579655,2.5074558384950763,38963093.93,87068.0,26337342.13,1.4793859508556264,0.26615418012084036,146392943.79036176,0.611491594770075,19.476721812816365
MU,2026-02-01 20:05,overnight,OCEA.MEMOIR,False,,19:55,False,,,,0.0,0.0,0.0,,0.0,174181799.8192997,0.2602409638554182,12.20308946970197
MU,2026-02-01 20:05,overnight,OCEA.MEMOIR,False,,20:00,False,413.0,,,12265117.82,29321.0,0.0,,0.07041561077405402,174181799.8192997,0.2602409638554182,12.20308946970197
MU,2026-02-01 20:05,overnight,OCEA.MEMOIR,False,,20:05,True,403.56,-2.28571428571428,,15524776.46,37934.0,0.0,,0.08912972811226988,174181799.8192997,0.2602409638554182,12.20308946970197
MU,2026-02-01 20:05,overnight,OCEA.MEMOIR,False,,20:10,False,405.77,0.5476261274655503,,13611512.39,33478.0,0.0,,0.07814543427683548,174181799.8192997,0.2602409638554182,12.20308946970197
MU,2026-02-01 20:05,overnight,OCEA.MEMOIR,False,,20:15,False,413.01,1.784262020356353,,12909006.07,31570.0,0.0,,0.07411225560530496,174181799.8192997,0.2602409638554182,12.20308946970197
MU,2026-02-04 16:05,postmarket,XNAS.BASIC,False,,15:55,False,377.14,,0.0,297037879.63,786907.0,229168003.11,1.2961577340595085,2.049782423549546,144911906.85283977,3.0850641619261765,16.161568424885022
MU,2026-02-04 16:05,postmarket,XNAS.BASIC,False,,16:00,False,378.2,0.28106273532375603,0.28106273532375603,16423473.6939,43633.0,147192397.09,0.11157827454809337,0.1133341907547893,144911906.85283977,3.0850641619261765,16.161568424885022
MU,2026-02-04 16:05,postmarket,XNAS.BASIC,False,,16:05,True,383.0201,1.274484399788478,1.55912923582755,43694604.853300005,113957.0,9911674.153,4.408398034359797,0.30152529079389273,144911906.85283977,3.0850641619261765,16.161568424885022
MU,2026-02-04 16:05,postmarket,XNAS.BASIC,False,,16:10,False,392.45,2.4619856764697134,4.059500450761,43201156.5176,110726.0,12425539.0844,3.476803398561446,0.2981201300557823,144911906.85283977,3.0850641619261765,16.161568424885022
MU,2026-02-04 16:05,postmarket,XNAS.BASIC,False,,16:15,False,388.45,-1.0192381195056721,2.9988863551996703,28787383.11,73912.0,21172707.79,1.3596457947431957,0.1986543668853521,144911906.85283977,3.0850641619261765,16.161568424885022
MU,2026-02-04 21:55,overnight,OCEA.MEMOIR,False,,21:45,False,386.24,,0.0,2686164.79,6938.0,0.0,,0.01853653608138523,144911906.85283977,-1.0447722500194545,9.925667584881817
MU,2026-02-04 21:55,overnight,OCEA.MEMOIR,False,,21:50,False,384.7,-0.3987158243579203,-0.3987158243579203,4973857.51,12915.0,0.0,,0.03432331833885139,144911906.85283977,-1.0447722500194545,9.925667584881817
MU,2026-02-04 21:55,overnight,OCEA.MEMOIR,False,,21:55,True,378.94,-1.4972706004678926,-1.8900165700082905,10537960.620000001,27622.0,0.0,,0.07271977057552255,144911906.85283977,-1.0447722500194545,9.925667584881817
MU,2026-02-04 21:55,overnight,OCEA.MEMOIR,False,,22:00,False,381.6,0.7019580936296066,-1.2013256006627948,5484869.05,14388.0,0.0,,0.03784967825708047,144911906.85283977,-1.0447722500194545,9.925667584881817
MU,2026-02-04 21:55,overnight,OCEA.MEMOIR,False,,22:05,False,382.15,0.1441299790356343,-1.0589270919635574,2262962.84,5929.0,0.0,,0.015616127681613304,144911906.85283977,-1.0447722500194545,9.925667584881817
MU,2026-02-06 08:50,premarket,XNAS.BASIC,False,,08:40,False,396.0,,0.0,5205603.8564,13140.0,7040310.951,0.7393997072900026,0.04413697992674233,117942003.84893022,-5.022911526260132,11.9035350439961
MU,2026-02-06 08:50,premarket,XNAS.BASIC,False,,08:45,False,396.737,0.18611111111110912,0.18611111111110912,3288804.2290000003,8296.0,7030720.9645,0.46777624166939025,0.027884927520924353,117942003.84893022,-5.022911526260132,11.9035350439961
MU,2026-02-06 08:50,premarket,XNAS.BASIC,False,,08:50,True,385.0,-2.958383009399179,-2.777777777777779,85338940.31400001,220421.0,8081539.84,10.55973762470495,0.7235669865615402,117942003.84893022,-5.022911526260132,11.9035350439961
MU,2026-02-06 08:50,premarket,XNAS.BASIC,False,,08:55,False,384.71,-0.0753246753246839,-2.8510101010101097,40256611.0788,104377.0,4873394.399,8.260486999997473,0.34132548002460567,117942003.84893022,-5.022911526260132,11.9035350439961
MU,2026-02-06 08:50,premarket,XNAS.BASIC,False,,09:00,False,376.0,-2.264043045410824,-5.05050505050505,63018242.301400006,166499.0,8171094.7155,7.712337758349413,0.5343155130899669,117942003.84893022,-5.022911526260132,11.9035350439961
MU,2026-02-11 08:50,premarket,XNAS.BASIC,False,,08:40,False,386.79,,0.0,16488045.92,42708.0,5374489.100500001,3.067835027978023,0.15185146159454416,108580093.64456716,2.344533278490446,9.464070222700672
MU,2026-02-11 08:50,premarket,XNAS.BASIC,False,,08:45,False,387.9108,0.2897696424416285,0.2897696424416285,19280992.1572,49706.0,4405674.74,4.37639937014506,0.1775739135049524,108580093.64456716,2.344533278490446,9.464070222700672
MU,2026-02-11 08:50,premarket,XNAS.BASIC,False,,08:50,True,396.5,2.2142203826240436,2.510406163551271,137862741.51,347664.0,3106774.038,44.37488527448548,1.269687075066342,108580093.64456716,2.344533278490446,9.464070222700672
MU,2026-02-11 08:50,premarket,XNAS.BASIC,False,,08:55,False,396.62,0.0302648171500719,2.5414307505364553,80579004.389,203359.0,5116539.1514,15.748732102822233,0.7421158122479828,108580093.64456716,2.344533278490446,9.464070222700672
MU,2026-02-11 08:50,premarket,XNAS.BASIC,False,,09:00,False,396.6,-0.005042610054961649,2.5362599860389468,66396448.592999995,166939.0,2972183.6786,22.33928174461781,0.6114974335014507,108580093.64456716,2.344533278490446,9.464070222700672
MU,2026-03-23 07:05,premarket,XNAS.BASIC,False,,06:55,False,406.82,,0.0,902401.5700000001,2220.0,1146158.9100000001,0.787326750354364,0.004765763714419403,189350883.5256925,5.95027080256032,23.6041757521701
MU,2026-03-23 07:05,premarket,XNAS.BASIC,False,,07:00,False,405.86,-0.2359765989872642,-0.2359765989872642,14812352.65,36422.0,3732619.15,3.96835360232238,0.07822700572712223,189350883.5256925,5.95027080256032,23.6041757521701
MU,2026-03-23 07:05,premarket,XNAS.BASIC,False,,07:05,True,429.58,5.8443798354112175,5.594611867656463,56708212.46,134449.0,6045353.67,9.380462344397461,0.29948744576259356,189350883.5256925,5.95027080256032,23.6041757521701
MU,2026-03-23 07:05,premarket,XNAS.BASIC,False,,07:10,False,434.3,1.0987476139485253,6.7548301460105264,63632756.15,146975.0,2901223.98,21.93307258890091,0.33605735006441545,189350883.5256925,5.95027080256032,23.6041757521701
MU,2026-03-23 07:05,premarket,XNAS.BASIC,False,,07:15,False,431.42,-0.6631360810499642,6.046900349048734,30623255.55,71148.0,2207483.47,13.872473323662078,0.16172755563532829,189350883.5256925,5.95027080256032,23.6041757521701
MU,2026-04-01 21:15,overnight,OCEA.MEMOIR,False,,21:05,False,366.84,,0.0,15551872.46,42633.0,0.0,,0.07848247156911362,198157271.92414725,-2.340178015853689,10.21973963374048
MU,2026-04-01 21:15,overnight,OCEA.MEMOIR,False,,21:10,False,369.04,0.5997164976556668,0.5997164976556668,13228658.629999999,35832.0,0.0,,0.06675838086357894,198157271.92414725,-2.340178015853689,10.21973963374048
MU,2026-04-01 21:15,overnight,OCEA.MEMOIR,False,,21:15,True,361.3,-2.0973336223715555,-1.5101951804601388,15636354.75,42972.0,0.0,,0.07890881115877216,198157271.92414725,-2.340178015853689,10.21973963374048
MU,2026-04-01 21:15,overnight,OCEA.MEMOIR,False,,21:20,False,359.51,-0.49543315804041477,-1.9981463308254233,32486180.78,90009.0,0.0,,0.1639414010121991,198157271.92414725,-2.340178015853689,10.21973963374048
MU,2026-04-01 21:15,overnight,OCEA.MEMOIR,False,,21:25,False,358.21,-0.3616032933715374,-2.3525242612583153,42951970.12,120755.0,0.0,,0.2167569713840308,198157271.92414725,-2.340178015853689,10.21973963374048
MU,2026-04-07 18:35,postmarket,XNAS.BASIC,False,,18:25,False,384.45,,0.0,5082082.8706,13229.0,1565180.8117,3.2469621609276977,0.03915375043357027,129798111.65784626,1.5401397293717478,15.542132765249889
MU,2026-04-07 18:35,postmarket,XNAS.BASIC,False,,18:30,False,385.54,0.2835219144232015,0.2835219144232015,21880885.77,57271.0,833723.6425000001,26.24477063453313,0.16857630277148417,129798111.65784626,1.5401397293717478,15.542132765249889
MU,2026-04-07 18:35,postmarket,XNAS.BASIC,False,,18:35,True,394.16,2.2358250765160514,2.5256860449993646,81380946.74090001,206742.0,1026022.6192,79.31691291986677,0.6269809760824865,129798111.65784626,1.5401397293717478,15.542132765249889
MU,2026-04-07 18:35,postmarket,XNAS.BASIC,False,,18:40,False,391.5,-0.6748528516338559,1.8337885290675038,51980286.6354,132358.0,1886058.5261,27.560272343661076,0.4004702839778009,129798111.65784626,1.5401397293717478,15.542132765249889
MU,2026-04-07 18:35,postmarket,XNAS.BASIC,False,,18:45,False,392.81,0.3346104725415078,2.1745350500715244,32216280.42,82020.0,2842222.548,11.334890169902348,0.2482029977826148,129798111.65784626,1.5401397293717478,15.542132765249889
MU,2026-05-10 20:00,overnight,OCEA.MEMOIR,False,,19:50,False,,,,0.0,0.0,0.0,,0.0,357964445.63857746,2.228095678604447,9.51040389114656
MU,2026-05-10 20:00,overnight,OCEA.MEMOIR,False,,19:55,False,,,,0.0,0.0,0.0,,0.0,357964445.63857746,2.228095678604447,9.51040389114656
MU,2026-05-10 20:00,overnight,OCEA.MEMOIR,False,,20:00,True,772.18,,,56885693.93,73495.0,0.0,,0.15891436879581955,357964445.63857746,2.228095678604447,9.51040389114656
MU,2026-05-10 20:00,overnight,OCEA.MEMOIR,False,,20:05,False,775.0,0.36519982387526184,,33029722.76,42719.0,0.0,,0.09227095920400097,357964445.63857746,2.228095678604447,9.51040389114656
MU,2026-05-10 20:00,overnight,OCEA.MEMOIR,False,,20:10,False,773.5,-0.1935483870967758,,26873505.82,34721.0,0.0,,0.07507311451577266,357964445.63857746,2.228095678604447,9.51040389114656
MU,2026-05-10 20:50,overnight,OCEA.MEMOIR,False,,20:40,False,802.0,,0.0,15501644.93,19336.0,0.0,,0.04330498494716818,357964445.63857746,-1.9880392353117784,10.595468158955631
MU,2026-05-10 20:50,overnight,OCEA.MEMOIR,False,,20:45,False,798.41,-0.4476309226932762,-0.4476309226932762,30263484.5,37915.0,0.0,,0.08454326922332349,357964445.63857746,-1.9880392353117784,10.595468158955631
MU,2026-05-10 20:50,overnight,OCEA.MEMOIR,False,,20:50,True,785.29,-1.6432659911574277,-2.083541147132173,57211760.32,72636.0,0.0,,0.15982525923193067,357964445.63857746,-1.9880392353117784,10.595468158955631
MU,2026-05-10 20:50,overnight,OCEA.MEMOIR,False,,20:55,False,788.97,0.4686166893759003,-1.6246882793017448,39105781.0,49853.0,0.0,,0.10924487466971387,357964445.63857746,-1.9880392353117784,10.595468158955631
MU,2026-05-10 20:50,overnight,OCEA.MEMOIR,False,,21:00,False,770.2,-2.3790511679784965,-3.9650872817955096,79647641.08,103075.0,0.0,,0.22250154184423407,357964445.63857746,-1.9880392353117784,10.595468158955631
MU,2026-05-15 02:30,overnight,OCEA.MEMOIR,False,,02:20,False,746.71,,0.0,16436927.790000001,22040.0,0.0,,0.06089719467663859,269912725.49218994,1.1529992660305632,10.03615126993312
MU,2026-05-15 02:30,overnight,OCEA.MEMOIR,False,,02:25,False,750.21,0.46872279733765065,0.46872279733765065,11141121.66,14900.0,0.0,,0.04127675580943431,269912725.49218994,1.1529992660305632,10.03615126993312
MU,2026-05-15 02:30,overnight,OCEA.MEMOIR,False,,02:30,True,768.05,2.378000826435245,2.857869855767281,55312049.21,72433.0,0.0,,0.2049256814740307,269912725.49218994,1.1529992660305632,10.03615126993312
MU,2026-05-15 02:30,overnight,OCEA.MEMOIR,False,,02:35,False,758.81,-1.2030466766486558,1.620441670795869,22336826.21,29361.0,0.0,,0.08275573583745806,269912725.49218994,1.1529992660305632,10.03615126993312
MU,2026-05-15 02:30,overnight,OCEA.MEMOIR,False,,02:40,False,762.0,0.42039509231561745,2.0476490203693576,15602052.709999999,20497.0,0.0,,0.057804064930800945,269912725.49218994,1.1529992660305632,10.03615126993312
MU,2026-05-26 20:45,overnight,OCEA.MEMOIR,False,,20:35,False,947.11,,0.0,59454561.47,62811.0,0.0,,0.26877779470914837,221203397.90099612,1.059578909635306,10.322715882016064
MU,2026-05-26 20:45,overnight,OCEA.MEMOIR,False,,20:40,False,948.95,0.19427521618398114,0.19427521618398114,50158230.0,52881.0,0.0,,0.22675162531838364,221203397.90099612,1.059578909635306,10.322715882016064
MU,2026-05-26 20:45,overnight,OCEA.MEMOIR,False,,20:45,True,971.93,2.4216239001001005,2.6206037313511565,117018696.18,121357.0,0.0,,0.5290094876045891,221203397.90099612,1.059578909635306,10.322715882016064
MU,2026-05-26 20:45,overnight,OCEA.MEMOIR,False,,20:50,False,956.01,-1.6379780436862723,0.9397007739333274,88938213.86,92681.0,0.0,,0.40206531501747556,221203397.90099612,1.059578909635306,10.322715882016064
MU,2026-05-26 20:45,overnight,OCEA.MEMOIR,False,,20:55,False,958.96,0.3085741780943785,1.2511746259674217,68608502.8,71495.0,0.0,,0.31016025726108903,221203397.90099612,1.059578909635306,10.322715882016064
MU,2026-06-04 09:25,premarket,XNAS.BASIC,False,,09:15,False,1027.4985,,0.0,64593556.3292,63039.0,55019058.36790001,1.174021479925692,0.19453474363902298,332041233.97648317,-2.051531356344194,8.465159680473011
MU,2026-06-04 09:25,premarket,XNAS.BASIC,False,,09:20,False,1028.62,0.10914857783246301,0.10914857783246301,71752202.5016,69758.0,31917994.8325,2.248017235360269,0.21609425324169784,332041233.97648317,-2.051531356344194,8.465159680473011
MU,2026-06-04 09:25,premarket,XNAS.BASIC,False,,09:25,True,1010.95,-1.7178355466547224,-1.6105619618909328,84743631.6761,83314.0,39560180.5582,2.1421447142140106,0.2552202046150147,332041233.97648317,-2.051531356344194,8.465159680473011
MU,2026-06-04 09:25,premarket,XNAS.BASIC,False,,09:30,False,1013.364,0.23878530095453598,-1.3756224461641486,704456470.86,697684.0,805513731.492,0.8745430938280614,2.121593340753255,332041233.97648317,-2.051531356344194,8.465159680473011
MU,2026-06-04 09:25,premarket,XNAS.BASIC,False,,09:35,False,1013.8188,0.04488022073017017,-1.331359607824234,978459437.0754,968305.0,1198801093.3400002,0.8161983188965047,2.9468009902188816,332041233.97648317,-2.051531356344194,8.465159680473011
MU,2026-06-07 20:35,overnight,OCEA.MEMOIR,False,,20:25,False,908.5,,0.0,20195170.86,22251.0,0.0,,0.03865113300889823,522498806.3183216,2.367847471433926,10.099993038191844
MU,2026-06-07 20:35,overnight,OCEA.MEMOIR,False,,20:30,False,907.98,-0.05723720418271405,-0.05723720418271405,24542780.79,27025.0,0.0,,0.04697193657328246,522498806.3183216,2.367847471433926,10.099993038191844
MU,2026-06-07 20:35,overnight,OCEA.MEMOIR,False,,20:35,True,929.91,2.415251437256316,2.3566318106769346,93295057.33,100876.0,0.0,,0.1785555415664661,522498806.3183216,2.367847471433926,10.099993038191844
MU,2026-06-07 20:35,overnight,OCEA.MEMOIR,False,,20:40,False,922.0,-0.8506199524685121,1.4859658778205942,77135832.81,83198.0,0.0,,0.14762872541953062,522498806.3183216,2.367847471433926,10.099993038191844
MU,2026-06-07 20:35,overnight,OCEA.MEMOIR,False,,20:45,False,918.76,-0.351409978308026,1.1293340671436392,54739678.77,59488.0,0.0,,0.10476517478711901,522498806.3183216,2.367847471433926,10.099993038191844
MU,2026-06-10 08:30,premarket,XNAS.BASIC,False,,08:20,False,893.9,,0.0,13832672.55,15491.0,21852246.216000002,0.6330091841941563,0.024855974750321183,556512978.8290141,3.552792272676797,14.257075509927157
MU,2026-06-10 08:30,premarket,XNAS.BASIC,False,,08:25,False,898.9,0.55934668307418,0.55934668307418,45697295.86,50897.0,26199055.88,1.7442344513981014,0.08211362106262804,556512978.8290141,3.552792272676797,14.257075509927157
MU,2026-06-10 08:30,premarket,XNAS.BASIC,False,,08:30,True,933.0806,3.802491934586727,4.383107730171165,311587832.03,336432.0,34482384.0168,9.036145293150053,0.5598931990510393,556512978.8290141,3.552792272676797,14.257075509927157
MU,2026-06-10 08:30,premarket,XNAS.BASIC,False,,08:35,False,922.14,-1.1725246457808702,3.159190066002915,217472853.17949998,235496.0,14357354.765700001,15.147139339277654,0.390777684353553,556512978.8290141,3.552792272676797,14.257075509927157
MU,2026-06-10 08:30,premarket,XNAS.BASIC,False,,08:40,False,919.61,-0.27436181057105546,2.876160644367376,114478085.1055,124705.0,13915825.02,8.226467704284198,0.2057060472271085,556512978.8290141,3.552792272676797,14.257075509927157
MU,2026-06-22 20:20,overnight,OCEA.MEMOIR,False,,20:10,False,1218.81,,0.0,43145140.93,35369.0,0.0,,0.10403373804973141,414722586.5264522,-1.2751511136871785,14.79507698960647
MU,2026-06-22 20:20,overnight,OCEA.MEMOIR,False,,20:15,False,1207.0,-0.9689779374964069,-0.9689779374964069,38140624.97,31450.0,0.0,,0.09196659697136433,414722586.5264522,-1.2751511136871785,14.79507698960647
MU,2026-06-22 20:20,overnight,OCEA.MEMOIR,False,,20:20,True,1165.11,-3.4705882352941253,-4.4059369384891856,86094098.06,72576.0,0.0,,0.20759442783449336,414722586.5264522,-1.2751511136871785,14.79507698960647
MU,2026-06-22 20:20,overnight,OCEA.MEMOIR,False,,20:25,False,1191.2,2.239273544987186,-2.2653243737744133,74247968.66,62365.0,0.0,,0.17903044365601306,414722586.5264522,-1.2751511136871785,14.79507698960647
MU,2026-06-22 20:20,overnight,OCEA.MEMOIR,False,,20:30,False,1194.4,0.2686366689053088,-2.0027731968067064,26608278.75,22291.0,0.0,,0.0641592226091666,414722586.5264522,-1.2751511136871785,14.79507698960647
MU,2026-07-14 08:30,premarket,XNAS.BASIC,False,,08:20,False,968.4084,,0.0,13485866.7072,13953.0,23745681.9102,0.5679292242774937,0.056434210046684925,238966164.2476059,2.060293738727137,8.32830853311276
MU,2026-07-14 08:30,premarket,XNAS.BASIC,False,,08:25,False,968.2,-0.021519846378859064,-0.021519846378859064,14593392.8309,15065.0,24332667.556,0.5997448819499254,0.061068866702731144,238966164.2476059,2.060293738727137,8.32830853311276
MU,2026-07-14 08:30,premarket,XNAS.BASIC,False,,08:30,True,989.9739,2.2489051848791464,2.2269013775592983,174484476.4396,176877.0,41400855.489999995,4.214513791429869,0.7301639417821809,238966164.2476059,2.060293738727137,8.32830853311276
MU,2026-07-14 08:30,premarket,XNAS.BASIC,False,,08:35,False,983.0,-0.7044529153748313,1.5067609905077273,92796161.2379,94335.0,23125343.3774,4.012747388157189,0.38832343285951076,238966164.2476059,2.060293738727137,8.32830853311276
MU,2026-07-14 08:30,premarket,XNAS.BASIC,False,,08:40,False,986.36,0.3418107833163875,1.8537220453684666,42156547.0635,42768.0,18259356.576,2.3087641061191793,0.17641220126803936,238966164.2476059,2.060293738727137,8.32830853311276
MU,2026-06-24 16:00,postmarket,XNAS.BASIC,True,2026-06-24,15:50,False,1030.705,,0.0,872470228.875,846134.0,765773711.4194,1.1393316535479296,1.9462630174689293,448279714.01811236,10.304360270966503,29.302063717307306
MU,2026-06-24 16:00,postmarket,XNAS.BASIC,True,2026-06-24,15:55,False,1037.88,0.6961254675198258,0.6961254675198258,866551002.5731001,837097.0,755727342.0868,1.1466450322946915,1.9330587030268513,448279714.01811236,10.304360270966503,29.302063717307306
MU,2026-06-24 16:00,postmarket,XNAS.BASIC,True,2026-06-24,16:00,True,1100.0,5.985277681427514,6.72306819118953,1424293996.0,1299114.0,50137236.65,28.40790779800586,3.1772439203939813,448279714.01811236,10.304360270966503,29.302063717307306
MU,2026-06-24 16:00,postmarket,XNAS.BASIC,True,2026-06-24,16:05,False,1159.47,5.4063636363636425,12.492905341489568,1497060333.599,1317474.0,642394488.8299,2.3304376977546073,3.3395674325305573,448279714.01811236,10.304360270966503,29.302063717307306
MU,2026-06-24 16:00,postmarket,XNAS.BASIC,True,2026-06-24,16:10,False,1149.0,-0.9029987839271447,11.477095774251623,887798056.3261,775813.0,79984879.5872,11.099573580756813,1.9804555695112924,448279714.01811236,10.304360270966503,29.302063717307306
NBIS,2026-06-24 16:05,postmarket,XNAS.BASIC,False,,15:55,False,259.44,,0.0,95425183.03909999,368108.0,52236776.3827,1.8267816210554544,2.260823446639301,42208153.485381134,1.4201855709145894,11.096975830283034
NBIS,2026-06-24 16:05,postmarket,XNAS.BASIC,False,,16:00,False,263.5,1.5649090348442751,1.5649090348442751,6604414.62,25037.0,4688919.6153,1.4085152149867781,0.1564724839784202,42208153.485381134,1.4201855709145894,11.096975830283034
NBIS,2026-06-24 16:05,postmarket,XNAS.BASIC,False,,16:05,True,272.5,3.4155597722960174,5.033919210607474,31501488.5,117152.0,45811234.24,0.6876367559749029,0.7463365700399709,42208153.485381134,1.4201855709145894,11.096975830283034
NBIS,2026-06-24 16:05,postmarket,XNAS.BASIC,False,,16:10,False,267.0,-2.0183486238532056,2.913968547641077,16401067.399999999,61143.0,1001381.9076,16.37843391769304,0.38857580930851515,42208153.485381134,1.4201855709145894,11.096975830283034
NBIS,2026-06-24 16:05,postmarket,XNAS.BASIC,False,,16:15,False,267.5,0.1872659176029856,3.1066913351834646,4668038.74,17418.0,422805.4832,11.04062961688667,0.11059566350413276,42208153.485381134,1.4201855709145894,11.096975830283034
NBIS,2026-07-01 08:45,premarket,XNAS.BASIC,False,,08:35,False,261.97,,0.0,12571573.01,47986.0,606326.96,20.733983212621784,0.4438585242338616,28323378.562346254,-4.063916416993152,6.15976530440296
NBIS,2026-07-01 08:45,premarket,XNAS.BASIC,False,,08:40,False,260.01,-0.7481772722067515,-0.7481772722067515,21472946.8472,82665.0,1559816.52,13.766328649474746,0.7581350791161131,28323378.562346254,-4.063916416993152,6.15976530440296
NBIS,2026-07-01 08:45,premarket,XNAS.BASIC,False,,08:45,True,254.72,-2.0345371331871864,-2.7674924609688234,19063110.259999998,73882.0,986581.3099999999,19.322391440802786,0.6730521296404566,28323378.562346254,-4.063916416993152,6.15976530440296
NBIS,2026-07-01 08:45,premarket,XNAS.BASIC,False,,08:50,False,249.4,-2.088567839195976,-4.798259342672829,37175235.42,147876.0,523953.0081999999,70.95146862065484,1.3125282825341187,28323378.562346254,-4.063916416993152,6.15976530440296
NBIS,2026-07-01 08:45,premarket,XNAS.BASIC,False,,08:55,False,249.05,-0.1403368083400136,-4.931862426995459,27432909.384099998,109508.0,797073.9682,34.41701834279023,0.9685606300008973,28323378.562346254,-4.063916416993152,6.15976530440296
NBIS,2026-07-01 09:25,premarket,XNAS.BASIC,False,,09:15,False,247.1,,0.0,22665548.2303,90987.0,1096048.72,20.6793254868269,0.8002416865773245,28323378.562346254,-2.717303660699877,7.48124522062841
NBIS,2026-07-01 09:25,premarket,XNAS.BASIC,False,,09:20,False,247.75,0.26305139619586804,0.26305139619586804,28727129.9435,115546.0,1070965.5871,26.823578917496672,1.0142550571876514,28323378.562346254,-2.717303660699877,7.48124522062841
NBIS,2026-07-01 09:25,premarket,XNAS.BASIC,False,,09:25,True,240.91,-2.7608476286579253,-2.5050586806960706,41267377.43,170261.0,834508.15,49.45113769110583,1.457007586123987,28323378.562346254,-2.717303660699877,7.48124522062841
NBIS,2026-07-01 09:25,premarket,XNAS.BASIC,False,,09:30,False,228.75,-5.0475281225353825,-7.426143261837314,181437425.24,782884.0,28359743.537800003,6.397710367097169,6.405924520643419,28323378.562346254,-2.717303660699877,7.48124522062841
NBIS,2026-07-01 09:25,premarket,XNAS.BASIC,False,,09:35,False,237.5,3.825136612021862,-3.8850667745851886,284515114.402,1207044.0,80369398.5122,3.540092618197346,10.045239263236798,28323378.562346254,-2.717303660699877,7.48124522062841
NBIS,2026-07-22 16:10,postmarket,XNAS.BASIC,False,,16:00,False,217.52,,0.0,1653974.96,7594.0,245937848.60999998,0.006725174548561731,0.04549166408164265,36357759.01782041,2.073328407831543,6.642043845974668
NBIS,2026-07-22 16:10,postmarket,XNAS.BASIC,False,,16:05,False,216.75,-0.35399043766091154,-0.35399043766091154,8848533.585,40972.0,5939322.38,1.489822073776706,0.2433740094009363,36357759.01782041,2.073328407831543,6.642043845974668
NBIS,2026-07-22 16:10,postmarket,XNAS.BASIC,False,,16:10,True,220.8,1.86851211072665,1.5079073188672298,7252189.44,33021.0,14301826.3136,0.5070813531768102,0.19946744892735024,36357759.01782041,2.073328407831543,6.642043845974668
NBIS,2026-07-22 16:10,postmarket,XNAS.BASIC,False,,16:15,False,223.39,1.1730072463767893,2.698602427362995,15434623.9652,69344.0,6142712.4285,2.512672397553373,0.42452077306620756,36357759.01782041,2.073328407831543,6.642043845974668
NBIS,2026-07-22 16:10,postmarket,XNAS.BASIC,False,,16:20,False,223.35,-0.01790590447199314,2.6802133137182604,5923844.5,26584.0,4349497.601,1.3619606316458341,0.16293205797135307,36357759.01782041,2.073328407831543,6.642043845974668
NBIS,2026-07-22 17:00,postmarket,XNAS.BASIC,False,,16:50,False,221.75,,0.0,1248231.95,5638.0,1077413.547,1.158544881374134,0.03433192759180209,36357759.01782041,2.761498845675714,8.816853442780163
NBIS,2026-07-22 17:00,postmarket,XNAS.BASIC,False,,16:55,False,225.84,1.84441939120632,1.84441939120632,10278002.3494,45529.0,583821.0556999999,17.604713377589135,0.2826907550699793,36357759.01782041,2.761498845675714,8.816853442780163
NBIS,2026-07-22 17:00,postmarket,XNAS.BASIC,False,,17:00,True,231.01,2.2892313142047316,4.1758737316798245,19856240.67,86658.0,1701689.5350000001,11.668544855921677,0.5461348885740634,36357759.01782041,2.761498845675714,8.816853442780163
NBIS,2026-07-22 17:00,postmarket,XNAS.BASIC,False,,17:05,False,231.0,-0.004328816934329183,4.171364148816226,13561765.331999999,59020.0,2364892.41,5.734622545471317,0.37300883493267084,36357759.01782041,2.761498845675714,8.816853442780163
NBIS,2026-07-22 17:00,postmarket,XNAS.BASIC,False,,17:10,False,228.0,-1.2987012987012991,2.818489289740689,6275658.1558,27439.0,708768.8200000001,8.854309019688534,0.17260849747983767,36357759.01782041,2.761498845675714,8.816853442780163
NFLX,2026-02-26 17:50,postmarket,XNAS.BASIC,False,,17:40,False,84.82,,0.0,1678599.4912999999,19690.0,227484.9879,7.37894621880673,0.042808687686370264,39211654.97055039,-2.86957618567103,6.644782408709412
NFLX,2026-02-26 17:50,postmarket,XNAS.BASIC,False,,17:45,False,95.1099,12.13145484555529,12.13145484555529,95889771.23809999,1036681.0,81175232.45,1.181268822324142,2.4454405535832975,39211654.97055039,-2.86957618567103,6.644782408709412
NFLX,2026-02-26 17:50,postmarket,XNAS.BASIC,False,,17:50,True,92.5,-2.7440886805684794,9.05446828578167,106351220.28,1145815.0,296828.7446,358.29151392772496,2.7122349301470257,39211654.97055039,-2.86957618567103,6.644782408709412
NFLX,2026-02-26 17:50,postmarket,XNAS.BASIC,False,,17:55,False,93.01,0.551351351351359,9.655741570384357,98186193.54,1057481.0,431910.74399999995,227.32982428425078,2.5040053426396307,39211654.97055039,-2.86957618567103,6.644782408709412
NFLX,2026-02-26 17:50,postmarket,XNAS.BASIC,False,,18:00,False,93.0099,-0.00010751532093511429,9.655623673661884,47236288.6875,508920.0,983186.8699,48.04405971400371,1.2046491973617652,39211654.97055039,-2.86957618567103,6.644782408709412
NFLX,2026-01-20 16:00,postmarket,XNAS.BASIC,True,2026-01-20,15:50,False,87.73,,0.0,140367319.3634,1596926.0,57216580.2126,2.453263002469499,6.659943799757589,21076351.930854004,-3.853741340551453,8.969007885459673
NFLX,2026-01-20 16:00,postmarket,XNAS.BASIC,True,2026-01-20,15:55,False,87.57,-0.1823777499145196,-0.1823777499145196,199451997.1418,2275735.0,64971097.462,3.0698572893655456,9.463307397606085,21076351.930854004,-3.853741340551453,8.969007885459673
NFLX,2026-01-20 16:00,postmarket,XNAS.BASIC,True,2026-01-20,16:00,True,83.9361,-4.149708804385055,-4.324518408754141,87316420.4481,1030157.0,394103960.1,0.22155682075852348,4.142862139262161,21076351.930854004,-3.853741340551453,8.969007885459673
NFLX,2026-01-20 16:00,postmarket,XNAS.BASIC,True,2026-01-20,16:05,False,82.9,-1.2343914001246126,-5.505528325544285,140063209.4773,1675551.0,4877784.3766,28.714514349838755,6.645514837520778,21076351.930854004,-3.853741340551453,8.969007885459673
NFLX,2026-01-20 16:00,postmarket,XNAS.BASIC,True,2026-01-20,16:10,False,83.6636,0.9211097708081928,-4.635130514077279,119761522.2933,1439787.0,736794.4964000001,162.54399683827495,5.682270000340012,21076351.930854004,-3.853741340551453,8.969007885459673
NFLX,2026-07-16 16:00,postmarket,XNAS.BASIC,True,2026-07-16,15:50,False,73.92,,0.0,91719641.161,1241916.0,35787765.8379,2.562876978027697,5.695612845389102,16103559.643322995,-7.576103449664984,6.466110054126912
NFLX,2026-07-16 16:00,postmarket,XNAS.BASIC,True,2026-07-16,15:55,False,74.35,0.5817099567099415,0.5817099567099415,166534409.01,2245402.0,53174960.06,3.131820105216643,10.341465657193998,16103559.643322995,-7.576103449664984,6.466110054126912
NFLX,2026-07-16 16:00,postmarket,XNAS.BASIC,True,2026-07-16,16:00,True,72.4561,-2.5472763954270228,-1.9803841991341886,64600724.295200005,870163.0,1434810.9367,45.02385829576874,4.0115804037143645,16103559.643322995,-7.576103449664984,6.466110054126912
NFLX,2026-07-16 16:00,postmarket,XNAS.BASIC,True,2026-07-16,16:05,False,70.3483,-2.9090718379819136,-4.831845238095244,106339362.7692,1507268.0,3441354.041,30.900442529969844,6.603469364817821,16103559.643322995,-7.576103449664984,6.466110054126912
NFLX,2026-07-16 16:00,postmarket,XNAS.BASIC,True,2026-07-16,16:10,False,68.93,-2.0161112635273204,-6.750541125541121,75040452.6279,1074567.0,8944270.2238,8.389779238581507,4.65986740136762,16103559.643322995,-7.576103449664984,6.466110054126912
NOK,2026-07-23 05:35,premarket,XNAS.BASIC,True,2026-07-23,05:25,False,10.63,,0.0,527516.6355,49543.0,142254.5169,3.7082593016770495,0.09961081130094389,5295776.920301033,-2.789413556740284,5.450889562559628
NOK,2026-07-23 05:35,premarket,XNAS.BASIC,True,2026-07-23,05:30,False,10.4895,-1.32173095014112,-1.32173095014112,2107307.981,200138.0,31007.9122,67.96033113767653,0.3979223469405906,5295776.920301033,-2.789413556740284,5.450889562559628
NOK,2026-07-23 05:35,premarket,XNAS.BASIC,True,2026-07-23,05:35,True,10.2089,-2.6750560083893427,-3.9614299153339694,4084974.9467,396215.0,32849.669499999996,124.35360869307986,0.7713646190496622,5295776.920301033,-2.789413556740284,5.450889562559628
NOK,2026-07-23 05:35,premarket,XNAS.BASIC,True,2026-07-23,05:40,False,10.39,1.7739423444249613,-2.2577610536218318,3695555.0248,358514.0,129670.04900000001,28.499680946368727,0.697830569606004,5295776.920301033,-2.789413556740284,5.450889562559628
NOK,2026-07-23 05:35,premarket,XNAS.BASIC,True,2026-07-23,05:45,False,10.36,-0.2887391722810495,-2.539981185324569,3009972.6476,289020.0,20662.405600000002,145.6738729201986,0.5683722507384055,5295776.920301033,-2.789413556740284,5.450889562559628
NOW,2026-07-22 16:15,postmarket,XNAS.BASIC,True,2026-07-22,16:05,False,96.52,,0.0,11259336.235100001,117630.0,367083.24,30.672433410743572,0.9435301269613962,11933202.675107235,4.878447729456759,10.638587554421456
NOW,2026-07-22 16:15,postmarket,XNAS.BASIC,True,2026-07-22,16:10,False,97.6,1.1189390799834165,1.1189390799834165,74568231.8776,759677.0,4259616.9532,17.50585385889716,6.248802933109482,11933202.675107235,4.878447729456759,10.638587554421456
NOW,2026-07-22 16:15,postmarket,XNAS.BASIC,True,2026-07-22,16:15,True,102.65,5.174180327868871,6.351015333609622,71872566.7736,712790.0,967680.5724000001,74.27302854220244,6.022906735970118,11933202.675107235,4.878447729456759,10.638587554421456
NOW,2026-07-22 16:15,postmarket,XNAS.BASIC,True,2026-07-22,16:20,False,101.15,-1.4612761811982455,4.796933278077087,38492618.525800005,379776.0,1093561.9344,35.19930359218254,3.225673741894617,11933202.675107235,4.878447729456759,10.638587554421456
NOW,2026-07-22 16:15,postmarket,XNAS.BASIC,True,2026-07-22,16:25,False,99.89,-1.245674740484437,3.491504351429753,24927918.7078,249083.0,1548631.5851,16.09673917776275,2.088954607282407,11933202.675107235,4.878447729456759,10.638587554421456
NVDA,2026-03-23 07:05,premarket,XNAS.BASIC,False,,06:55,False,171.33,,0.0,2104652.2,12300.0,235949.18999999997,8.919938229073813,0.009225351934458658,228137876.4682868,3.5710111046171944,30.93942400935529
NVDA,2026-03-23 07:05,premarket,XNAS.BASIC,False,,07:00,False,171.21,-0.07004027315706818,-0.07004027315706818,2757155.64,16100.0,1375357.32,2.0046831466313058,0.012085479547203857,228137876.4682868,3.5710111046171944,30.93942400935529
NVDA,2026-03-23 07:05,premarket,XNAS.BASIC,False,,07:05,True,177.39,3.609602242859644,3.5370337944317765,64224202.18,364492.0,487196.61,131.8239923303243,0.2815148592343794,228137876.4682868,3.5710111046171944,30.93942400935529
NVDA,2026-03-23 07:05,premarket,XNAS.BASIC,False,,07:10,False,177.61,0.12402051975874961,3.6654409618864126,37568699.34,211861.0,169295.2,221.91237164432306,0.16467541436602434,228137876.4682868,3.5710111046171944,30.93942400935529
NVDA,2026-03-23 07:05,premarket,XNAS.BASIC,False,,07:15,False,176.89,-0.40538257980970993,3.2451993229440035,12202449.52,68935.0,422562.33,28.87727715814138,0.05348717060446667,228137876.4682868,3.5710111046171944,30.93942400935529
NVDA,2025-11-19 16:20,postmarket,XNAS.BASIC,True,2025-11-19,16:10,False,187.2893,,0.0,53866718.4533,287820.0,11952145.126,4.5068661638086605,0.17062659722675827,315699423.9398242,4.489554803716223,28.900004779527368
NVDA,2025-11-19 16:20,postmarket,XNAS.BASIC,True,2025-11-19,16:15,False,186.7236,-0.3020460859216145,-0.3020460859216145,56058279.6732,300126.0,18000141.7875,3.114324338940988,0.17756852063146406,315699423.9398242,4.489554803716223,28.900004779527368
NVDA,2025-11-19 16:20,postmarket,XNAS.BASIC,True,2025-11-19,16:20,True,191.16,2.3759182020912206,2.066695748235481,797338007.3,4130467.0,18126311.458499998,43.987879670141226,2.525623890438208,315699423.9398242,4.489554803716223,28.900004779527368
NVDA,2025-11-19 16:20,postmarket,XNAS.BASIC,True,2025-11-19,16:25,False,191.7487,0.30796191671897954,2.3810223007934894,291419137.3905,1522002.0,11283915.620000001,25.8260649232416,0.9230904946030174,315699423.9398242,4.489554803716223,28.900004779527368
NVDA,2025-11-19 16:20,postmarket,XNAS.BASIC,True,2025-11-19,16:30,False,193.58,0.9550521072632989,3.3588144117149277,299882934.0047,1552856.0,18387484.235,16.309079054647523,0.949900162193077,315699423.9398242,4.489554803716223,28.900004779527368
NVDA,2026-02-25 16:30,postmarket,XNAS.BASIC,True,2026-02-25,16:20,False,196.13,,0.0,69619083.09459999,354170.0,3828224.76,18.18573554563186,0.3088227792206736,225433769.07068345,2.903718797758525,34.19199165892592
NVDA,2026-02-25 16:30,postmarket,XNAS.BASIC,True,2026-02-25,16:25,False,196.4,0.13766379442208265,0.13766379442208265,38880047.6762,198017.0,5529316.6326,7.031618961187577,0.17246771784226075,225433769.07068345,2.903718797758525,34.19199165892592
NVDA,2026-02-25 16:30,postmarket,XNAS.BASIC,True,2026-02-25,16:30,True,202.08,2.892057026476591,3.0337021363381567,778853255.4526,3875158.0,3219535.4355,241.91479517964757,3.4549094337698585,225433769.07068345,2.903718797758525,34.19199165892592
NVDA,2026-02-25 16:30,postmarket,XNAS.BASIC,True,2026-02-25,16:35,False,203.04,0.47505938242278223,3.5231734053943864,575402417.5788,2842025.0,2277577.135,252.6379496599574,2.5524233567615413,225433769.07068345,2.903718797758525,34.19199165892592
NVDA,2026-02-25 16:30,postmarket,XNAS.BASIC,True,2026-02-25,16:40,False,201.55,-0.733845547675327,2.763473206546685,299771877.963,1483590.0,8531495.075,35.13708621146922,1.3297558710869455,225433769.07068345,2.903718797758525,34.19199165892592
ORCL,2026-02-01 20:00,overnight,OCEA.MEMOIR,False,,19:50,False,,,,0.0,0.0,0.0,,0.0,24902270.150786817,-3.471327813554137,16.89928810295176
ORCL,2026-02-01 20:00,overnight,OCEA.MEMOIR,False,,19:55,False,,,,0.0,0.0,0.0,,0.0,24902270.150786817,-3.471327813554137,16.89928810295176
ORCL,2026-02-01 20:00,overnight,OCEA.MEMOIR,False,,20:00,True,156.88,,,4885563.99,30684.0,0.0,,0.19618950241954689,24902270.150786817,-3.471327813554137,16.89928810295176
ORCL,2026-02-01 20:00,overnight,OCEA.MEMOIR,False,,20:05,False,158.28,0.8924018357980623,,3698887.14,23375.0,0.0,,0.148536142191162,24902270.150786817,-3.471327813554137,16.89928810295176
ORCL,2026-02-01 20:00,overnight,OCEA.MEMOIR,False,,20:10,False,157.8,-0.30326004548899554,,3102641.54,19608.0,0.0,,0.12459271870448198,24902270.150786817,-3.471327813554137,16.89928810295176
ORCL,2026-05-31 20:05,overnight,OCEA.MEMOIR,False,,19:55,False,,,,0.0,0.0,0.0,,0.0,52549516.94218992,1.5273725759395784,12.577312290537556
ORCL,2026-05-31 20:05,overnight,OCEA.MEMOIR,False,,20:00,False,232.11,,,4643518.87,20162.0,0.0,,0.0883646347331483,52549516.94218992,1.5273725759395784,12.577312290537556
ORCL,2026-05-31 20:05,overnight,OCEA.MEMOIR,False,,20:05,True,238.09,2.576364654689578,,6387846.56,26993.0,0.0,,0.12155861617200617,52549516.94218992,1.5273725759395784,12.577312290537556
ORCL,2026-05-31 20:05,overnight,OCEA.MEMOIR,False,,20:10,False,235.84,-0.9450207904573849,,5473450.7,23130.0,0.0,,0.10415796411642339,52549516.94218992,1.5273725759395784,12.577312290537556
ORCL,2026-05-31 20:05,overnight,OCEA.MEMOIR,False,,20:15,False,235.0,-0.3561736770692048,,5057469.87,21576.0,0.0,,0.09624198592660248,52549516.94218992,1.5273725759395784,12.577312290537556
ORCL,2026-06-03 17:30,postmarket,XNAS.BASIC,False,,17:20,False,222.43,,0.0,1309508.17,5884.0,548697.1427,2.38657734493794,0.028686784998878164,45648481.34955555,-2.283496547678144,10.667461911319648
ORCL,2026-06-03 17:30,postmarket,XNAS.BASIC,False,,17:25,False,221.75,-0.3057141572629596,-0.3057141572629596,5367596.8077,24172.0,561650.52,9.556826917386276,0.11758544093936786,45648481.34955555,-2.283496547678144,10.667461911319648
ORCL,2026-06-03 17:30,postmarket,XNAS.BASIC,False,,17:30,True,217.2526,-2.028139797068773,-2.3276536438430084,9359899.7566,42885.0,1174497.72,7.9692787795279845,0.20504296046403153,45648481.34955555,-2.283496547678144,10.667461911319648
ORCL,2026-06-03 17:30,postmarket,XNAS.BASIC,False,,17:35,False,219.47,1.020655218855837,-1.330755743379941,3256738.25,14873.0,170240.1281,19.130261979637222,0.07134384657972216,45648481.34955555,-2.283496547678144,10.667461911319648
ORCL,2026-06-03 17:30,postmarket,XNAS.BASIC,False,,17:40,False,220.5999,0.5148311842165132,-0.8227757047160944,2559190.065,11624.0,216705.4277,11.80953376277617,0.056062983681820056,45648481.34955555,-2.283496547678144,10.667461911319648
ORCL,2026-06-23 08:50,premarket,XNAS.BASIC,False,,08:40,False,170.5,,0.0,762382.0775,4477.0,1111691.0699999998,0.6857859148765134,0.03336695784537812,22848414.321523253,-1.1503697617091246,10.1354025924433
ORCL,2026-06-23 08:50,premarket,XNAS.BASIC,False,,08:45,False,170.35,-0.08797653958945162,-0.08797653958945162,705871.1187999999,4145.0,285549.7454,2.471972502763786,0.030893658915098886,22848414.321523253,-1.1503697617091246,10.1354025924433
ORCL,2026-06-23 08:50,premarket,XNAS.BASIC,False,,08:50,True,166.0,-2.5535661872615134,-2.639296187683282,17856497.740000002,107490.0,661265.252,27.003532524948103,0.781520217933861,22848414.321523253,-1.1503697617091246,10.1354025924433
ORCL,2026-06-23 08:50,premarket,XNAS.BASIC,False,,08:55,False,168.5781,1.5530722891566207,-1.12721407624633,12249462.4468,72790.0,253794.44799999997,48.265289265902304,0.5361187115405632,22848414.321523253,-1.1503697617091246,10.1354025924433
ORCL,2026-06-23 08:50,premarket,XNAS.BASIC,False,,09:00,False,168.69,0.06637872890962182,-1.0615835777126104,4391587.62,26064.0,904994.1900000001,4.85261415877156,0.19220535649439427,22848414.321523253,-1.1503697617091246,10.1354025924433
ORCL,2026-03-10 16:05,postmarket,XNAS.BASIC,True,2026-03-10,15:55,False,149.6554,,0.0,111866027.9038,746513.0,81894650.61109999,1.3659747867419034,3.645676036915084,30684577.228222217,7.107273331119224,25.16034494293873
ORCL,2026-03-10 16:05,postmarket,XNAS.BASIC,True,2026-03-10,16:00,False,150.36,0.4708149522169025,0.4708149522169025,119220085.04,792884.0,21105319.41,5.648816903643346,3.8853422731973324,30684577.228222217,7.107273331119224,25.16034494293873
ORCL,2026-03-10 16:05,postmarket,XNAS.BASIC,True,2026-03-10,16:05,True,158.2434,5.243016759776542,5.7385166188457015,221226683.2922,1401340.0,82587486.4875,2.6786949536923332,7.209702830408437,30684577.228222217,7.107273331119224,25.16034494293873
ORCL,2026-03-10 16:05,postmarket,XNAS.BASIC,True,2026-03-10,16:10,False,160.0,1.1100620942168682,6.912279810818722,115978604.6785,725888.0,949242.11,122.18021456981086,3.7797035238871852,30684577.228222217,7.107273331119224,25.16034494293873
ORCL,2026-03-10 16:05,postmarket,XNAS.BASIC,True,2026-03-10,16:15,False,160.8291,0.5181875000000113,7.466285880763435,73662949.6875,460587.0,1007755.726,73.09603685397467,2.4006506310847366,30684577.228222217,7.107273331119224,25.16034494293873
ORCL,2026-06-10 17:25,postmarket,XNAS.BASIC,True,2026-06-10,17:15,False,186.51,,0.0,20249706.5015,107841.0,567507.5657,35.68182650837918,0.5736365340161714,35300587.21979716,2.3453469607315647,10.70576434391277
ORCL,2026-06-10 17:25,postmarket,XNAS.BASIC,True,2026-06-10,17:20,False,185.8668,-0.3448608653691343,-0.3448608653691343,72512593.0425,390002.0,1328836.81,54.56847108449683,2.0541469350355093,35300587.21979716,2.3453469607315647,10.70576434391277
ORCL,2026-06-10 17:25,postmarket,XNAS.BASIC,True,2026-06-10,17:25,True,190.67,2.5842162236612287,2.230443407860161,44597561.5994,234969.0,584075.5704,76.35580712416662,1.263365997900141,35300587.21979716,2.3453469607315647,10.70576434391277
ORCL,2026-06-10 17:25,postmarket,XNAS.BASIC,True,2026-06-10,17:30,False,188.98,-0.8863481407667684,1.3243257734169678,22617628.1306,119711.0,1883414.6354,12.008841656790283,0.6407153509875796,35300587.21979716,2.3453469607315647,10.70576434391277
ORCL,2026-06-10 17:25,postmarket,XNAS.BASIC,True,2026-06-10,17:35,False,190.5,0.8043179172399162,2.139295480135117,36428800.35,189841.0,658305.34,55.33723963108062,1.0319601802422744,35300587.21979716,2.3453469607315647,10.70576434391277
PLTR,2025-11-30 20:00,overnight,OCEA.MEMOIR,False,,19:50,False,,,,0.0,0.0,0.0,,0.0,28973603.78455168,-2.6304949096686903,15.505134168318852
PLTR,2025-11-30 20:00,overnight,OCEA.MEMOIR,False,,19:55,False,,,,0.0,0.0,0.0,,0.0,28973603.78455168,-2.6304949096686903,15.505134168318852
PLTR,2025-11-30 20:00,overnight,OCEA.MEMOIR,False,,20:00,True,165.0,,,4297872.57,25965.0,0.0,,0.14833752135078088,28973603.78455168,-2.6304949096686903,15.505134168318852
PLTR,2025-11-30 20:00,overnight,OCEA.MEMOIR,False,,20:05,False,165.5,0.3030303030302939,,949997.83,5741.0,0.0,,0.03278839032466253,28973603.78455168,-2.6304949096686903,15.505134168318852
PLTR,2025-11-30 20:00,overnight,OCEA.MEMOIR,False,,20:10,False,165.17,-0.1993957703927518,,1174853.16,7113.0,0.0,,0.04054908629027416,28973603.78455168,-2.6304949096686903,15.505134168318852
PLTR,2026-03-23 07:05,premarket,XNAS.BASIC,False,,06:55,False,148.99,,0.0,3237047.14,21732.0,20182.510000000002,160.3887296476008,0.07090584946567541,45652751.70375065,3.029894963641256,13.070219864222054
PLTR,2026-03-23 07:05,premarket,XNAS.BASIC,False,,07:00,False,148.61,-0.2550506745419123,-0.2550506745419123,1410360.09,9479.0,607011.66,2.3234481031221046,0.030893210975585738,45652751.70375065,3.029894963641256,13.070219864222054
PLTR,2026-03-23 07:05,premarket,XNAS.BASIC,False,,07:05,True,153.01,2.960769800148033,2.69816766225921,6649569.619999999,43954.0,510195.54,13.033374654745119,0.14565539582696604,45652751.70375065,3.029894963641256,13.070219864222054
PLTR,2026-03-23 07:05,premarket,XNAS.BASIC,False,,07:10,False,153.95,0.614338932095948,3.3290824887576287,3381244.23,22050.0,66731.68,50.66925079662314,0.07406441241355032,45652751.70375065,3.029894963641256,13.070219864222054
PLTR,2026-03-23 07:05,premarket,XNAS.BASIC,False,,07:15,False,153.16,-0.5131536213056176,2.7988455601047013,2571053.0,16753.0,51559.89,49.865370154979,0.05631759103337407,45652751.70375065,3.029894963641256,13.070219864222054
PLTR,2026-05-31 20:00,overnight,OCEA.MEMOIR,False,,19:50,False,,,,0.0,0.0,0.0,,0.0,94422310.34852196,-0.8750075955520464,15.00078376993778
PLTR,2026-05-31 20:00,overnight,OCEA.MEMOIR,False,,19:55,False,,,,0.0,0.0,0.0,,0.0,94422310.34852196,-0.8750075955520464,15.00078376993778
PLTR,2026-05-31 20:00,overnight,OCEA.MEMOIR,False,,20:00,True,160.09,,,7475179.09,46851.0,0.0,,0.0791675088483684,94422310.34852196,-0.8750075955520464,15.00078376993778
PLTR,2026-05-31 20:00,overnight,OCEA.MEMOIR,False,,20:05,False,160.59,0.31232431757135526,,6555544.86,40779.0,0.0,,0.06942792265729195,94422310.34852196,-0.8750075955520464,15.00078376993778
PLTR,2026-05-31 20:00,overnight,OCEA.MEMOIR,False,,20:10,False,161.2,0.37984930568528696,,6108235.489999999,37929.0,0.0,,0.06469059555367694,94422310.34852196,-0.8750075955520464,15.00078376993778
PLTR,2026-02-02 16:05,postmarket,XNAS.BASIC,True,2026-02-02,15:55,False,148.11,,0.0,178183548.6512,1204185.0,125536440.7448,1.419377095559249,3.431572130629645,51924756.89517441,6.256299979840074,34.7109003339674
PLTR,2026-02-02 16:05,postmarket,XNAS.BASIC,True,2026-02-02,16:00,False,148.8722,0.5146175140098519,0.5146175140098519,52177647.445,351550.0,38366114.205,1.359993017958541,1.0048703270837864,51924756.89517441,6.256299979840074,34.7109003339674
PLTR,2026-02-02 16:05,postmarket,XNAS.BASIC,True,2026-02-02,16:05,True,158.79,6.661955690854304,7.210856795624854,479362626.94,3052149.0,113711778.88,4.215593421028715,9.23187041410201,51924756.89517441,6.256299979840074,34.7109003339674
PLTR,2026-02-02 16:05,postmarket,XNAS.BASIC,True,2026-02-02,16:10,False,157.4115,-0.8681277158511302,6.280129633380582,110432225.28709999,698271.0,117000654.4048,0.9438598941936299,2.1267740455682893,51924756.89517441,6.256299979840074,34.7109003339674
PLTR,2026-02-02 16:05,postmarket,XNAS.BASIC,True,2026-02-02,16:15,False,158.51,0.6978524440717448,7.021808115589745,130466604.22999999,822181.0,1127307.6639,115.73291693825766,2.5126088600354106,51924756.89517441,6.256299979840074,34.7109003339674
PLTR,2026-05-05 09:25,premarket,XNAS.BASIC,True,2026-05-04,09:15,False,143.15,,0.0,17253423.7034,120306.0,5930831.4316,2.909107079232132,0.2611866264690671,66057837.40402713,-2.011594607808897,8.89812938029953
PLTR,2026-05-05 09:25,premarket,XNAS.BASIC,True,2026-05-04,09:20,False,143.03,-0.0838281522878126,-0.0838281522878126,14291590.3496,99959.0,4814850.01,2.968231683212911,0.2163496552602664,66057837.40402713,-2.011594607808897,8.89812938029953
PLTR,2026-05-05 09:25,premarket,XNAS.BASIC,True,2026-05-04,09:25,True,140.7287,-1.6089631545829541,-1.6914425427872914,21920242.1955,154976.0,15503825.8731,1.413860190053659,0.3318340874744359,66057837.40402713,-2.011594607808897,8.89812938029953
PLTR,2026-05-05 09:25,premarket,XNAS.BASIC,True,2026-05-04,09:30,False,141.348,0.4400665962237982,-1.258819420188606,239877106.336,1706091.0,146181580.005,1.6409530279245528,3.631319397709744,66057837.40402713,-2.011594607808897,8.89812938029953
PLTR,2026-05-05 09:25,premarket,XNAS.BASIC,True,2026-05-04,09:35,False,141.17,-0.1259303279848467,-1.38316451274888,264435583.5048,1863872.0,261378937.66500002,1.0116943081455076,4.003091743489002,66057837.40402713,-2.011594607808897,8.89812938029953
PURR,2026-05-15 08:45,premarket,XNAS.BASIC,False,,08:35,False,7.0399,,0.0,39036.5811,5547.0,46114.46000000001,0.8465149781652002,0.03871728398798365,1008246.8881886303,-4.308047484003364,8.441499617550056
PURR,2026-05-15 08:45,premarket,XNAS.BASIC,False,,08:40,False,6.88,-2.271339081521051,-2.271339081521051,161365.91999999998,23437.0,30298.394999999997,5.325890034769168,0.16004603821778465,1008246.8881886303,-4.308047484003364,8.441499617550056
PURR,2026-05-15 08:45,premarket,XNAS.BASIC,False,,08:45,True,6.73,-2.1802325581395277,-4.402051165499509,195910.7368,28977.0,740.493,264.56797944072395,0.19430829799233418,1008246.8881886303,-4.308047484003364,8.441499617550056
PURR,2026-05-15 08:45,premarket,XNAS.BASIC,False,,08:50,False,6.75,0.2971768202080227,-4.117956220969054,136938.5715,20531.0,63483.417199999996,2.157076249827333,0.13581849158594228,1008246.8881886303,-4.308047484003364,8.441499617550056
PURR,2026-05-15 08:45,premarket,XNAS.BASIC,False,,08:55,False,6.7828,0.4859259259259341,-3.652040511939092,8350.698,1242.0,105.89690000000002,78.85686927568229,0.008282394022561753,1008246.8881886303,-4.308047484003364,8.441499617550056
PURR,2026-05-18 17:15,postmarket,XNAS.BASIC,False,,17:05,False,6.98,,0.0,1074.878,154.0,4949.0,0.21719094766619518,0.0019443743384035968,552814.3314638243,8.69413748414878,12.516725916097714
PURR,2026-05-18 17:15,postmarket,XNAS.BASIC,False,,17:10,False,7.22,3.4383954154727725,3.4383954154727725,634467.73,87689.0,0.0,,1.1477049234956729,552814.3314638243,8.69413748414878,12.516725916097714
PURR,2026-05-18 17:15,postmarket,XNAS.BASIC,False,,17:15,True,7.51,4.016620498614953,7.59312320916905,91557.92,12375.0,35.3,2593.7087818696887,0.16562146599484728,552814.3314638243,8.69413748414878,12.516725916097714
PURR,2026-05-18 17:15,postmarket,XNAS.BASIC,False,,17:20,False,7.93,5.5925432756325,13.610315186246403,1276241.29,158526.0,1765.0,723.0828838526912,2.3086255499573936,552814.3314638243,8.69413748414878,12.516725916097714
PURR,2026-05-18 17:15,postmarket,XNAS.BASIC,False,,17:25,False,7.8,-1.6393442622950838,11.747851002865328,1137837.741,144302.0,0.0,,2.058263826097025,552814.3314638243,8.69413748414878,12.516725916097714
PURR,2026-05-31 20:55,overnight,OCEA.MEMOIR,False,,20:45,False,12.0,,0.0,660.0,55.0,0.0,,0.0002618190088801595,2520825.3702545217,-3.116987179487185,5.312110951669978
PURR,2026-05-31 20:55,overnight,OCEA.MEMOIR,False,,20:50,False,12.0,0.0,0.0,252.0,21.0,0.0,,9.99672579360609e-05,2520825.3702545217,-3.116987179487185,5.312110951669978
PURR,2026-05-31 20:55,overnight,OCEA.MEMOIR,False,,20:55,True,11.84,-1.3333333333333308,-1.3333333333333308,260788.88,22170.0,0.0,,0.10345376680085887,2520825.3702545217,-3.116987179487185,5.312110951669978
PURR,2026-05-31 20:55,overnight,OCEA.MEMOIR,False,,21:00,False,12.0,1.3513513513513598,0.0,18460.65,1542.0,0.0,,0.007323256191338662,2520825.3702545217,-3.116987179487185,5.312110951669978
PURR,2026-05-31 20:55,overnight,OCEA.MEMOIR,False,,21:05,False,11.95,-0.4166666666666763,-0.4166666666666763,67270.69,5630.0,0.0,,0.026685977852249177,2520825.3702545217,-3.116987179487185,5.312110951669978
PURR,2026-06-01 09:25,premarket,XNAS.BASIC,False,,09:15,False,11.99,,0.0,295242.779,24680.0,39074.83,7.555830159721744,0.11712147238909691,2520825.3702545217,-2.680652680652684,5.208821983637299
PURR,2026-06-01 09:25,premarket,XNAS.BASIC,False,,09:20,False,11.95,-0.33361134278566684,-0.33361134278566684,323749.7096,27082.0,68153.13,4.750327822067746,0.12843004256471433,2520825.3702545217,-2.680652680652684,5.208821983637299
PURR,2026-06-01 09:25,premarket,XNAS.BASIC,False,,09:25,True,11.7,-2.092050209205021,-2.4186822351960013,648315.63,54952.0,43999.56,14.734593482298461,0.2571838722547215,2520825.3702545217,-2.680652680652684,5.208821983637299
PURR,2026-06-01 09:25,premarket,XNAS.BASIC,False,,09:30,False,10.915,-6.709401709401708,-8.965804837364477,13677286.059999999,1243574.0,440950.5769,31.017730277517636,5.425717394544881,2520825.3702545217,-2.680652680652684,5.208821983637299
PURR,2026-06-01 09:25,premarket,XNAS.BASIC,False,,09:35,False,10.955,0.3664681630783484,-8.632193494578821,11228331.075,1023688.0,1387396.0780999998,8.093097027041395,4.454228050658782,2520825.3702545217,-2.680652680652684,5.208821983637299
PURR,2026-06-04 03:20,overnight,OCEA.MEMOIR,False,,03:10,False,,,,0.0,0.0,0.0,,0.0,1685755.1578875966,-3.611444577831136,11.72137022646143
PURR,2026-06-04 03:20,overnight,OCEA.MEMOIR,False,,03:15,False,10.02,,,19957.059999999998,1991.0,0.0,,0.011838646856052331,1685755.1578875966,-3.611444577831136,11.72137022646143
PURR,2026-06-04 03:20,overnight,OCEA.MEMOIR,False,,03:20,True,9.8,-2.195608782435121,,118643.97,12055.0,0.0,,0.070380309646314,1685755.1578875966,-3.611444577831136,11.72137022646143
PURR,2026-06-04 03:20,overnight,OCEA.MEMOIR,False,,03:25,False,9.77,-0.3061224489796066,,401541.38,41222.0,0.0,,0.23819673819249504,1685755.1578875966,-3.611444577831136,11.72137022646143
PURR,2026-06-04 03:20,overnight,OCEA.MEMOIR,False,,03:30,False,9.76,-0.10235414534288667,,43062.86,4467.0,0.0,,0.02554514503396902,1685755.1578875966,-3.611444577831136,11.72137022646143
PURR,2026-06-04 09:25,premarket,XNAS.BASIC,False,,09:15,False,9.51,,0.0,319893.434,33484.0,127084.9308,2.517162593442589,0.18976269033093474,1685755.1578875966,3.2426711821356813,6.117398738728297
PURR,2026-06-04 09:25,premarket,XNAS.BASIC,False,,09:20,False,9.48,-0.3154574132492094,-0.3154574132492094,201357.12,21295.0,36143.2046,5.57109205529606,0.11944624286501881,1685755.1578875966,3.2426711821356813,6.117398738728297
PURR,2026-06-04 09:25,premarket,XNAS.BASIC,False,,09:25,True,9.71,2.4261603375527407,2.103049421661418,479248.77,49643.0,96505.2995,4.96603577713367,0.28429322476494273,1685755.1578875966,3.2426711821356813,6.117398738728297
PURR,2026-06-04 09:25,premarket,XNAS.BASIC,False,,09:30,False,9.825,1.1843460350154267,3.312302839116721,3279215.6550000003,337115.0,3205527.07,1.0229879777617976,1.9452502575220671,1685755.1578875966,3.2426711821356813,6.117398738728297
PURR,2026-06-04 09:25,premarket,XNAS.BASIC,False,,09:35,False,9.9,0.7633587786259666,4.100946372239744,8249234.777,840734.0,3264750.7487,2.526757909553979,4.893495202077291,1685755.1578875966,3.2426711821356813,6.117398738728297
PURR,2026-06-23 04:20,premarket,XNAS.BASIC,False,,04:10,False,8.55,,0.0,966.1500000000001,113.0,0.0,,0.0013170625048047851,733564.2738863048,3.155159613956937,5.95484300941998
PURR,2026-06-23 04:20,premarket,XNAS.BASIC,False,,04:15,False,8.27,-3.2748538011696082,-3.2748538011696082,2688.59,325.0,0.0,,0.003665104879980435,733564.2738863048,3.155159613956937,5.95484300941998
PURR,2026-06-23 04:20,premarket,XNAS.BASIC,False,,04:20,True,8.35,0.96735187424426,-2.3391812865497186,236743.22,28295.0,917.0,258.1714503816794,0.32273002983879345,733564.2738863048,3.155159613956937,5.95484300941998
PURR,2026-06-23 04:20,premarket,XNAS.BASIC,False,,04:25,False,8.37,0.23952095808381646,-2.1052631578947545,6599.85,783.0,4575.83,1.4423284955953348,0.00899696214080201,733564.2738863048,3.155159613956937,5.95484300941998
PURR,2026-06-23 04:20,premarket,XNAS.BASIC,False,,04:30,False,8.4,0.35842293906811484,-1.7543859649122862,377937.2,45290.0,4622.21,81.76547582217165,0.5152066607575501,733564.2738863048,3.155159613956937,5.95484300941998
QCOM,2026-06-24 16:20,postmarket,XNAS.BASIC,False,,16:10,False,199.4866,,0.0,5488134.4284,27331.0,2262254.0424,2.4259585022457064,0.1743496857066656,31477742.02262403,3.695219123505966,8.600987142192508
QCOM,2026-06-24 16:20,postmarket,XNAS.BASIC,False,,16:15,False,200.99,0.7536345799667776,0.7536345799667776,6124956.86,30508.0,4600455.22,1.331380606287045,0.1945805660265531,31477742.02262403,3.695219123505966,8.600987142192508
QCOM,2026-06-24 16:20,postmarket,XNAS.BASIC,False,,16:20,True,208.92,3.94546992387681,4.7288389295320865,16275239.34,79414.0,954112.5126,17.057987527748935,0.517039606217704,31477742.02262403,3.695219123505966,8.600987142192508
QCOM,2026-06-24 16:20,postmarket,XNAS.BASIC,False,,16:25,False,212.45,1.6896419682175035,6.498381344912385,26581491.502,124727.0,595299.0124,44.65233596614648,0.8444535660434302,31477742.02262403,3.695219123505966,8.600987142192508
QCOM,2026-06-24 16:20,postmarket,XNAS.BASIC,False,,16:30,False,216.11,1.7227582960696708,8.333091044711782,17774184.137000002,82553.0,70074.4914,253.64699453244984,0.5646588031703527,31477742.02262403,3.695219123505966,8.600987142192508
QCOM,2026-06-24 16:40,postmarket,XNAS.BASIC,False,,16:30,False,216.11,,0.0,17774184.137000002,82553.0,70074.4914,253.64699453244984,0.5646588031703527,31477742.02262403,2.774735304855769,6.487481247773423
QCOM,2026-06-24 16:40,postmarket,XNAS.BASIC,False,,16:35,False,219.0609,1.3654620332238077,1.3654620332238077,13807314.7565,63788.0,348335.3835,39.63799088615986,0.43863739484796127,31477742.02262403,2.774735304855769,6.487481247773423
QCOM,2026-06-24 16:40,postmarket,XNAS.BASIC,False,,16:40,True,225.35,2.870936803418589,4.2756003886909255,24747211.98,110285.0,156493.2544,158.13596614679386,0.7861812947769065,31477742.02262403,2.774735304855769,6.487481247773423
QCOM,2026-06-24 16:40,postmarket,XNAS.BASIC,False,,16:45,False,228.45,1.3756378966052862,5.7100550645504455,17191052.7002,75733.0,553029.3203,31.085246422150682,0.5461336041144328,31477742.02262403,2.774735304855769,6.487481247773423
QCOM,2026-06-24 16:40,postmarket,XNAS.BASIC,False,,16:50,False,224.56,-1.7027796016633734,3.910045810004159,16037996.3725,71027.0,1546733.1324,10.36894861598686,0.5095027578843805,31477742.02262403,2.774735304855769,6.487481247773423
QCOM,2026-06-24 16:55,postmarket,XNAS.BASIC,False,,16:45,False,228.45,,0.0,17191052.7002,75733.0,553029.3203,31.085246422150682,0.5461336041144328,31477742.02262403,-2.265861027190341,5.432652328457494
QCOM,2026-06-24 16:55,postmarket,XNAS.BASIC,False,,16:50,False,224.56,-1.7027796016633734,-1.7027796016633734,16037996.3725,71027.0,1546733.1324,10.36894861598686,0.5095027578843805,31477742.02262403,-2.265861027190341,5.432652328457494
QCOM,2026-06-24 16:55,postmarket,XNAS.BASIC,False,,16:55,True,220.0,-2.0306376914855706,-3.6988400087546447,9290409.58,41949.0,79398.16,117.01038890573786,0.2951421856536817,31477742.02262403,-2.265861027190341,5.432652328457494
QCOM,2026-06-24 16:55,postmarket,XNAS.BASIC,False,,17:00,False,221.92,0.8727272727272695,-2.8583935215583334,7496092.4399999995,34001.0,152949.9861,49.0100890568175,0.23813945849776408,31477742.02262403,-2.265861027190341,5.432652328457494
QCOM,2026-06-24 16:55,postmarket,XNAS.BASIC,False,,17:05,False,222.5573,0.2871755587599223,-2.579426570365506,4085310.4245,18397.0,526476.25,7.7597240606770015,0.12978410019256656,31477742.02262403,-2.265861027190341,5.432652328457494
QNT,2026-06-05 00:35,overnight,OCEA.MEMOIR,False,,00:25,False,59.69,,0.0,5371.929999999999,90.0,0.0,,0.000300828303244432,17857129.60537209,2.5413248332201155,5.524983477232685
QNT,2026-06-05 00:35,overnight,OCEA.MEMOIR,False,,00:30,False,59.0,-1.155972524711002,-1.155972524711002,283003.58,4793.0,0.0,,0.01584821224094504,17857129.60537209,2.5413248332201155,5.524983477232685
QNT,2026-06-05 00:35,overnight,OCEA.MEMOIR,False,,00:35,True,59.69,1.169491525423716,0.0,42354.08,717.0,0.0,,0.002371830240133236,17857129.60537209,2.5413248332201155,5.524983477232685
QNT,2026-06-05 00:35,overnight,OCEA.MEMOIR,False,,00:40,False,58.84,-1.4240241246439855,-1.4240241246439855,39324.27,667.0,0.0,,0.0022021607542216525,17857129.60537209,2.5413248332201155,5.524983477232685
QNT,2026-06-05 00:35,overnight,OCEA.MEMOIR,False,,00:45,False,58.91,0.11896668932698251,-1.3067515496733129,116572.92000000001,2015.0,0.0,,0.006528088364488912,17857129.60537209,2.5413248332201155,5.524983477232685
QNT,2026-06-05 02:30,overnight,OCEA.MEMOIR,False,,02:20,False,58.05,,0.0,42129.009999999995,725.0,0.0,,0.00235922631077987,17857129.60537209,-2.996584204533692,9.721931850759434
QNT,2026-06-05 02:30,overnight,OCEA.MEMOIR,False,,02:25,False,58.03,-0.03445305770886087,-0.03445305770886087,74842.65999999999,1290.0,0.0,,0.004191192070280126,17857129.60537209,-2.996584204533692,9.721931850759434
QNT,2026-06-05 02:30,overnight,OCEA.MEMOIR,False,,02:30,True,55.31,-4.687230742719284,-4.720068906115404,237599.93,4187.0,0.0,,0.013305605954079041,17857129.60537209,-2.996584204533692,9.721931850759434
QNT,2026-06-05 02:30,overnight,OCEA.MEMOIR,False,,02:35,False,53.9,-2.54926776351474,-7.149009474590873,530745.36,9801.0,0.0,,0.029721762216494862,17857129.60537209,-2.996584204533692,9.721931850759434
QNT,2026-06-05 02:30,overnight,OCEA.MEMOIR,False,,02:40,False,56.06,4.007421150278301,-3.428079242032722,847237.57,15376.0,0.0,,0.047445339129146454,17857129.60537209,-2.996584204533692,9.721931850759434
QNT,2026-06-05 03:05,overnight,OCEA.MEMOIR,False,,02:55,False,56.35,,0.0,21795.3,387.0,0.0,,0.0012205377057600097,17857129.60537209,3.09764918625679,6.716185329795207
QNT,2026-06-05 03:05,overnight,OCEA.MEMOIR,False,,03:00,False,55.62,-1.2954747116237897,-1.2954747116237897,110181.58,1955.0,0.0,,0.006170173058880263,17857129.60537209,3.09764918625679,6.716185329795207
QNT,2026-06-05 03:05,overnight,OCEA.MEMOIR,False,,03:05,True,56.51,1.6001438331535445,0.28393966282165284,154407.92,2779.0,0.0,,0.0086468499368201,17857129.60537209,3.09764918625679,6.716185329795207
QNT,2026-06-05 03:05,overnight,OCEA.MEMOIR,False,,03:10,False,57.35,1.486462572995939,1.7746228926353247,65072.78,1143.0,0.0,,0.0036440783842675187,17857129.60537209,3.09764918625679,6.716185329795207
QNT,2026-06-05 03:05,overnight,OCEA.MEMOIR,False,,03:15,False,57.78,0.7497820401046296,2.5377107364684903,161897.13,2820.0,0.0,,0.009066246008053573,17857129.60537209,3.09764918625679,6.716185329795207
QNT,2026-06-05 16:00,postmarket,XNAS.BASIC,False,,15:50,False,54.885,,0.0,7794302.0357,142619.0,16292216.73,0.4784064786805718,0.4364812379115613,17857129.60537209,-2.065602836879432,5.036763137132764
QNT,2026-06-05 16:00,postmarket,XNAS.BASIC,False,,15:55,False,56.5,2.9425161701740032,2.9425161701740032,14845027.245000001,264708.0,27571977.11,0.5384099655158897,0.8313221426434663,17857129.60537209,-2.065602836879432,5.036763137132764
QNT,2026-06-05 16:00,postmarket,XNAS.BASIC,False,,16:00,True,55.5,-1.7699115044247815,1.1205247335337454,28254.99,511.0,11360270.2684,0.0024871758622323236,0.0015822806142091195,17857129.60537209,-2.065602836879432,5.036763137132764
QNT,2026-06-05 16:00,postmarket,XNAS.BASIC,False,,16:05,False,55.75,0.45045045045044585,1.5760225926938265,417932.82999999996,7516.0,1574428.8,0.265450447806849,0.023404255848278672,17857129.60537209,-2.065602836879432,5.036763137132764
QNT,2026-06-05 16:00,postmarket,XNAS.BASIC,False,,16:10,False,55.1466,-1.0823318385650205,0.47663295982509624,100591.0533,1820.0,1681645.45,0.059817040090109366,0.005633103165121144,17857129.60537209,-2.065602836879432,5.036763137132764
RIVN,2026-03-19 08:00,premarket,XNAS.BASIC,False,,07:50,False,,,,0.0,0.0,0.0,,0.0,2118659.2473346256,2.567785957981683,7.086790614064367
RIVN,2026-03-19 08:00,premarket,XNAS.BASIC,False,,07:55,False,16.53,,,2111261.19,127723.0,4579.2,461.0545925052411,0.9965081419563185,2118659.2473346256,2.567785957981683,7.086790614064367
RIVN,2026-03-19 08:00,premarket,XNAS.BASIC,False,,08:00,True,17.22,4.174228675136105,,10134149.5588,594572.0,319222.1972,31.746381196827375,4.783284320755801,2118659.2473346256,2.567785957981683,7.086790614064367
RIVN,2026-03-19 08:00,premarket,XNAS.BASIC,False,,08:05,False,16.99,-1.3356562137049943,,3986675.8315,234636.0,32308.296,123.39480335019836,1.8816975105909213,2118659.2473346256,2.567785957981683,7.086790614064367
RIVN,2026-03-19 08:00,premarket,XNAS.BASIC,False,,08:10,False,17.13,0.8240141259564515,,3721422.7268000003,218434.0,27749.750000000004,134.10653165524013,1.7564989421879558,2118659.2473346256,2.567785957981683,7.086790614064367
RIVN,2026-02-12 16:00,postmarket,XNAS.BASIC,True,2026-02-12,15:50,False,13.9856,,0.0,10256987.1643,732762.0,6033771.445499999,1.6999296802913682,3.7120188992801215,2763182.9046692504,9.32657287724059,20.17278098846565
RIVN,2026-02-12 16:00,postmarket,XNAS.BASIC,True,2026-02-12,15:55,False,13.98,-0.04004118521907518,-0.04004118521907518,13139258.3456,940624.0,14110673.364999998,0.9311574299629465,4.755117123588586,2763182.9046692504,9.32657287724059,20.17278098846565
RIVN,2026-02-12 16:00,postmarket,XNAS.BASIC,True,2026-02-12,16:00,True,15.1508,8.37482117310444,8.331426610227677,9251294.679200001,618034.0,79197.675,116.81270541338493,3.3480572942048403,2763182.9046692504,9.32657287724059,20.17278098846565
RIVN,2026-02-12 16:00,postmarket,XNAS.BASIC,True,2026-02-12,16:05,False,15.63,3.16286928743037,11.757808031117722,11295498.340400001,725080.0,69308.7313,162.9736705395443,4.087857637405317,2763182.9046692504,9.32657287724059,20.17278098846565
RIVN,2026-02-12 16:00,postmarket,XNAS.BASIC,True,2026-02-12,16:10,False,15.8,1.0876519513755678,12.973344010982736,8196294.4154,519932.0,229575.25,35.70199494675493,2.966251130733992,2763182.9046692504,9.32657287724059,20.17278098846565
RKLB,2026-05-20 17:30,postmarket,XNAS.BASIC,False,,17:20,False,130.09,,0.0,4973849.68,37910.0,102661.69,48.44893630720476,0.16036921865689857,31014989.794527132,-3.477126189745161,9.615468477964274
RKLB,2026-05-20 17:30,postmarket,XNAS.BASIC,False,,17:25,False,130.01,-0.06149588746253709,-0.06149588746253709,10747056.3919,82879.0,147754.1519,72.73607038246618,0.3465116855784493,31014989.794527132,-3.477126189745161,9.615468477964274
RKLB,2026-05-20 17:30,postmarket,XNAS.BASIC,False,,17:30,True,125.8755,-3.1801399892315896,-3.2396802213851994,16822021.5291,132122.0,50680.8874,331.92042192023655,0.5423835906619706,31014989.794527132,-3.477126189745161,9.615468477964274
RKLB,2026-05-20 17:30,postmarket,XNAS.BASIC,False,,17:35,False,127.13,0.9966196757907664,-2.2753478361134616,12115463.56,95909.0,474000.40499999997,25.560027865377037,0.3906325180264248,31014989.794527132,-3.477126189745161,9.615468477964274
RKLB,2026-05-20 17:30,postmarket,XNAS.BASIC,False,,17:40,False,126.7,-0.3382364508770497,-2.60588823122454,5931811.16,46679.0,491459.081,12.069796630739233,0.19125626670516332,31014989.794527132,-3.477126189745161,9.615468477964274
RKLB,2026-06-10 08:30,premarket,XNAS.BASIC,False,,08:20,False,104.0,,0.0,844892.72,8126.0,2057898.13,0.4105610028422544,0.040370300299115314,20928571.591985784,4.61391801715918,8.020889419991319
RKLB,2026-06-10 08:30,premarket,XNAS.BASIC,False,,08:25,False,104.933,0.8971153846153879,0.8971153846153879,760670.336,7276.0,1185086.6321,0.6418689700786474,0.03634602259674926,20928571.591985784,4.61391801715918,8.020889419991319
RKLB,2026-06-10 08:30,premarket,XNAS.BASIC,False,,08:30,True,109.64,4.485719459083404,5.4230769230769305,6676544.72,61457.0,2186338.7297,3.053755865595505,0.3190157861780047,20928571.591985784,4.61391801715918,8.020889419991319
RKLB,2026-06-10 08:30,premarket,XNAS.BASIC,False,,08:35,False,107.65,-1.8150310105800704,3.5096153846153832,3850774.6952,35413.0,820097.62,4.695507706997126,0.1839960590848247,20928571.591985784,4.61391801715918,8.020889419991319
RKLB,2026-06-10 08:30,premarket,XNAS.BASIC,False,,08:40,False,108.0743,0.39414770088248563,3.917596153846148,1066082.8631,9852.0,2222378.39,0.47970357698627547,0.05093911251488549,20928571.591985784,4.61391801715918,8.020889419991319
RKLB,2026-07-21 17:10,postmarket,XNAS.BASIC,False,,17:00,False,71.1893,,0.0,5055859.0603,71316.0,71519.2044,70.69232806370536,0.5644279657108466,8957492.129102066,2.231126872652633,5.995310279236856
RKLB,2026-07-21 17:10,postmarket,XNAS.BASIC,False,,17:05,False,71.4896,0.4218330563722228,0.4218330563722228,9716397.4703,135334.0,239442.4284,40.57926381396489,1.0847229704765602,8957492.129102066,2.231126872652633,5.995310279236856
RKLB,2026-07-21 17:10,postmarket,XNAS.BASIC,False,,17:10,True,73.09,2.2386472997470985,2.6699237104452545,9103601.1124,125119.0,31467.115599999997,289.30522988258895,1.0163113716643122,8957492.129102066,2.231126872652633,5.995310279236856
RKLB,2026-07-21 17:10,postmarket,XNAS.BASIC,False,,17:15,False,73.5999,0.6976330551375032,3.3861830359337652,5203154.801200001,70865.0,87375.637,59.54926315673098,0.5808718250832094,8957492.129102066,2.231126872652633,5.995310279236856
RKLB,2026-07-21 17:10,postmarket,XNAS.BASIC,False,,17:20,False,72.84,-1.0324742289052002,2.318747339838989,4091463.7163,55988.0,137372.35,29.783749905275695,0.45676442215418883,8957492.129102066,2.231126872652633,5.995310279236856
SNDK,2026-02-01 20:40,overnight,OCEA.MEMOIR,False,,20:30,False,605.98,,0.0,9529638.39,15650.0,0.0,,0.04824938203954505,197507988.43785268,-0.6554322420359249,7.656499124553024
SNDK,2026-02-01 20:40,overnight,OCEA.MEMOIR,False,,20:35,False,602.0,-0.6567873527179136,-0.6567873527179136,9384145.54,15588.0,0.0,,0.0475127391768905,197507988.43785268,-0.6554322420359249,7.656499124553024
SNDK,2026-02-01 20:40,overnight,OCEA.MEMOIR,False,,20:40,True,598.0,-0.6644518272425293,-1.3168751443942028,4850919.42,8103.0,0.0,,0.02456062389358179,197507988.43785268,-0.6554322420359249,7.656499124553024
SNDK,2026-02-01 20:40,overnight,OCEA.MEMOIR,False,,20:45,False,603.25,0.8779264214046734,-0.45050991781907523,4291727.91,7140.0,0.0,,0.02172938899304533,197507988.43785268,-0.6554322420359249,7.656499124553024
SNDK,2026-02-01 20:40,overnight,OCEA.MEMOIR,False,,20:50,False,600.48,-0.4591794446746733,-0.9076207135549019,6156377.2,10217.0,0.0,,0.031170269358179143,197507988.43785268,-0.6554322420359249,7.656499124553024
SNDK,2026-02-02 04:00,premarket,XNAS.BASIC,False,,03:50,False,,,,0.0,0.0,0.0,,0.0,197507988.43785268,-2.026783724000758,7.56840704275817
SNDK,2026-02-02 04:00,premarket,XNAS.BASIC,False,,03:55,False,,,,0.0,0.0,0.0,,0.0,197507988.43785268,-2.026783724000758,7.56840704275817
SNDK,2026-02-02 04:00,premarket,XNAS.BASIC,False,,04:00,True,570.82,,,5557427.350000001,9691.0,15596416.9,0.3563271862782791,0.028137734549145515,197507988.43785268,-2.026783724000758,7.56840704275817
SNDK,2026-02-02 04:00,premarket,XNAS.BASIC,False,,04:05,False,568.19,-0.4607406888336052,,6139558.06,10815.0,10338368.66,0.5938613974711944,0.031085112600049876,197507988.43785268,-2.026783724000758,7.56840704275817
SNDK,2026-02-02 04:00,premarket,XNAS.BASIC,False,,04:10,False,567.81,-0.06687903694189146,,3118525.3899999997,5498.0,5824192.29,0.5354434116734836,0.015789363329885092,197507988.43785268,-2.026783724000758,7.56840704275817
SNDK,2026-02-04 22:45,overnight,OCEA.MEMOIR,False,,22:35,False,596.0,,0.0,2881737.17,4843.0,0.0,,0.017237085976848643,167182386.5049173,-3.1353637901861187,26.125697324352444
SNDK,2026-02-04 22:45,overnight,OCEA.MEMOIR,False,,22:40,False,596.64,0.10738255033557742,0.10738255033557742,1287717.21,2159.0,0.0,,0.007702469362477516,167182386.5049173,-3.1353637901861187,26.125697324352444
SNDK,2026-02-04 22:45,overnight,OCEA.MEMOIR,False,,22:45,True,594.0,-0.4424778761061954,-0.3355704697986628,3549624.48,5975.0,0.0,,0.021232048149376046,167182386.5049173,-3.1353637901861187,26.125697324352444
SNDK,2026-02-04 22:45,overnight,OCEA.MEMOIR,False,,22:50,False,589.83,-0.7020202020201927,-1.0352348993288518,10823476.34,18301.0,0.0,,0.06474053018546695,167182386.5049173,-3.1353637901861187,26.125697324352444
SNDK,2026-02-04 22:45,overnight,OCEA.MEMOIR,False,,22:55,False,587.88,-0.330603733279089,-1.362416107382547,7271938.24,12327.0,0.0,,0.043497035734599426,167182386.5049173,-3.1353637901861187,26.125697324352444
SNDK,2026-02-13 08:45,premarket,XNAS.BASIC,False,,08:35,False,631.78,,0.0,9574226.63,15186.0,16621090.38,0.576028793003892,0.07516654480705955,127373509.77852584,-2.440027199266248,9.130743282147836
SNDK,2026-02-13 08:45,premarket,XNAS.BASIC,False,,08:40,False,631.58,-0.03165658931905124,-0.03165658931905124,15761080.22,24940.0,16531907.95,0.9533733352295856,0.1237390745328837,127373509.77852584,-2.440027199266248,9.130743282147836
SNDK,2026-02-13 08:45,premarket,XNAS.BASIC,False,,08:45,True,618.47,-2.0757465404224296,-2.1067460191838805,17506039.6235,28009.0,9440128.39,1.8544281285458237,0.13743862168781487,127373509.77852584,-2.440027199266248,9.130743282147836
SNDK,2026-02-13 08:45,premarket,XNAS.BASIC,False,,08:50,False,610.13,-1.3484890132100191,-3.426825793788979,47621314.426,77976.0,10266573.766800001,4.638481688993224,0.37387141571903654,127373509.77852584,-2.440027199266248,9.130743282147836
SNDK,2026-02-13 08:45,premarket,XNAS.BASIC,False,,08:55,False,609.0,-0.1852064314162516,-3.605685523441704,32244074.38,53167.0,13768166.586199999,2.341929419441992,0.25314584198916446,127373509.77852584,-2.440027199266248,9.130743282147836
SNDK,2026-05-03 20:00,overnight,OCEA.MEMOIR,False,,19:50,False,,,,0.0,0.0,0.0,,0.0,204125167.9761318,2.0210455987973885,7.361889973574783
SNDK,2026-05-03 20:00,overnight,OCEA.MEMOIR,False,,19:55,False,,,,0.0,0.0,0.0,,0.0,204125167.9761318,2.0210455987973885,7.361889973574783
SNDK,2026-05-03 20:00,overnight,OCEA.MEMOIR,False,,20:00,True,1217.94,,,31097573.57,25621.0,0.0,,0.15234561165743274,204125167.9761318,2.0210455987973885,7.361889973574783
SNDK,2026-05-03 20:00,overnight,OCEA.MEMOIR,False,,20:05,False,1207.42,-0.8637535510780503,,22891226.52,18946.0,0.0,,0.11214308723888793,204125167.9761318,2.0210455987973885,7.361889973574783
SNDK,2026-05-03 20:00,overnight,OCEA.MEMOIR,False,,20:10,False,1209.3,0.15570389756669467,,9840377.370000001,8149.0,0.0,,0.048207565326538415,204125167.9761318,2.0210455987973885,7.361889973574783
SNDK,2026-05-10 20:00,overnight,OCEA.MEMOIR,False,,19:50,False,,,,0.0,0.0,0.0,,0.0,237577845.1592687,2.2831632653061096,8.305982486378413
SNDK,2026-05-10 20:00,overnight,OCEA.MEMOIR,False,,19:55,False,,,,0.0,0.0,0.0,,0.0,237577845.1592687,2.2831632653061096,8.305982486378413
SNDK,2026-05-10 20:00,overnight,OCEA.MEMOIR,False,,20:00,True,1601.0,,,50985292.07,31625.0,0.0,,0.21460457323291324,237577845.1592687,2.2831632653061096,8.305982486378413
SNDK,2026-05-10 20:00,overnight,OCEA.MEMOIR,False,,20:05,False,1626.75,1.6083697688944465,,33475816.369999997,20752.0,0.0,,0.14090462158859257,237577845.1592687,2.2831632653061096,8.305982486378413
SNDK,2026-05-10 20:00,overnight,OCEA.MEMOIR,False,,20:10,False,1622.99,-0.23113570001537243,,18291097.84,11290.0,0.0,,0.07698991388585882,237577845.1592687,2.2831632653061096,8.305982486378413
SNDK,2026-05-15 02:30,overnight,OCEA.MEMOIR,False,,02:20,False,1311.21,,0.0,4561862.26,3475.0,0.0,,0.03755612807108908,121467853.43166797,3.7748746771988575,13.633172338663044
SNDK,2026-05-15 02:30,overnight,OCEA.MEMOIR,False,,02:25,False,1315.89,0.3569222321367249,0.3569222321367249,3516937.19,2677.0,0.0,,0.028953645681887852,121467853.43166797,3.7748746771988575,13.633172338663044
SNDK,2026-05-15 02:30,overnight,OCEA.MEMOIR,False,,02:30,True,1367.42,3.915980819065412,4.286880057351605,68615059.66,50492.0,0.0,,0.5648824583748783,121467853.43166797,3.7748746771988575,13.633172338663044
SNDK,2026-05-15 02:30,overnight,OCEA.MEMOIR,False,,02:35,False,1349.7,-1.2958710564420661,2.935456563021943,18510578.25,13651.0,0.0,,0.1523907579416736,121467853.43166797,3.7748746771988575,13.633172338663044
SNDK,2026-05-15 02:30,overnight,OCEA.MEMOIR,False,,02:40,False,1374.65,1.8485589390234924,4.83827914674233,11026482.15,8071.0,0.0,,0.09077695734701506,121467853.43166797,3.7748746771988575,13.633172338663044
SNDK,2026-05-17 20:00,overnight,OCEA.MEMOIR,False,,19:50,False,,,,0.0,0.0,0.0,,0.0,145354917.7389315,-2.5265862536578254,9.41552477751961
SNDK,2026-05-17 20:00,overnight,OCEA.MEMOIR,False,,19:55,False,,,,0.0,0.0,0.0,,0.0,145354917.7389315,-2.5265862536578254,9.41552477751961
SNDK,2026-05-17 20:00,overnight,OCEA.MEMOIR,False,,20:00,True,1361.99,,,14689417.38,10749.0,0.0,,0.10105896386927418,145354917.7389315,-2.5265862536578254,9.41552477751961
SNDK,2026-05-17 20:00,overnight,OCEA.MEMOIR,False,,20:05,False,1351.99,-0.7342197813493545,,11915687.870000001,8803.0,0.0,,0.0819765031369732,145354917.7389315,-2.5265862536578254,9.41552477751961
SNDK,2026-05-17 20:00,overnight,OCEA.MEMOIR,False,,20:10,False,1362.02,0.7418693925250963,,7558519.02,5561.0,0.0,,0.05200043546910243,145354917.7389315,-2.5265862536578254,9.41552477751961
SNDK,2026-06-07 20:35,overnight,OCEA.MEMOIR,False,,20:25,False,1585.0,,0.0,4388262.03,2772.0,0.0,,0.028071560577110383,156324120.917531,2.088559959859504,7.605294174865002
SNDK,2026-06-07 20:35,overnight,OCEA.MEMOIR,False,,20:30,False,1593.42,0.5312302839116656,0.5312302839116656,4202413.05,2643.0,0.0,,0.026882691073740233,156324120.917531,2.088559959859504,7.605294174865002
SNDK,2026-06-07 20:35,overnight,OCEA.MEMOIR,False,,20:35,True,1627.37,2.1306372456728173,2.673186119873816,14937799.61,9234.0,0.0,,0.09555658795535754,156324120.917531,2.088559959859504,7.605294174865002
SNDK,2026-06-07 20:35,overnight,OCEA.MEMOIR,False,,20:40,False,1619.86,-0.4614807941648147,2.199369085173486,10587862.02,6538.0,0.0,,0.06773018749669246,156324120.917531,2.088559959859504,7.605294174865002
SNDK,2026-06-07 20:35,overnight,OCEA.MEMOIR,False,,20:45,False,1612.98,-0.4247280629190109,1.7652996845425983,7291404.82,4524.0,0.0,,0.046642864691665786,156324120.917531,2.088559959859504,7.605294174865002
SNDK,2026-06-10 08:30,premarket,XNAS.BASIC,False,,08:20,False,1583.9,,0.0,4024465.292,2545.0,7105625.38,0.5663773526996718,0.019212405889981472,209472218.89053485,3.6750848096494426,13.34027976811888
SNDK,2026-06-10 08:30,premarket,XNAS.BASIC,False,,08:25,False,1592.5,0.5429635709325087,0.5429635709325087,9400140.442499999,5914.0,4018728.55,2.339083201451862,0.044875356227606904,209472218.89053485,3.6750848096494426,13.34027976811888
SNDK,2026-06-10 08:30,premarket,XNAS.BASIC,False,,08:30,True,1652.17,3.7469387755102,4.310246859018885,85543038.61309999,52523.0,3983816.3340999996,21.47263614561824,0.4083741465392255,209472218.89053485,3.6750848096494426,13.34027976811888
SNDK,2026-06-10 08:30,premarket,XNAS.BASIC,False,,08:35,False,1643.01,-0.5544223657371838,3.7319275206768143,41729517.98,25420.0,2537978.526,16.442029572948403,0.19921266028029636,209472218.89053485,3.6750848096494426,13.34027976811888
SNDK,2026-06-10 08:30,premarket,XNAS.BASIC,False,,08:40,False,1638.3142,-0.28580471208330405,3.435456783887858,24333422.9405,14868.0,2675160.641,9.096060463645255,0.116165394482292,209472218.89053485,3.6750848096494426,13.34027976811888
SNDK,2026-06-11 09:25,premarket,XNAS.BASIC,False,,09:15,False,1704.3638,,0.0,6498938.0064,3810.0,7222816.6899999995,0.8997788931010515,0.046491681296280285,139787115.13967055,-2.161214953271029,8.075922495749122
SNDK,2026-06-11 09:25,premarket,XNAS.BASIC,False,,09:20,False,1711.35,0.40990075006286375,0.40990075006286375,10501189.2843,6155.0,7240678.98,1.4503044967614347,0.07512272696812984,139787115.13967055,-2.161214953271029,8.075922495749122
SNDK,2026-06-11 09:25,premarket,XNAS.BASIC,False,,09:25,True,1678.98,-1.8914891752125462,-1.4893416534662363,14185715.2,8412.0,7992648.3797,1.7748453986827897,0.10148084954629841,139787115.13967055,-2.161214953271029,8.075922495749122
SNDK,2026-06-11 09:25,premarket,XNAS.BASIC,False,,09:30,False,1715.53,2.1769169376645303,0.6551535534842889,295950343.87839997,173046.0,137571484.2114,2.1512477354945605,2.1171503795803814,139787115.13967055,-2.161214953271029,8.075922495749122
SNDK,2026-06-11 09:25,premarket,XNAS.BASIC,False,,09:35,False,1694.41,-1.231106421922079,-0.5840185059081904,383032582.012,224061.0,307573555.6254,1.2453365219684331,2.7401136480231876,139787115.13967055,-2.161214953271029,8.075922495749122
SNDK,2026-06-24 16:00,postmarket,XNAS.BASIC,False,,15:50,False,1921.99,,0.0,166670377.54549998,87021.0,261477188.9501,0.6374184234377216,1.0766020091878505,154811505.20165762,11.363754617826103,15.885573068315171
SNDK,2026-06-24 16:00,postmarket,XNAS.BASIC,False,,15:55,False,1915.89,-0.3173793828271654,-0.3173793828271654,222772045.64000002,116385.0,354410872.5412,0.6285700098382364,1.4389889520796075,154811505.20165762,11.363754617826103,15.885573068315171
SNDK,2026-06-24 16:00,postmarket,XNAS.BASIC,False,,16:00,True,1985.0,3.6072008309454118,3.2783729363836445,100267588.28,51887.0,15607160.64,6.424460578884642,0.6476753013246098,154811505.20165762,11.363754617826103,15.885573068315171
SNDK,2026-06-24 16:00,postmarket,XNAS.BASIC,False,,16:05,False,2053.35,3.443324937027703,6.834582906258602,154018702.5688,76094.0,10006530.0756,15.391819282526356,0.9948789165777768,154811505.20165762,11.363754617826103,15.885573068315171
SNDK,2026-06-24 16:00,postmarket,XNAS.BASIC,False,,16:10,False,2053.0,-0.017045316190611448,6.816372613801325,213983488.4391,103909.0,12348205.623100001,17.329116065155038,1.3822195460238236,154811505.20165762,11.363754617826103,15.885573068315171
SNDK,2026-07-01 20:00,overnight,OCEA.MEMOIR,False,,19:50,False,,,,0.0,0.0,0.0,,0.0,177709014.85698187,0.4909983633387904,7.63261285390286
SNDK,2026-07-01 20:00,overnight,OCEA.MEMOIR,False,,19:55,False,,,,0.0,0.0,0.0,,0.0,177709014.85698187,0.4909983633387904,7.63261285390286
SNDK,2026-07-01 20:00,overnight,OCEA.MEMOIR,False,,20:00,True,1980.96,,,17454624.560000002,8748.0,0.0,,0.09822025390241051,177709014.85698187,0.4909983633387904,7.63261285390286
SNDK,2026-07-01 20:00,overnight,OCEA.MEMOIR,False,,20:05,False,2021.95,2.0691987723124194,,11649772.45,5790.0,0.0,,0.06555532626960765,177709014.85698187,0.4909983633387904,7.63261285390286
SNDK,2026-07-01 20:00,overnight,OCEA.MEMOIR,False,,20:10,False,2012.81,-0.45203887336482396,,5685766.85,2815.0,0.0,,0.03199481385103529,177709014.85698187,0.4909983633387904,7.63261285390286
SNDK,2026-07-05 20:00,overnight,OCEA.MEMOIR,False,,19:50,False,,,,0.0,0.0,0.0,,0.0,228470380.66569117,2.46364228348166,8.954624437377763
SNDK,2026-07-05 20:00,overnight,OCEA.MEMOIR,False,,19:55,False,,,,0.0,0.0,0.0,,0.0,228470380.66569117,2.46364228348166,8.954624437377763
SNDK,2026-07-05 20:00,overnight,OCEA.MEMOIR,False,,20:00,True,1888.15,,,77534866.03,41221.0,0.0,,0.3393650669469175,228470380.66569117,2.46364228348166,8.954624437377763
SNDK,2026-07-05 20:00,overnight,OCEA.MEMOIR,False,,20:05,False,1904.45,0.8632788708524242,,37036017.22,19509.0,0.0,,0.16210423912320118,228470380.66569117,2.46364228348166,8.954624437377763
SNDK,2026-07-05 20:00,overnight,OCEA.MEMOIR,False,,20:10,False,1915.0,0.5539657118853292,,37060322.08,19409.0,0.0,,0.16221061991500965,228470380.66569117,2.46364228348166,8.954624437377763
SNDK,2026-07-07 20:45,overnight,OCEA.MEMOIR,False,,20:35,False,1654.11,,0.0,11131604.82,6768.0,0.0,,0.09437785548124572,117947210.84981652,2.273540995345513,8.271367899285657
SNDK,2026-07-07 20:45,overnight,OCEA.MEMOIR,False,,20:40,False,1675.47,1.2913288717195437,1.2913288717195437,13493867.49,8094.0,0.0,,0.11440599055099226,117947210.84981652,2.273540995345513,8.271367899285657
SNDK,2026-07-07 20:45,overnight,OCEA.MEMOIR,False,,20:45,True,1711.48,2.149247673787058,3.4683304012429694,26475292.8,15600.0,0.0,,0.2244673071049665,117947210.84981652,2.273540995345513,8.271367899285657
SNDK,2026-07-07 20:45,overnight,OCEA.MEMOIR,False,,20:50,False,1706.02,-0.3190221328908338,3.1382435267304,23658154.88,13894.0,0.0,,0.20058257172460134,117947210.84981652,2.273540995345513,8.271367899285657
SNDK,2026-07-07 20:45,overnight,OCEA.MEMOIR,False,,20:55,False,1709.31,0.19284650824726857,3.3371420280392528,19351787.2,11359.0,0.0,,0.1640715966114777,117947210.84981652,2.273540995345513,8.271367899285657
SNDK,2026-07-13 20:10,overnight,OCEA.MEMOIR,False,,20:00,False,1633.9,,0.0,24142216.43,14607.0,0.0,,0.16214209219312697,148895429.33271316,2.0043864993298355,7.301805459714096
SNDK,2026-07-13 20:10,overnight,OCEA.MEMOIR,False,,20:05,False,1641.87,0.48778995042535467,0.48778995042535467,12165698.629999999,7435.0,0.0,,0.08170632694718405,148895429.33271316,2.0043864993298355,7.301805459714096
SNDK,2026-07-13 20:10,overnight,OCEA.MEMOIR,False,,20:10,True,1673.26,1.9118444213001018,2.4089601566803287,20967211.41,12607.0,0.0,,0.14081836832712893,148895429.33271316,2.0043864993298355,7.301805459714096
SNDK,2026-07-13 20:10,overnight,OCEA.MEMOIR,False,,20:15,False,1661.68,-0.6920622019291667,1.7002264520472377,11281332.08,6762.0,0.0,,0.07576681252445557,148895429.33271316,2.0043864993298355,7.301805459714096
SNDK,2026-07-13 20:10,overnight,OCEA.MEMOIR,False,,20:20,False,1672.81,0.6698040537287397,2.3814186914743685,7682227.6,4614.0,0.0,,0.051594784570812686,148895429.33271316,2.0043864993298355,7.301805459714096
SNDK,2026-07-14 08:30,premarket,XNAS.BASIC,False,,08:20,False,1745.0,,0.0,8866785.5,5091.0,10298291.976,0.8609957379984854,0.05279581795198762,167944845.70848835,1.5050453223875548,10.982261722029175
SNDK,2026-07-14 08:30,premarket,XNAS.BASIC,False,,08:25,False,1751.01,0.34441260744986213,0.34441260744986213,12554330.379999999,7173.0,18229914.37,0.6886664481902335,0.07475269828638434,167944845.70848835,1.5050453223875548,10.982261722029175
SNDK,2026-07-14 08:30,premarket,XNAS.BASIC,False,,08:30,True,1805.01,3.083934414994771,3.4389684813753485,123450206.517,68680.0,17771221.22,6.9466360802524525,0.7350639788688705,167944845.70848835,1.5050453223875548,10.982261722029175
SNDK,2026-07-14 08:30,premarket,XNAS.BASIC,False,,08:35,False,1778.01,-1.4958365881629465,1.8916905444126053,69397436.2176,38827.0,10837300.25,6.403572348897503,0.4132156359121445,167944845.70848835,1.5050453223875548,10.982261722029175
SNDK,2026-07-14 08:30,premarket,XNAS.BASIC,False,,08:40,False,1792.0,0.7868347197147463,2.693409742120334,36756303.4556,20553.0,13299401.629999999,2.7637561807808946,0.21885937195953045,167944845.70848835,1.5050453223875548,10.982261722029175
SNDK,2026-07-22 16:10,postmarket,XNAS.BASIC,False,,16:00,False,1592.5,,0.0,6939829.9318,4348.0,39576449.4,0.1753525148670866,0.045860021832805194,151326354.73007363,2.541734655453753,12.190541955732147
SNDK,2026-07-22 16:10,postmarket,XNAS.BASIC,False,,16:05,False,1592.0,-0.03139717425432176,-0.03139717425432176,29389674.59,18543.0,15362579.939199999,1.9130689445597415,0.1942138541724833,151326354.73007363,2.541734655453753,12.190541955732147
SNDK,2026-07-22 16:10,postmarket,XNAS.BASIC,False,,16:10,True,1631.2,2.4623115577889543,2.4301412872841377,40371558.5365,24908.0,14330260.5406,2.8172243220645354,0.26678471577876983,151326354.73007363,2.541734655453753,12.190541955732147
SNDK,2026-07-22 16:10,postmarket,XNAS.BASIC,False,,16:15,False,1626.7867,-0.27055541932319294,2.153010989010995,32855189.843200002,20208.0,15553807.63,2.11235670549437,0.21711479075673903,151326354.73007363,2.541734655453753,12.190541955732147
SNDK,2026-07-22 16:10,postmarket,XNAS.BASIC,False,,16:20,False,1631.0,0.2589952327493039,2.417582417582409,33810401.05,20743.0,10652437.25,3.173959184786561,0.22342705016788947,151326354.73007363,2.541734655453753,12.190541955732147
SNDK,2026-01-29 16:10,postmarket,XNAS.BASIC,True,2026-01-29,16:00,False,541.79,,0.0,9480523.515999999,17530.0,5872154.0887,1.6144882053152718,0.1479820192785268,64065374.71391085,3.669144919581524,17.501333630160822
SNDK,2026-01-29 16:10,postmarket,XNAS.BASIC,True,2026-01-29,16:05,False,592.98,9.448310230901292,9.448310230901292,270156405.41,459915.0,21047181.9638,12.835751877598353,4.21688636984339,64065374.71391085,3.669144919581524,17.501333630160822
SNDK,2026-01-29 16:10,postmarket,XNAS.BASIC,True,2026-01-29,16:10,True,618.0901,4.234561030726169,14.082965724727291,262065352.05,427286.0,11522599.120000001,22.74359711040611,4.09059266757237,64065374.71391085,3.669144919581524,17.501333630160822
SNDK,2026-01-29 16:10,postmarket,XNAS.BASIC,True,2026-01-29,16:15,False,612.6684,-0.8771698495089963,13.082264345964312,151564468.1068,245919.0,9042085.9,16.762113275964342,2.365778219258429,64065374.71391085,3.669144919581524,17.501333630160822
SNDK,2026-01-29 16:10,postmarket,XNAS.BASIC,True,2026-01-29,16:20,False,612.0,-0.10909653574430189,12.958895513021652,91467672.92,149331.0,16517373.809999999,5.537664399447288,1.4277239980013596,64065374.71391085,3.669144919581524,17.501333630160822
SPCX,2026-06-15 20:35,overnight,OCEA.MEMOIR,False,,20:25,False,207.88,,0.0,85960991.88,410640.0,0.0,,0.10289793935058222,835400518.4411266,2.6347420549064804,30.23890895506477
SPCX,2026-06-15 20:35,overnight,OCEA.MEMOIR,False,,20:30,False,207.96,0.03848374061958815,0.03848374061958815,55303511.91,266304.0,0.0,,0.0661999971141955,835400518.4411266,2.6347420549064804,30.23890895506477
SPCX,2026-06-15 20:35,overnight,OCEA.MEMOIR,False,,20:35,True,205.2,-1.3271783035199158,-1.289205310756214,26012527.4,125942.0,0.0,,0.03113779178463987,835400518.4411266,2.6347420549064804,30.23890895506477
SPCX,2026-06-15 20:35,overnight,OCEA.MEMOIR,False,,20:40,False,209.23,1.9639376218323568,0.6494131229555444,51469415.98,247802.0,0.0,,0.061610466888436834,835400518.4411266,2.6347420549064804,30.23890895506477
SPCX,2026-06-15 20:35,overnight,OCEA.MEMOIR,False,,20:45,False,213.35,1.969124886488549,2.631325764864334,51155753.260000005,242485.0,0.0,,0.06123500300844632,835400518.4411266,2.6347420549064804,30.23890895506477
SPCX,2026-06-18 23:15,overnight,OCEA.MEMOIR,False,,23:05,False,,,,0.0,0.0,0.0,,0.0,299779880.6605452,-0.3663404232052025,13.980294160010756
SPCX,2026-06-18 23:15,overnight,OCEA.MEMOIR,False,,23:10,False,,,,0.0,0.0,0.0,,0.0,299779880.6605452,-0.3663404232052025,13.980294160010756
SPCX,2026-06-18 23:15,overnight,OCEA.MEMOIR,False,,23:15,True,,,,0.0,0.0,0.0,,0.0,299779880.6605452,-0.3663404232052025,13.980294160010756
SPCX,2026-06-18 23:15,overnight,OCEA.MEMOIR,False,,23:20,False,,,,0.0,0.0,0.0,,0.0,299779880.6605452,-0.3663404232052025,13.980294160010756
SPCX,2026-06-18 23:15,overnight,OCEA.MEMOIR,False,,23:25,False,,,,0.0,0.0,0.0,,0.0,299779880.6605452,-0.3663404232052025,13.980294160010756
SPCX,2026-07-16 18:45,postmarket,XNAS.BASIC,False,,18:35,False,132.23,,0.0,851762.5922000001,6444.0,331702.72400000005,2.5678492534779425,0.013443059291454307,63360770.32267958,-4.741020793950845,32.444591679004816
SPCX,2026-07-16 18:45,postmarket,XNAS.BASIC,False,,18:40,False,132.09,-0.10587612493381249,-0.10587612493381249,1969043.9625,14902.0,1217304.2618,1.617544622400664,0.031076704914921045,63360770.32267958,-4.741020793950845,32.444591679004816
SPCX,2026-07-16 18:45,postmarket,XNAS.BASIC,False,,18:45,True,125.97,-4.633204633204635,-4.734175300612565,63036009.98289999,497835.0,612537.5098,102.90963242966447,0.9948744256402555,63360770.32267958,-4.741020793950845,32.444591679004816
SPCX,2026-07-16 18:45,postmarket,XNAS.BASIC,False,,18:50,False,126.49,0.41279669762641635,-4.340921122286923,39254424.5785,310190.0,433996.91189999995,90.44862648134435,0.6195383101971084,63360770.32267958,-4.741020793950845,32.444591679004816
SPCX,2026-07-16 18:45,postmarket,XNAS.BASIC,False,,18:55,False,126.9783,0.3860384220096602,-3.971640323678427,28310997.5195,222777.0,798650.0042,35.448566168679676,0.4468221799596123,63360770.32267958,-4.741020793950845,32.444591679004816
SPCX,2026-07-24 18:55,postmarket,XNAS.BASIC,False,,18:45,False,115.1099,,0.0,10560535.8346,91815.0,1838901.1302,5.742851348104522,0.1528988611868559,69068767.10935141,-2.7847444434835222,18.865564498031045
SPCX,2026-07-24 18:55,postmarket,XNAS.BASIC,False,,18:50,False,115.59,0.41707967776882793,0.41707967776882793,17177204.442,148603.0,1031374.4787999999,16.654672764431414,0.24869713418808562,69068767.10935141,-2.7847444434835222,18.865564498031045
SPCX,2026-07-24 18:55,postmarket,XNAS.BASIC,False,,18:55,True,112.3423,-2.809672116965145,-2.404311010608129,39253108.3306,349939.0,1084364.2133,36.19919197733635,0.5683192269590319,69068767.10935141,-2.7847444434835222,18.865564498031045
SPCX,2026-07-24 18:55,postmarket,XNAS.BASIC,False,,19:00,False,113.2,0.7634702155822071,-1.6591969934818707,15918024.195,141609.0,2952250.6364,5.391826831617039,0.23046631438777795,69068767.10935141,-2.7847444434835222,18.865564498031045
SPCX,2026-07-24 18:55,postmarket,XNAS.BASIC,False,,19:05,False,113.89,0.6095406360423938,-1.0597698373467357,9449466.311,83179.0,1406263.2223,6.719557307020388,0.13681243645249042,69068767.10935141,-2.7847444434835222,18.865564498031045
TSLA,2026-03-23 07:05,premarket,XNAS.BASIC,False,,06:55,False,358.38,,0.0,2636042.5599999996,7359.0,1398282.06,1.8852008728482146,0.01170137457417568,225276316.32420412,3.236597808814934,28.186808362550146
TSLA,2026-03-23 07:05,premarket,XNAS.BASIC,False,,07:00,False,358.93,0.15346838551257846,0.15346838551257846,7429174.26,20691.0,2137786.38,3.475171480884821,0.03297805282517306,225276316.32420412,3.236597808814934,28.186808362550146
TSLA,2026-03-23 07:05,premarket,XNAS.BASIC,False,,07:05,True,370.84,3.3181957484746283,3.4767565154305347,39493522.67,107388.0,2543727.81,15.525844594984399,0.1753114722151409,225276316.32420412,3.236597808814934,28.186808362550146
TSLA,2026-03-23 07:05,premarket,XNAS.BASIC,False,,07:10,False,372.24,0.3775213029878266,3.8674033149171283,42273443.81,113770.0,1171001.05,36.100261233753805,0.1876515228043884,225276316.32420412,3.236597808814934,28.186808362550146
TSLA,2026-03-23 07:05,premarket,XNAS.BASIC,False,,07:15,False,372.68,0.11820330969267712,3.9901780233271955,33532707.32,89988.0,2014451.92,16.64606982528528,0.14885145437011563,225276316.32420412,3.236597808814934,28.186808362550146
TSLA,2026-01-28 16:05,postmarket,XNAS.BASIC,True,2026-01-28,15:55,False,432.1701,,0.0,314398274.1274,726426.0,325987077.26199996,0.9644501149188626,2.112915354259643,148798329.04501936,4.069930069930061,43.01443214149257
TSLA,2026-01-28 16:05,postmarket,XNAS.BASIC,True,2026-01-28,16:00,False,429.035,-0.7254319537607912,-0.7254319537607912,115666607.035,269290.0,40715059.067600004,2.8408802463716554,0.7773380774995446,148798329.04501936,4.069930069930061,43.01443214149257
TSLA,2026-01-28 16:05,postmarket,XNAS.BASIC,True,2026-01-28,16:05,True,446.6,4.094071579241776,3.3389399220353333,428506697.7684,965458.0,11596521.965,36.9513117003267,2.8797816515718675,148798329.04501936,4.069930069930061,43.01443214149257
TSLA,2026-01-28 16:05,postmarket,XNAS.BASIC,True,2026-01-28,16:10,False,443.99,-0.5844155844155874,2.7350110523610915,171370433.117,386002.0,7206249.5712,23.78080739832926,1.151695951270739,148798329.04501936,4.069930069930061,43.01443214149257
TSLA,2026-01-28 16:05,postmarket,XNAS.BASIC,True,2026-01-28,16:15,False,446.4632,0.557039572963336,3.307285719211017,207265487.644,465644.0,11594188.283999998,17.876670842927982,1.3929288653590406,148798329.04501936,4.069930069930061,43.01443214149257
TSLA,2026-04-22 16:00,postmarket,XNAS.BASIC,True,2026-04-22,15:50,False,387.8,,0.0,364695728.8212,940763.0,201850840.4537,1.806758535171187,2.0552768925119644,177443599.03519765,4.111286035047868,43.44282803226394
TSLA,2026-04-22 16:00,postmarket,XNAS.BASIC,True,2026-04-22,15:55,False,387.63,-0.04383702939659839,-0.04383702939659839,372305811.36,960842.0,245991279.35500002,1.5134919105108209,2.098164224487746,177443599.03519765,4.111286035047868,43.44282803226394
TSLA,2026-04-22 16:00,postmarket,XNAS.BASIC,True,2026-04-22,16:00,True,403.8201,4.176689110749954,4.131021144920055,391212102.55550003,979032.0,32545410.835800003,12.020499742014813,2.2047123969678912,177443599.03519765,4.111286035047868,43.44282803226394
TSLA,2026-04-22 16:00,postmarket,XNAS.BASIC,True,2026-04-22,16:05,False,402.4,-0.3516664970366845,3.764827230531198,378137249.7884,942120.0,15174539.379999999,24.919191305851687,2.1310278412093795,177443599.03519765,4.111286035047868,43.44282803226394
TSLA,2026-04-22 16:00,postmarket,XNAS.BASIC,True,2026-04-22,16:10,False,405.25,0.7082504970179038,4.4997421351211875,289515743.42,715948.0,32423861.8982,8.929095008144985,1.631593052632864,177443599.03519765,4.111286035047868,43.44282803226394
TSLA,2026-07-22 16:00,postmarket,XNAS.BASIC,True,2026-07-22,15:50,False,373.13,,0.0,162544817.415,434720.0,140823525.9018,1.15424476396328,1.819942398264152,89313165.938677,-2.023469033172065,22.04177917848794
TSLA,2026-07-22 16:00,postmarket,XNAS.BASIC,True,2026-07-22,15:55,False,374.035,0.24254281349664897,0.24254281349664897,167064729.0456,446856.0,208008067.85,0.8031646597769213,1.8705498488353636,89313165.938677,-2.023469033172065,22.04177917848794
TSLA,2026-07-22 16:00,postmarket,XNAS.BASIC,True,2026-07-22,16:00,True,366.4,-2.0412528239336036,-1.80366092246671,42064960.2225,114400.0,2528001.8165,16.63960838475133,0.4709827468369229,89313165.938677,-2.023469033172065,22.04177917848794
TSLA,2026-07-22 16:00,postmarket,XNAS.BASIC,True,2026-07-22,16:05,False,365.275,-0.3070414847161529,-2.1051644199072794,162055721.3642,446522.0,8492306.5075,19.08265101136895,1.814466206197063,89313165.938677,-2.023469033172065,22.04177917848794
TSLA,2026-07-22 16:00,postmarket,XNAS.BASIC,True,2026-07-22,16:10,False,364.32,-0.26144685510915977,-2.361107388845707,84644859.9294,232549.0,20329098.033800002,4.163729241143209,0.9477310432318311,89313165.938677,-2.023469033172065,22.04177917848794
TSM,2026-05-31 20:00,overnight,OCEA.MEMOIR,False,,19:50,False,,,,0.0,0.0,0.0,,0.0,30083793.96152713,-2.1516583287011226,10.173404608031404
TSM,2026-05-31 20:00,overnight,OCEA.MEMOIR,False,,19:55,False,,,,0.0,0.0,0.0,,0.0,30083793.96152713,-2.1516583287011226,10.173404608031404
TSM,2026-05-31 20:00,overnight,OCEA.MEMOIR,False,,20:00,True,422.51,,,626642.82,1485.0,0.0,,0.020829913301539906,30083793.96152713,-2.1516583287011226,10.173404608031404
TSM,2026-05-31 20:00,overnight,OCEA.MEMOIR,False,,20:05,False,423.57,0.2508816359376054,,392341.14999999997,926.0,0.0,,0.013041611390562912,30083793.96152713,-2.1516583287011226,10.173404608031404
TSM,2026-05-31 20:00,overnight,OCEA.MEMOIR,False,,20:10,False,422.91,-0.15581840073658482,,1310333.55,3091.0,0.0,,0.04355612698570297,30083793.96152713,-2.1516583287011226,10.173404608031404
URNM,2026-02-12 09:15,premarket,XNAS.BASIC,False,,09:05,False,,,,0.0,0.0,6487.365000000001,0.0,0.0,439679.8008204134,3.312309668480351,11.88296906047814
URNM,2026-02-12 09:15,premarket,XNAS.BASIC,False,,09:10,False,,,,0.0,0.0,218.91479999999999,0.0,0.0,439679.8008204134,3.312309668480351,11.88296906047814
URNM,2026-02-12 09:15,premarket,XNAS.BASIC,False,,09:15,True,72.1609,,,21070.7281,292.0,4000.63,5.266852495731922,0.04792289311604358,439679.8008204134,3.312309668480351,11.88296906047814
URNM,2026-02-12 09:15,premarket,XNAS.BASIC,False,,09:20,False,72.41,0.34520079433599804,,72.41,1.0,0.0,,0.00016468802948165398,439679.8008204134,3.312309668480351,11.88296906047814
URNM,2026-02-12 09:15,premarket,XNAS.BASIC,False,,09:25,False,,,,0.0,0.0,0.0,,0.0,439679.8008204134,3.312309668480351,11.88296906047814
URNM,2026-03-08 20:40,overnight,OCEA.MEMOIR,False,,20:30,False,61.94,,0.0,9881.98,159.0,0.0,,0.03292888915522031,300100.61843927647,-5.883767535070139,6.133649160020648
URNM,2026-03-08 20:40,overnight,OCEA.MEMOIR,False,,20:35,False,61.91,-0.048433968356476065,-0.048433968356476065,994.02,16.0,0.0,,0.003312289075475977,300100.61843927647,-5.883767535070139,6.133649160020648
URNM,2026-03-08 20:40,overnight,OCEA.MEMOIR,False,,20:40,True,60.57,-2.1644322403488903,-2.2118178882789774,18999.91,313.0,0.0,,0.06331179888536123,300100.61843927647,-5.883767535070139,6.133649160020648
URNM,2026-03-08 20:40,overnight,OCEA.MEMOIR,False,,20:45,False,59.03,-2.5425127951130944,-4.6980949305779784,75071.56,1247.0,0.0,,0.2501546327709094,300100.61843927647,-5.883767535070139,6.133649160020648
URNM,2026-03-08 20:40,overnight,OCEA.MEMOIR,False,,20:50,False,60.57,2.608842961206159,-2.2118178882789774,40451.72,670.0,0.0,,0.1347938575081116,300100.61843927647,-5.883767535070139,6.133649160020648
URNM,2026-03-18 20:20,overnight,OCEA.MEMOIR,False,,20:10,False,61.44,,0.0,14254.08,232.0,0.0,,0.05938240253496936,240038.789127907,-3.5794294817543704,7.283340804773979
URNM,2026-03-18 20:20,overnight,OCEA.MEMOIR,False,,20:15,False,60.84,-0.9765624999999889,-0.9765624999999889,39809.32,654.0,0.0,,0.16584536251258633,240038.789127907,-3.5794294817543704,7.283340804773979
URNM,2026-03-18 20:20,overnight,OCEA.MEMOIR,False,,20:20,True,61.01,0.2794214332675793,-0.699869791666663,61.01,1.0,0.0,,0.00025416725447440175,240038.789127907,-3.5794294817543704,7.283340804773979
URNM,2026-03-18 20:20,overnight,OCEA.MEMOIR,False,,20:25,False,61.57,0.9178823143747072,0.21158854166667407,61.57,1.0,0.0,,0.000256500210752154,240038.789127907,-3.5794294817543704,7.283340804773979
URNM,2026-03-18 20:20,overnight,OCEA.MEMOIR,False,,20:30,False,,,,0.0,0.0,0.0,,0.0,240038.789127907,-3.5794294817543704,7.283340804773979
USAR,2026-03-23 07:10,premarket,XNAS.BASIC,False,,07:00,False,15.63,,0.0,11943.55,764.0,8084.88,1.4772699161892322,0.006750769051204896,1769213.2421369506,3.113699049954022,8.2939835753801
USAR,2026-03-23 07:10,premarket,XNAS.BASIC,False,,07:05,False,16.32,4.414587332053732,4.414587332053732,241696.26,15013.0,2291.0400000000004,105.49630735386548,0.136612282930952,1769213.2421369506,3.113699049954022,8.2939835753801
USAR,2026-03-23 07:10,premarket,XNAS.BASIC,False,,07:10,True,16.7,2.3284313725490113,6.845809341010867,118201.2,7112.0,27218.4,4.342694647738294,0.06681003577456285,1769213.2421369506,3.113699049954022,8.2939835753801
USAR,2026-03-23 07:10,premarket,XNAS.BASIC,False,,07:15,False,17.08,2.2754491017964007,9.277031349968002,92687.7,5457.0,1915.06,48.39937129907157,0.0523892189999928,1769213.2421369506,3.113699049954022,8.2939835753801
USAR,2026-03-23 07:10,premarket,XNAS.BASIC,False,,07:20,False,16.9,-1.0538641686182681,8.125399872040928,262658.74,15469.0,50300.32000000001,5.221810517308835,0.1484607585701465,1769213.2421369506,3.113699049954022,8.2939835753801
USAR,2026-06-03 08:20,premarket,XNAS.BASIC,False,,08:10,False,29.99,,0.0,24549.629999999997,819.0,127045.51400000001,0.19323492209256593,0.006466953485763664,3796166.1629457357,3.0260957369600217,8.064077500969143
USAR,2026-06-03 08:20,premarket,XNAS.BASIC,False,,08:15,False,31.6973,5.692897632544192,5.692897632544192,6090604.2532,191685.0,22265.03,273.5502378932344,1.6044092886792485,3796166.1629457357,3.0260957369600217,8.064077500969143
USAR,2026-06-03 08:20,premarket,XNAS.BASIC,False,,08:20,True,32.64,2.9740703466856866,8.836278759586547,6315381.59,195925.0,60580.5046,104.24775481318787,1.6636209583353465,3796166.1629457357,3.0260957369600217,8.064077500969143
USAR,2026-06-03 08:20,premarket,XNAS.BASIC,False,,08:25,False,32.14,-1.5318627450980338,7.169056352117376,4491832.9599,139550.0,111279.28,40.365402794662224,1.1832550966142228,3796166.1629457357,3.0260957369600217,8.064077500969143
USAR,2026-06-03 08:20,premarket,XNAS.BASIC,False,,08:30,False,32.4582,0.9900435594274892,8.230076692230748,2378285.246,73679.0,36587.3616,65.0029174555183,0.626496613666275,3796166.1629457357,3.0260957369600217,8.064077500969143
USAR,2026-06-17 06:40,premarket,XNAS.BASIC,False,,06:30,False,,,,0.0,0.0,36184.752799999995,0.0,0.0,1991879.499117571,2.474797929343397,6.61275034665208
USAR,2026-06-17 06:40,premarket,XNAS.BASIC,False,,06:35,False,22.07,,,89448.2185,4053.0,0.0,,0.04490644064544404,1991879.499117571,2.474797929343397,6.61275034665208
USAR,2026-06-17 06:40,premarket,XNAS.BASIC,False,,06:40,True,22.7,2.854553692795636,,249696.696,11031.0,3470.3811,71.95079987036581,0.1253573301550716,1991879.499117571,2.474797929343397,6.61275034665208
USAR,2026-06-17 06:40,premarket,XNAS.BASIC,False,,06:45,False,22.469,-1.0176211453744366,,7975.655,354.0,23793.618,0.33520143931032265,0.0040040850882462125,1991879.499117571,2.474797929343397,6.61275034665208
USAR,2026-06-17 06:40,premarket,XNAS.BASIC,False,,06:50,False,22.33,-0.6186301125995941,,136796.93,6110.0,21754.46,6.288224575558299,0.06867731208670146,1991879.499117571,2.474797929343397,6.61275034665208
USAR,2026-05-13 16:35,postmarket,XNAS.BASIC,True,2026-05-13,16:25,False,25.1,,0.0,451743.4845,18132.0,1868564.4379,0.2417596499951028,0.14773891014417576,3057715.0194160203,-4.0494601964959465,5.558995044272133
USAR,2026-05-13 16:35,postmarket,XNAS.BASIC,True,2026-05-13,16:30,False,26.79,6.733067729083664,6.733067729083664,2527019.52,95713.0,304394.3446,8.301795236441459,0.8264404968918996,3057715.0194160203,-4.0494601964959465,5.558995044272133
USAR,2026-05-13 16:35,postmarket,XNAS.BASIC,True,2026-05-13,16:35,True,25.8,-3.6954087346024567,2.7888446215139417,3388287.5069,128797.0,42352.880000000005,80.00134835930874,1.1081109538936413,3057715.0194160203,-4.0494601964959465,5.558995044272133
USAR,2026-05-13 16:35,postmarket,XNAS.BASIC,True,2026-05-13,16:40,False,25.974,0.6744186046511613,3.4820717131474055,676168.1036,26087.0,93187.26,7.25601443373268,0.2211350957517089,3057715.0194160203,-4.0494601964959465,5.558995044272133
USAR,2026-05-13 16:35,postmarket,XNAS.BASIC,True,2026-05-13,16:45,False,26.0,0.10010010010010895,3.585657370517925,659866.8632,25450.0,122410.5685,5.3906036977518,0.215803912074849,3057715.0194160203,-4.0494601964959465,5.558995044272133
WDC,2026-06-24 16:05,postmarket,XNAS.BASIC,False,,15:55,False,641.71,,0.0,133857728.47,208855.0,139416258.21,0.9601299747148048,2.5578339484212327,52332454.40057623,4.225223580945414,7.830282539810913
WDC,2026-06-24 16:05,postmarket,XNAS.BASIC,False,,16:00,False,657.6,2.476196412709797,2.476196412709797,10307667.0,15763.0,7082269.0206,1.4554187323325862,0.19696509781674798,52332454.40057623,4.225223580945414,7.830282539810913
WDC,2026-06-24 16:05,postmarket,XNAS.BASIC,False,,16:05,True,686.0899,4.332405717761545,6.915881005438584,26629046.4434,39567.0,6139764.09,4.337144889128794,0.5088438283358403,52332454.40057623,4.225223580945414,7.830282539810913
WDC,2026-06-24 16:05,postmarket,XNAS.BASIC,False,,16:10,False,695.4729,1.3676050325183375,8.378067974630277,53876372.6641,77789.0,4134302.382,13.03155107828298,1.0295021183548152,52332454.40057623,4.225223580945414,7.830282539810913
WDC,2026-06-24 16:05,postmarket,XNAS.BASIC,False,,16:15,False,700.0,0.6509383758878329,9.083542410122947,21387848.926,30835.0,5377234.2039,3.9774813807603584,0.40869187526133877,52332454.40057623,4.225223580945414,7.830282539810913
